customer_id,age,gender,item_purchased,category,purchase_amount_usd,location,size,color,season,review_rating,subscription_status,payment_method,discount_applied,previous_purchases,frequency_of_purchases,rating_was_imputed,age_group,spend_tier,loyalty_segment,is_repeat_customer,frequency_days,discount_flag,subscribed,rating_band
1,54,Male,Scarf,Accessories,100.0,Ohio,M,Olive,Fall,3.4,No,Bank Transfer,Yes,19,Annually,0,45-54,High,Regular (16-30),1,365,1,0,Low (<3.5)
2,70,Female,Dress,Clothing,51.0,Maine,M,Teal,Spring,4.7,No,Debit Card,No,27,Every 3 Months,0,65+,Mid-Low,Regular (16-30),1,90,0,0,High (4.5+)
3,62,Male,Handbag,Accessories,71.0,Nevada,L,Black,Summer,2.5,No,Bank Transfer,Yes,13,Annually,0,55-64,Mid-High,Occasional (6-15),1,365,1,0,Low (<3.5)
4,63,Male,Backpack,Accessories,83.0,Alabama,S,Black,Spring,4.8,No,Credit Card,No,13,Quarterly,0,55-64,High,Occasional (6-15),1,90,0,0,High (4.5+)
5,23,Male,T-shirt,Clothing,83.0,Montana,M,Olive,Winter,3.4,Yes,PayPal,Yes,31,Fortnightly,0,18-24,High,Loyal (31+),1,14,1,1,Low (<3.5)
6,19,Female,Hoodie,Outerwear,36.0,Idaho,M,Gray,Fall,3.4,No,Bank Transfer,Yes,29,Bi-Weekly,0,18-24,Low,Regular (16-30),1,14,1,0,Low (<3.5)
7,68,Female,Sunglasses,Accessories,97.0,California,M,Olive,Winter,4.3,No,Credit Card,Yes,40,Annually,0,65+,High,Loyal (31+),1,365,1,0,Medium (3.5-4.4)
8,31,Male,Hat,Accessories,60.0,New York,M,Teal,Summer,3.5,Yes,Debit Card,No,45,Fortnightly,0,25-34,Mid-Low,Loyal (31+),1,14,0,1,Medium (3.5-4.4)
9,40,Female,Dress,Clothing,23.0,Maine,M,Black,Winter,4.0,Yes,Venmo,Yes,13,Quarterly,0,35-44,Low,Occasional (6-15),1,90,1,1,Medium (3.5-4.4)
10,20,Male,Sneakers,Footwear,29.0,Minnesota,M,Teal,Winter,4.8,Yes,Cash,Yes,15,Quarterly,0,18-24,Low,Occasional (6-15),1,90,1,1,High (4.5+)
11,51,Male,Skirt,Clothing,78.0,Texas,S,Black,Fall,4.6,No,Credit Card,No,27,Fortnightly,0,45-54,Mid-High,Regular (16-30),1,14,0,0,High (4.5+)
12,61,Male,Hoodie,Outerwear,54.0,Idaho,M,Gray,Winter,3.8,Yes,Credit Card,Yes,10,Weekly,0,55-64,Mid-Low,Occasional (6-15),1,7,1,1,Medium (3.5-4.4)
13,62,Female,Jewelry,Accessories,28.0,Texas,M,Pink,Fall,4.3,No,Bank Transfer,Yes,37,Weekly,0,55-64,Low,Loyal (31+),1,7,1,0,Medium (3.5-4.4)
14,48,Male,Backpack,Accessories,62.0,Vermont,S,Olive,Fall,3.5,No,Credit Card,Yes,1,Every 3 Months,0,45-54,Mid-High,New (0-5),0,90,1,0,Medium (3.5-4.4)
15,53,Male,Shoes,Footwear,68.0,Minnesota,M,White,Spring,4.4,No,Debit Card,Yes,19,Bi-Weekly,0,45-54,Mid-High,Regular (16-30),1,14,1,0,Medium (3.5-4.4)
16,45,Male,Socks,Clothing,26.0,Nevada,L,Gray,Winter,2.9,Yes,Credit Card,Yes,50,Fortnightly,0,45-54,Low,Loyal (31+),1,14,1,1,Low (<3.5)
17,41,Male,Shoes,Footwear,48.0,Vermont,XL,Teal,Spring,2.6,No,Cash,Yes,37,Annually,0,35-44,Mid-Low,Loyal (31+),1,365,1,0,Low (<3.5)
18,47,Male,Skirt,Clothing,57.0,Texas,M,White,Fall,3.9,No,Credit Card,No,26,Quarterly,0,45-54,Mid-Low,Regular (16-30),1,90,0,0,Medium (3.5-4.4)
19,67,Female,Handbag,Accessories,83.0,New York,M,Teal,Fall,3.0,No,Venmo,No,1,Weekly,0,65+,High,New (0-5),0,7,0,0,Low (<3.5)
20,31,Male,Backpack,Accessories,72.0,California,M,Olive,Spring,4.3,No,Credit Card,No,41,Bi-Weekly,0,25-34,Mid-High,Loyal (31+),1,14,0,0,Medium (3.5-4.4)
21,42,Male,Sunglasses,Accessories,27.0,Utah,XL,Black,Winter,2.8,No,Venmo,No,23,Monthly,0,35-44,Low,Regular (16-30),1,30,0,0,Low (<3.5)
22,49,Male,Skirt,Clothing,69.0,Texas,M,Blue,Spring,2.5,No,Bank Transfer,Yes,43,Monthly,0,45-54,Mid-High,Loyal (31+),1,30,1,0,Low (<3.5)
23,48,Male,Jacket,Outerwear,93.0,Montana,M,Pink,Fall,4.2,No,Debit Card,Yes,40,Every 3 Months,0,45-54,High,Loyal (31+),1,90,1,0,Medium (3.5-4.4)
24,19,Male,Scarf,Accessories,24.0,Ohio,L,Blue,Winter,3.8,No,Venmo,No,50,Every 3 Months,0,18-24,Low,Loyal (31+),1,90,0,0,Medium (3.5-4.4)
25,33,Female,Backpack,Accessories,99.0,Vermont,S,Teal,Spring,4.9,No,Bank Transfer,Yes,6,Weekly,0,25-34,High,Occasional (6-15),0,7,1,0,High (4.5+)
26,52,Male,Socks,Clothing,27.0,Utah,M,Red,Summer,3.1,No,Debit Card,No,43,Bi-Weekly,0,45-54,Low,Loyal (31+),1,14,0,0,Low (<3.5)
27,54,Female,Sneakers,Footwear,70.0,Illinois,M,Blue,Fall,2.8,Yes,Debit Card,No,36,Quarterly,0,45-54,Mid-High,Loyal (31+),1,90,0,1,Low (<3.5)
28,56,Male,Pants,Clothing,48.0,New York,L,Pink,Winter,2.6,No,Venmo,No,15,Weekly,0,55-64,Mid-Low,Occasional (6-15),1,7,0,0,Low (<3.5)
29,70,Female,Skirt,Clothing,79.0,Vermont,L,Pink,Summer,3.6,No,Cash,Yes,43,Monthly,0,65+,Mid-High,Loyal (31+),1,30,1,0,Medium (3.5-4.4)
30,53,Male,Scarf,Accessories,88.0,Maine,M,White,Spring,2.8,No,Venmo,Yes,29,Weekly,0,45-54,High,Regular (16-30),1,7,1,0,Low (<3.5)
31,48,Female,Sunglasses,Accessories,89.0,Ohio,L,Pink,Spring,4.4,No,Credit Card,Yes,33,Quarterly,0,45-54,High,Loyal (31+),1,90,1,0,Medium (3.5-4.4)
32,35,Female,Jacket,Outerwear,90.0,Alabama,M,Blue,Spring,2.7,No,Bank Transfer,Yes,49,Weekly,0,35-44,High,Loyal (31+),1,7,1,0,Low (<3.5)
33,37,Male,Shirt,Clothing,86.0,Maine,S,Teal,Winter,4.8,No,Bank Transfer,Yes,29,Every 3 Months,0,35-44,High,Regular (16-30),1,90,1,0,High (4.5+)
34,61,Female,Skirt,Clothing,45.0,Texas,L,Black,Winter,3.9,No,PayPal,No,32,Monthly,0,55-64,Mid-Low,Loyal (31+),1,30,0,0,Medium (3.5-4.4)
35,42,Male,Slippers,Footwear,57.0,Ohio,L,Olive,Summer,4.2,No,Debit Card,Yes,44,Annually,0,35-44,Mid-Low,Loyal (31+),1,365,1,0,Medium (3.5-4.4)
36,55,Male,Skirt,Clothing,78.0,Utah,XL,White,Winter,2.8,No,Debit Card,Yes,39,Weekly,0,55-64,Mid-High,Loyal (31+),1,7,1,0,Low (<3.5)
37,24,Male,Pants,Clothing,33.0,New York,L,Olive,Winter,2.7,No,Bank Transfer,Yes,33,Annually,0,18-24,Low,Loyal (31+),1,365,1,0,Low (<3.5)
38,24,Female,Boots,Footwear,66.0,Florida,M,Teal,Winter,3.4,No,Bank Transfer,No,46,Bi-Weekly,0,18-24,Mid-High,Loyal (31+),1,14,0,0,Low (<3.5)
39,29,Female,T-shirt,Clothing,62.0,Montana,M,Olive,Spring,3.8,No,Debit Card,Yes,46,Monthly,0,25-34,Mid-High,Loyal (31+),1,30,1,0,Medium (3.5-4.4)
40,28,Male,Scarf,Accessories,99.0,Oregon,M,Red,Spring,3.9,Yes,Bank Transfer,Yes,31,Quarterly,0,25-34,High,Loyal (31+),1,90,1,1,Medium (3.5-4.4)
41,50,Female,Shirt,Clothing,24.0,Ohio,S,Pink,Fall,3.3,No,PayPal,No,5,Quarterly,0,45-54,Low,New (0-5),0,90,0,0,Low (<3.5)
42,51,Male,Sunglasses,Accessories,27.0,Utah,M,White,Summer,3.2,No,Cash,Yes,35,Annually,0,45-54,Low,Loyal (31+),1,365,1,0,Low (<3.5)
43,47,Male,Backpack,Accessories,22.0,Minnesota,M,Gray,Spring,5.0,No,Credit Card,Yes,17,Every 3 Months,0,45-54,Low,Regular (16-30),1,90,1,0,High (4.5+)
44,33,Male,Socks,Clothing,64.0,Utah,S,Teal,Fall,3.2,No,Bank Transfer,Yes,30,Fortnightly,0,25-34,Mid-High,Regular (16-30),1,14,1,0,Low (<3.5)
45,48,Male,Sunglasses,Accessories,64.0,Texas,L,Blue,Summer,2.8,No,PayPal,No,19,Fortnightly,0,45-54,Mid-High,Regular (16-30),1,14,0,0,Low (<3.5)
46,24,Male,Belt,Accessories,67.0,Illinois,S,Black,Winter,3.4,No,Venmo,No,17,Annually,0,18-24,Mid-High,Regular (16-30),1,365,0,0,Low (<3.5)
47,43,Male,Jeans,Clothing,39.0,Idaho,M,Red,Fall,3.3,No,Credit Card,No,49,Every 3 Months,0,35-44,Low,Loyal (31+),1,90,0,0,Low (<3.5)
48,26,Male,Shorts,Clothing,44.0,Illinois,L,Red,Spring,3.6,No,PayPal,No,13,Annually,0,25-34,Mid-Low,Occasional (6-15),1,365,0,0,Medium (3.5-4.4)
49,22,Male,Jewelry,Accessories,53.0,Alabama,M,Pink,Winter,4.1,No,Debit Card,No,9,Annually,0,18-24,Mid-Low,Occasional (6-15),0,365,0,0,Medium (3.5-4.4)
50,26,Female,Jeans,Clothing,23.0,Ohio,S,Pink,Fall,4.0,No,PayPal,Yes,32,Quarterly,0,25-34,Low,Loyal (31+),1,90,1,0,Medium (3.5-4.4)
51,23,Male,Pants,Clothing,80.0,Georgia,M,Blue,Summer,4.2,No,Venmo,No,33,Annually,0,18-24,Mid-High,Loyal (31+),1,365,0,0,Medium (3.5-4.4)
52,43,Female,Skirt,Clothing,24.0,Vermont,L,Pink,Spring,2.9,Yes,Cash,No,50,Every 3 Months,0,35-44,Low,Loyal (31+),1,90,0,1,Low (<3.5)
53,46,Male,Sunglasses,Accessories,74.0,Florida,L,White,Fall,2.6,Yes,Venmo,Yes,3,Annually,0,45-54,Mid-High,New (0-5),0,365,1,1,Low (<3.5)
54,50,Male,Hat,Accessories,56.0,Nevada,M,White,Fall,4.5,No,PayPal,No,46,Monthly,0,45-54,Mid-Low,Loyal (31+),1,30,0,0,High (4.5+)
55,41,Male,Handbag,Accessories,100.0,Texas,S,Gray,Winter,3.0,No,Cash,Yes,42,Annually,0,35-44,High,Loyal (31+),1,365,1,0,Low (<3.5)
56,27,Female,Backpack,Accessories,76.0,Minnesota,M,Olive,Spring,3.3,No,Credit Card,Yes,11,Weekly,0,25-34,Mid-High,Occasional (6-15),1,7,1,0,Low (<3.5)
57,19,Male,Sandals,Footwear,58.0,Illinois,M,Pink,Summer,3.6,No,Venmo,Yes,41,Annually,0,18-24,Mid-Low,Loyal (31+),1,365,1,0,Medium (3.5-4.4)
58,55,Male,Sandals,Footwear,76.0,Ohio,L,Gray,Winter,4.3,No,Credit Card,Yes,43,Annually,0,55-64,Mid-High,Loyal (31+),1,365,1,0,Medium (3.5-4.4)
59,70,Female,Blouse,Clothing,29.0,Georgia,L,White,Fall,2.9,Yes,Debit Card,No,6,Every 3 Months,0,65+,Low,Occasional (6-15),0,90,0,1,Low (<3.5)
60,32,Female,Shorts,Clothing,34.0,California,L,Olive,Spring,4.8,Yes,Bank Transfer,No,2,Annually,0,25-34,Low,New (0-5),0,365,0,1,High (4.5+)
61,28,Male,Handbag,Accessories,60.0,California,XL,Red,Winter,3.3,No,Cash,Yes,34,Bi-Weekly,0,25-34,Mid-Low,Loyal (31+),1,14,1,0,Low (<3.5)
62,34,Male,Shoes,Footwear,89.0,Idaho,M,Blue,Fall,5.0,No,Bank Transfer,No,30,Bi-Weekly,0,25-34,High,Regular (16-30),1,14,0,0,High (4.5+)
63,29,Male,Boots,Footwear,86.0,Illinois,XL,Blue,Summer,3.2,No,Cash,No,44,Weekly,0,25-34,High,Loyal (31+),1,7,0,0,Low (<3.5)
64,29,Male,Hat,Accessories,50.0,Idaho,L,Pink,Winter,4.3,No,Bank Transfer,Yes,47,Fortnightly,0,25-34,Mid-Low,Loyal (31+),1,14,1,0,Medium (3.5-4.4)
65,44,Female,Sunglasses,Accessories,42.0,Idaho,M,White,Fall,3.4,No,Venmo,No,6,Annually,0,35-44,Mid-Low,Occasional (6-15),0,365,0,0,Low (<3.5)
66,59,Male,Shoes,Footwear,98.0,Montana,L,Gray,Summer,4.6,No,Venmo,No,48,Weekly,0,55-64,High,Loyal (31+),1,7,0,0,High (4.5+)
67,55,Male,Boots,Footwear,65.0,Minnesota,L,Black,Winter,3.7,No,Cash,Yes,43,Fortnightly,0,55-64,Mid-High,Loyal (31+),1,14,1,0,Medium (3.5-4.4)
68,68,Male,Blouse,Clothing,29.0,Oregon,XL,Olive,Summer,4.7,No,Bank Transfer,No,31,Monthly,0,65+,Low,Loyal (31+),1,30,0,0,High (4.5+)
69,36,Male,Sweater,Clothing,38.0,Idaho,M,White,Spring,4.4,No,Debit Card,No,19,Bi-Weekly,0,35-44,Low,Regular (16-30),1,14,0,0,Medium (3.5-4.4)
70,44,Female,Shirt,Clothing,87.0,Minnesota,M,Teal,Fall,4.0,No,Cash,No,32,Annually,0,35-44,High,Loyal (31+),1,365,0,0,Medium (3.5-4.4)
71,38,Male,Blouse,Clothing,92.0,Vermont,L,Teal,Spring,3.1,No,Debit Card,No,29,Weekly,0,35-44,High,Regular (16-30),1,7,0,0,Low (<3.5)
72,20,Male,Jeans,Clothing,93.0,Idaho,S,Pink,Fall,3.1,Yes,Cash,No,20,Weekly,0,18-24,High,Regular (16-30),1,7,0,1,Low (<3.5)
73,38,Male,Scarf,Accessories,20.0,Vermont,L,Blue,Fall,5.0,No,Bank Transfer,Yes,4,Fortnightly,0,35-44,Low,New (0-5),0,14,1,0,High (4.5+)
74,31,Male,Pants,Clothing,86.0,Ohio,M,Pink,Fall,4.8,No,Cash,No,37,Quarterly,0,25-34,High,Loyal (31+),1,90,0,0,High (4.5+)
75,43,Male,Jeans,Clothing,29.0,Oregon,S,White,Spring,2.8,No,Debit Card,No,16,Bi-Weekly,0,35-44,Low,Regular (16-30),1,14,0,0,Low (<3.5)
76,26,Male,Sweater,Clothing,85.0,Minnesota,S,Blue,Fall,3.0,Yes,PayPal,Yes,13,Every 3 Months,0,25-34,High,Occasional (6-15),1,90,1,1,Low (<3.5)
77,57,Male,Shirt,Clothing,91.0,Minnesota,L,White,Summer,2.8,No,Venmo,No,19,Weekly,0,55-64,High,Regular (16-30),1,7,0,0,Low (<3.5)
78,62,Female,Scarf,Accessories,49.0,New York,S,Black,Spring,3.0,No,Venmo,No,2,Bi-Weekly,0,55-64,Mid-Low,New (0-5),0,14,0,0,Low (<3.5)
79,68,Female,Boots,Footwear,35.0,Idaho,L,Blue,Summer,3.2,No,Venmo,No,20,Quarterly,0,65+,Low,Regular (16-30),1,90,0,0,Low (<3.5)
80,22,Female,Jewelry,Accessories,77.0,Minnesota,L,Gray,Winter,4.6,No,Cash,Yes,42,Quarterly,0,18-24,Mid-High,Loyal (31+),1,90,1,0,High (4.5+)
81,24,Male,Belt,Accessories,25.0,Utah,L,Pink,Winter,2.7,Yes,Credit Card,Yes,37,Monthly,0,18-24,Low,Loyal (31+),1,30,1,1,Low (<3.5)
82,69,Male,Blouse,Clothing,66.0,Montana,M,Black,Spring,4.7,No,Bank Transfer,No,4,Monthly,0,65+,Mid-High,New (0-5),0,30,0,0,High (4.5+)
83,62,Male,Gloves,Accessories,46.0,Texas,S,Red,Winter,4.9,No,PayPal,No,17,Weekly,0,55-64,Mid-Low,Regular (16-30),1,7,0,0,High (4.5+)
84,49,Female,Dress,Clothing,54.0,Oregon,L,Olive,Fall,3.2,No,PayPal,Yes,34,Weekly,0,45-54,Mid-Low,Loyal (31+),1,7,1,0,Low (<3.5)
85,35,Male,Socks,Clothing,86.0,Idaho,S,White,Spring,3.6,No,Debit Card,Yes,47,Weekly,0,35-44,High,Loyal (31+),1,7,1,0,Medium (3.5-4.4)
86,45,Male,Dress,Clothing,100.0,California,M,Olive,Winter,3.8,Yes,Credit Card,No,22,Monthly,0,45-54,High,Regular (16-30),1,30,0,1,Medium (3.5-4.4)
87,46,Male,Belt,Accessories,52.0,Ohio,XL,Gray,Fall,3.0,No,Debit Card,Yes,50,Annually,0,45-54,Mid-Low,Loyal (31+),1,365,1,0,Low (<3.5)
88,62,Male,Boots,Footwear,43.0,Illinois,M,Gray,Winter,4.3,No,Cash,No,3,Weekly,0,55-64,Mid-Low,New (0-5),0,7,0,0,Medium (3.5-4.4)
89,46,Female,Socks,Clothing,87.0,Vermont,M,Black,Spring,3.9,No,Debit Card,No,46,Weekly,0,45-54,High,Loyal (31+),1,7,0,0,Medium (3.5-4.4)
90,19,Male,Sandals,Footwear,53.0,Illinois,XL,White,Spring,2.8,Yes,PayPal,Yes,8,Quarterly,0,18-24,Mid-Low,Occasional (6-15),0,90,1,1,Low (<3.5)
91,55,Male,Jeans,Clothing,36.0,Idaho,S,Teal,Winter,4.7,No,Debit Card,No,37,Monthly,0,55-64,Low,Loyal (31+),1,30,0,0,High (4.5+)
92,59,Female,Gloves,Accessories,93.0,Minnesota,S,Teal,Spring,3.3,No,Bank Transfer,No,6,Bi-Weekly,0,55-64,High,Occasional (6-15),0,14,0,0,Low (<3.5)
93,33,Male,Sneakers,Footwear,100.0,Minnesota,M,Red,Fall,2.9,Yes,Venmo,Yes,50,Weekly,0,25-34,High,Loyal (31+),1,7,1,1,Low (<3.5)
94,24,Male,Jeans,Clothing,43.0,Idaho,L,Gray,Fall,5.0,No,Venmo,Yes,11,Every 3 Months,0,18-24,Mid-Low,Occasional (6-15),1,90,1,0,High (4.5+)
95,25,Male,T-shirt,Clothing,32.0,Florida,L,Gray,Winter,2.8,No,Venmo,No,19,Quarterly,0,25-34,Low,Regular (16-30),1,90,0,0,Low (<3.5)
96,62,Male,Jewelry,Accessories,32.0,Minnesota,L,Gray,Summer,2.6,Yes,Cash,No,32,Quarterly,0,55-64,Low,Loyal (31+),1,90,0,1,Low (<3.5)
97,41,Male,Socks,Clothing,68.0,Ohio,XL,Olive,Winter,3.1,No,Venmo,No,3,Fortnightly,0,35-44,Mid-High,New (0-5),0,14,0,0,Low (<3.5)
98,46,Male,Socks,Clothing,45.0,Illinois,S,Gray,Fall,3.3,No,Venmo,No,29,Annually,0,45-54,Mid-Low,Regular (16-30),1,365,0,0,Low (<3.5)
99,68,Female,Socks,Clothing,70.0,California,M,White,Fall,3.6,No,Credit Card,Yes,15,Weekly,0,65+,Mid-High,Occasional (6-15),1,7,1,0,Medium (3.5-4.4)
100,21,Male,Jacket,Outerwear,81.0,Montana,S,Black,Fall,4.2,No,Cash,No,22,Every 3 Months,0,18-24,High,Regular (16-30),1,90,0,0,Medium (3.5-4.4)
101,28,Male,Jewelry,Accessories,20.0,Montana,XL,Pink,Spring,3.4,No,Venmo,No,17,Every 3 Months,0,25-34,Low,Regular (16-30),1,90,0,0,Low (<3.5)
102,62,Male,Scarf,Accessories,89.0,Georgia,XL,Olive,Summer,3.9,Yes,PayPal,Yes,43,Every 3 Months,0,55-64,High,Loyal (31+),1,90,1,1,Medium (3.5-4.4)
103,46,Female,Pants,Clothing,22.0,Alabama,M,White,Fall,2.5,No,Cash,Yes,23,Quarterly,0,45-54,Low,Regular (16-30),1,90,1,0,Low (<3.5)
104,19,Male,Hoodie,Outerwear,29.0,Alabama,L,Black,Summer,3.5,No,Cash,Yes,38,Bi-Weekly,0,18-24,Low,Loyal (31+),1,14,1,0,Medium (3.5-4.4)
105,55,Female,Handbag,Accessories,78.0,Texas,L,White,Spring,4.9,Yes,Venmo,No,3,Monthly,0,55-64,Mid-High,New (0-5),0,30,0,1,High (4.5+)
106,25,Male,Gloves,Accessories,70.0,California,S,Gray,Fall,4.4,No,PayPal,No,35,Monthly,0,25-34,Mid-High,Loyal (31+),1,30,0,0,Medium (3.5-4.4)
107,59,Male,Boots,Footwear,99.0,Texas,M,Gray,Summer,4.4,No,Bank Transfer,No,20,Annually,0,55-64,High,Regular (16-30),1,365,0,0,Medium (3.5-4.4)
108,60,Female,T-shirt,Clothing,65.0,Ohio,XL,White,Winter,3.3,Yes,Venmo,Yes,30,Every 3 Months,0,55-64,Mid-High,Regular (16-30),1,90,1,1,Low (<3.5)
109,61,Male,Dress,Clothing,53.0,Maine,M,White,Fall,3.7,No,Venmo,Yes,43,Monthly,0,55-64,Mid-Low,Loyal (31+),1,30,1,0,Medium (3.5-4.4)
110,42,Male,Jewelry,Accessories,74.0,California,S,White,Summer,4.6,No,Debit Card,No,35,Every 3 Months,0,35-44,Mid-High,Loyal (31+),1,90,0,0,High (4.5+)
111,32,Female,Sandals,Footwear,81.0,Montana,XL,Red,Spring,4.7,No,Credit Card,No,18,Annually,0,25-34,High,Regular (16-30),1,365,0,0,High (4.5+)
112,64,Male,Skirt,Clothing,74.0,Maine,M,White,Spring,4.3,Yes,PayPal,No,12,Quarterly,0,55-64,Mid-High,Occasional (6-15),1,90,0,1,Medium (3.5-4.4)
113,47,Male,Jeans,Clothing,50.0,Minnesota,M,Red,Fall,3.6,No,PayPal,Yes,45,Bi-Weekly,0,45-54,Mid-Low,Loyal (31+),1,14,1,0,Medium (3.5-4.4)
114,51,Female,Slippers,Footwear,97.0,Montana,L,Black,Summer,2.7,No,Venmo,Yes,13,Weekly,0,45-54,High,Occasional (6-15),1,7,1,0,Low (<3.5)
115,25,Female,Dress,Clothing,44.0,Ohio,M,Teal,Fall,2.8,No,Cash,Yes,2,Annually,0,25-34,Mid-Low,New (0-5),0,365,1,0,Low (<3.5)
116,51,Female,Gloves,Accessories,48.0,Nevada,M,Teal,Fall,2.5,No,Debit Card,No,15,Weekly,0,45-54,Mid-Low,Occasional (6-15),1,7,0,0,Low (<3.5)
117,48,Female,Handbag,Accessories,42.0,Vermont,S,Blue,Summer,3.4,No,Bank Transfer,Yes,1,Monthly,0,45-54,Mid-Low,New (0-5),0,30,1,0,Low (<3.5)
118,33,Male,Jewelry,Accessories,44.0,Vermont,L,Pink,Winter,2.6,No,Cash,Yes,38,Weekly,0,25-34,Mid-Low,Loyal (31+),1,7,1,0,Low (<3.5)
119,58,Female,Blouse,Clothing,37.0,Ohio,M,Gray,Fall,3.6,Yes,PayPal,No,45,Annually,0,55-64,Low,Loyal (31+),1,365,0,1,Medium (3.5-4.4)
120,25,Male,Scarf,Accessories,67.0,Idaho,L,Black,Winter,4.0,Yes,Cash,Yes,22,Weekly,0,25-34,Mid-High,Regular (16-30),1,7,1,1,Medium (3.5-4.4)
121,56,Male,Sneakers,Footwear,79.0,Oregon,L,Blue,Winter,4.0,Yes,Cash,No,31,Quarterly,0,55-64,Mid-High,Loyal (31+),1,90,0,1,Medium (3.5-4.4)
122,68,Male,Belt,Accessories,54.0,Illinois,S,Black,Winter,3.7,No,Cash,No,48,Every 3 Months,1,65+,Mid-Low,Loyal (31+),1,90,0,0,Medium (3.5-4.4)
123,48,Female,Skirt,Clothing,94.0,Georgia,L,Olive,Spring,3.1,No,Cash,Yes,47,Every 3 Months,0,45-54,High,Loyal (31+),1,90,1,0,Low (<3.5)
124,23,Male,Dress,Clothing,58.0,Texas,L,Pink,Fall,3.8,No,Cash,Yes,3,Monthly,0,18-24,Mid-Low,New (0-5),0,30,1,0,Medium (3.5-4.4)
125,47,Female,Dress,Clothing,57.0,Minnesota,XL,Gray,Spring,4.9,No,Cash,No,4,Quarterly,0,45-54,Mid-Low,New (0-5),0,90,0,0,High (4.5+)
126,46,Male,Boots,Footwear,25.0,Vermont,M,Black,Winter,3.6,No,Cash,No,20,Monthly,0,45-54,Low,Regular (16-30),1,30,0,0,Medium (3.5-4.4)
127,47,Male,Shorts,Clothing,93.0,Ohio,M,White,Fall,4.7,Yes,Cash,No,14,Every 3 Months,0,45-54,High,Occasional (6-15),1,90,0,1,High (4.5+)
128,32,Male,Jeans,Clothing,32.0,New York,L,Red,Summer,3.5,No,PayPal,No,8,Weekly,0,25-34,Low,Occasional (6-15),0,7,0,0,Medium (3.5-4.4)
129,51,Male,Shorts,Clothing,33.0,Illinois,XL,White,Fall,4.1,No,Venmo,No,8,Annually,0,45-54,Low,Occasional (6-15),0,365,0,0,Medium (3.5-4.4)
130,31,Female,Sneakers,Footwear,95.0,Florida,XL,Black,Fall,3.7,No,Cash,No,41,Every 3 Months,0,25-34,High,Loyal (31+),1,90,0,0,Medium (3.5-4.4)
131,47,Male,Pants,Clothing,62.0,Alabama,M,Blue,Fall,4.2,No,PayPal,Yes,10,Annually,0,45-54,Mid-High,Occasional (6-15),1,365,1,0,Medium (3.5-4.4)
132,49,Male,Jacket,Outerwear,25.0,Idaho,M,Gray,Fall,4.7,No,Debit Card,Yes,24,Weekly,0,45-54,Low,Regular (16-30),1,7,1,0,High (4.5+)
133,52,Male,Shoes,Footwear,55.0,California,M,Black,Winter,3.6,No,Bank Transfer,No,3,Fortnightly,0,45-54,Mid-Low,New (0-5),0,14,0,0,Medium (3.5-4.4)
134,60,Male,Shirt,Clothing,67.0,Florida,L,Teal,Winter,4.4,No,Cash,Yes,32,Fortnightly,0,55-64,Mid-High,Loyal (31+),1,14,1,0,Medium (3.5-4.4)
135,64,Male,Boots,Footwear,20.0,Utah,L,Red,Summer,4.7,No,Venmo,No,38,Bi-Weekly,0,55-64,Low,Loyal (31+),1,14,0,0,High (4.5+)
136,59,Male,Dress,Clothing,81.0,Alabama,L,White,Winter,4.5,No,Bank Transfer,Yes,30,Every 3 Months,0,55-64,High,Regular (16-30),1,90,1,0,High (4.5+)
137,60,Male,Jacket,Outerwear,74.0,Illinois,M,Black,Spring,2.6,Yes,PayPal,Yes,15,Every 3 Months,0,55-64,Mid-High,Occasional (6-15),1,90,1,1,Low (<3.5)
138,64,Male,Shoes,Footwear,20.0,Texas,XL,Teal,Summer,2.5,No,PayPal,No,4,Quarterly,0,55-64,Low,New (0-5),0,90,0,0,Low (<3.5)
139,30,Male,Jewelry,Accessories,70.0,Idaho,S,Gray,Spring,4.7,No,Cash,No,21,Bi-Weekly,0,25-34,Mid-High,Regular (16-30),1,14,0,0,High (4.5+)
140,33,Male,Dress,Clothing,38.0,California,M,Pink,Winter,4.3,Yes,Cash,Yes,40,Weekly,0,25-34,Low,Loyal (31+),1,7,1,1,Medium (3.5-4.4)
141,46,Male,Boots,Footwear,79.0,Florida,M,Pink,Spring,4.9,No,Cash,No,6,Quarterly,0,45-54,Mid-High,Occasional (6-15),0,90,0,0,High (4.5+)
142,42,Male,Slippers,Footwear,50.0,Ohio,M,Teal,Winter,3.2,No,Venmo,No,42,Weekly,0,35-44,Mid-Low,Loyal (31+),1,7,0,0,Low (<3.5)
143,55,Female,Coat,Outerwear,36.0,Montana,L,Teal,Winter,4.5,Yes,PayPal,No,46,Fortnightly,0,55-64,Low,Loyal (31+),1,14,0,1,High (4.5+)
144,18,Male,Sandals,Footwear,61.0,Illinois,M,Pink,Winter,4.5,No,Venmo,Yes,31,Bi-Weekly,0,18-24,Mid-High,Loyal (31+),1,14,1,0,High (4.5+)
145,25,Male,Slippers,Footwear,55.0,Illinois,S,Pink,Winter,4.6,Yes,Credit Card,No,43,Every 3 Months,0,25-34,Mid-Low,Loyal (31+),1,90,0,1,High (4.5+)
146,57,Male,Skirt,Clothing,47.0,Florida,M,Pink,Summer,4.2,No,Bank Transfer,No,15,Quarterly,0,55-64,Mid-Low,Occasional (6-15),1,90,0,0,Medium (3.5-4.4)
147,61,Female,T-shirt,Clothing,91.0,Florida,M,Blue,Winter,2.8,No,PayPal,Yes,32,Weekly,0,55-64,High,Loyal (31+),1,7,1,0,Low (<3.5)
148,34,Male,Sandals,Footwear,72.0,Oregon,L,Gray,Winter,4.2,Yes,PayPal,Yes,37,Fortnightly,0,25-34,Mid-High,Loyal (31+),1,14,1,1,Medium (3.5-4.4)
149,34,Male,Skirt,Clothing,59.0,California,M,Teal,Winter,4.0,Yes,Credit Card,No,36,Every 3 Months,0,25-34,Mid-Low,Loyal (31+),1,90,0,1,Medium (3.5-4.4)
150,47,Female,Blouse,Clothing,38.0,Georgia,M,Pink,Winter,3.3,No,Cash,Yes,36,Quarterly,0,45-54,Low,Loyal (31+),1,90,1,0,Low (<3.5)
151,43,Male,Handbag,Accessories,66.0,Illinois,S,Black,Winter,3.0,No,Bank Transfer,No,10,Quarterly,0,35-44,Mid-High,Occasional (6-15),1,90,0,0,Low (<3.5)
152,26,Male,Sunglasses,Accessories,22.0,Vermont,L,Black,Fall,4.7,No,Venmo,Yes,46,Bi-Weekly,0,25-34,Low,Loyal (31+),1,14,1,0,High (4.5+)
153,44,Female,Shorts,Clothing,91.0,Georgia,M,White,Winter,2.9,No,Debit Card,No,35,Every 3 Months,0,35-44,High,Loyal (31+),1,90,0,0,Low (<3.5)
154,61,Male,Sandals,Footwear,20.0,Nevada,M,Olive,Summer,3.6,Yes,Venmo,No,6,Quarterly,0,55-64,Low,Occasional (6-15),0,90,0,1,Medium (3.5-4.4)
155,56,Female,Sweater,Clothing,76.0,Maine,M,Red,Fall,4.1,No,Cash,Yes,32,Weekly,0,55-64,Mid-High,Loyal (31+),1,7,1,0,Medium (3.5-4.4)
156,61,Male,Sunglasses,Accessories,47.0,Florida,M,Olive,Winter,4.9,No,Debit Card,No,46,Every 3 Months,0,55-64,Mid-Low,Loyal (31+),1,90,0,0,High (4.5+)
157,52,Male,Sweater,Clothing,78.0,Maine,M,White,Summer,4.2,No,Cash,Yes,2,Bi-Weekly,0,45-54,Mid-High,New (0-5),0,14,1,0,Medium (3.5-4.4)
158,64,Male,Scarf,Accessories,49.0,Montana,S,Black,Winter,3.3,No,Debit Card,No,45,Every 3 Months,0,55-64,Mid-Low,Loyal (31+),1,90,0,0,Low (<3.5)
159,31,Male,Gloves,Accessories,22.0,California,L,Pink,Spring,2.7,No,Bank Transfer,No,17,Quarterly,0,25-34,Low,Regular (16-30),1,90,0,0,Low (<3.5)
160,20,Female,Handbag,Accessories,96.0,Utah,M,Blue,Fall,3.3,No,Credit Card,No,15,Fortnightly,0,18-24,High,Occasional (6-15),1,14,0,0,Low (<3.5)
161,24,Male,Pants,Clothing,82.0,Maine,M,Black,Spring,3.2,No,PayPal,Yes,25,Weekly,0,18-24,High,Regular (16-30),1,7,1,0,Low (<3.5)
162,70,Male,Jewelry,Accessories,23.0,Texas,XL,White,Winter,4.5,Yes,Debit Card,No,36,Weekly,0,65+,Low,Loyal (31+),1,7,0,1,High (4.5+)
163,51,Female,Skirt,Clothing,22.0,Alabama,M,Blue,Winter,3.4,Yes,Credit Card,No,6,Fortnightly,0,45-54,Low,Occasional (6-15),0,14,0,1,Low (<3.5)
164,31,Female,Shirt,Clothing,62.0,New York,M,Red,Spring,2.7,No,Debit Card,Yes,14,Weekly,0,25-34,Mid-High,Occasional (6-15),1,7,1,0,Low (<3.5)
165,63,Male,Sandals,Footwear,97.0,New York,M,Teal,Spring,4.7,No,PayPal,No,41,Quarterly,0,55-64,High,Loyal (31+),1,90,0,0,High (4.5+)
166,34,Female,Skirt,Clothing,66.0,New York,M,White,Fall,2.5,No,Venmo,Yes,12,Fortnightly,0,25-34,Mid-High,Occasional (6-15),1,14,1,0,Low (<3.5)
167,49,Male,Sunglasses,Accessories,20.0,Florida,S,Gray,Winter,2.5,Yes,Venmo,No,18,Monthly,0,45-54,Low,Regular (16-30),1,30,0,1,Low (<3.5)
168,31,Female,Sunglasses,Accessories,76.0,Maine,L,Blue,Summer,3.7,Yes,PayPal,No,33,Bi-Weekly,0,25-34,Mid-High,Loyal (31+),1,14,0,1,Medium (3.5-4.4)
169,23,Male,Blouse,Clothing,54.0,New York,M,Red,Winter,2.7,No,Bank Transfer,No,13,Quarterly,0,18-24,Mid-Low,Occasional (6-15),1,90,0,0,Low (<3.5)
170,32,Male,Coat,Outerwear,71.0,Georgia,L,Blue,Summer,2.9,No,Bank Transfer,Yes,3,Weekly,0,25-34,Mid-High,New (0-5),0,7,1,0,Low (<3.5)
171,30,Male,Jeans,Clothing,48.0,California,XL,Blue,Summer,5.0,Yes,PayPal,No,27,Bi-Weekly,0,25-34,Mid-Low,Regular (16-30),1,14,0,1,High (4.5+)
172,47,Male,Sandals,Footwear,20.0,Maine,S,Gray,Summer,4.6,Yes,Debit Card,Yes,5,Every 3 Months,0,45-54,Low,New (0-5),0,90,1,1,High (4.5+)
173,19,Male,Shirt,Clothing,21.0,Florida,L,Gray,Summer,4.4,No,Debit Card,No,20,Fortnightly,0,18-24,Low,Regular (16-30),1,14,0,0,Medium (3.5-4.4)
174,30,Male,Jacket,Outerwear,71.0,Ohio,S,White,Summer,4.2,Yes,PayPal,No,34,Every 3 Months,0,25-34,Mid-High,Loyal (31+),1,90,0,1,Medium (3.5-4.4)
175,48,Female,Dress,Clothing,71.0,New York,M,White,Spring,2.6,No,Debit Card,Yes,37,Fortnightly,0,45-54,Mid-High,Loyal (31+),1,14,1,0,Low (<3.5)
176,38,Female,Shirt,Clothing,46.0,Minnesota,L,White,Summer,4.6,No,PayPal,Yes,48,Quarterly,0,35-44,Mid-Low,Loyal (31+),1,90,1,0,High (4.5+)
177,51,Female,Blouse,Clothing,26.0,Minnesota,S,Teal,Summer,3.7,Yes,PayPal,Yes,44,Fortnightly,0,45-54,Low,Loyal (31+),1,14,1,1,Medium (3.5-4.4)
178,52,Female,Hoodie,Outerwear,82.0,Vermont,XL,Blue,Spring,2.7,No,Debit Card,No,2,Bi-Weekly,0,45-54,High,New (0-5),0,14,0,0,Low (<3.5)
179,69,Female,Scarf,Accessories,32.0,Montana,M,Gray,Summer,3.3,Yes,Credit Card,No,25,Monthly,0,65+,Low,Regular (16-30),1,30,0,1,Low (<3.5)
180,62,Male,Gloves,Accessories,35.0,Florida,M,Red,Spring,3.8,No,Bank Transfer,No,2,Quarterly,0,55-64,Low,New (0-5),0,90,0,0,Medium (3.5-4.4)
181,30,Male,Gloves,Accessories,56.0,Vermont,S,Blue,Spring,2.5,No,Cash,No,41,Monthly,0,25-34,Mid-Low,Loyal (31+),1,30,0,0,Low (<3.5)
182,54,Female,Gloves,Accessories,78.0,Ohio,M,Black,Fall,3.1,No,Cash,No,4,Quarterly,0,45-54,Mid-High,New (0-5),0,90,0,0,Low (<3.5)
183,51,Female,Shoes,Footwear,100.0,Florida,M,Red,Spring,3.3,Yes,Debit Card,No,39,Bi-Weekly,0,45-54,High,Loyal (31+),1,14,0,1,Low (<3.5)
184,49,Female,Shirt,Clothing,70.0,Texas,M,Teal,Summer,3.7,Yes,Bank Transfer,No,1,Quarterly,0,45-54,Mid-High,New (0-5),0,90,0,1,Medium (3.5-4.4)
185,60,Female,Handbag,Accessories,97.0,Ohio,M,Teal,Fall,2.5,No,Debit Card,No,6,Weekly,0,55-64,High,Occasional (6-15),0,7,0,0,Low (<3.5)
186,25,Male,Jewelry,Accessories,72.0,Florida,S,Blue,Spring,3.9,No,Cash,Yes,47,Weekly,0,25-34,Mid-High,Loyal (31+),1,7,1,0,Medium (3.5-4.4)
187,37,Female,Socks,Clothing,88.0,Utah,XL,Gray,Fall,3.0,No,Debit Card,No,10,Fortnightly,0,35-44,High,Occasional (6-15),1,14,0,0,Low (<3.5)
188,61,Female,Pants,Clothing,34.0,Oregon,M,Blue,Spring,4.0,No,Cash,No,24,Annually,0,55-64,Low,Regular (16-30),1,365,0,0,Medium (3.5-4.4)
189,65,Male,Jewelry,Accessories,24.0,Georgia,M,Teal,Spring,3.1,Yes,Venmo,Yes,27,Quarterly,0,65+,Low,Regular (16-30),1,90,1,1,Low (<3.5)
190,19,Female,Jeans,Clothing,74.0,Ohio,L,Gray,Spring,3.5,No,Debit Card,No,35,Bi-Weekly,0,18-24,Mid-High,Loyal (31+),1,14,0,0,Medium (3.5-4.4)
191,42,Male,Jacket,Outerwear,98.0,Maine,L,Teal,Winter,4.1,No,Venmo,No,47,Quarterly,0,35-44,High,Loyal (31+),1,90,0,0,Medium (3.5-4.4)
192,32,Female,Blouse,Clothing,79.0,Utah,L,Pink,Spring,4.1,Yes,Credit Card,Yes,21,Fortnightly,0,25-34,Mid-High,Regular (16-30),1,14,1,1,Medium (3.5-4.4)
193,26,Male,Sweater,Clothing,47.0,Illinois,XL,Blue,Spring,2.6,No,Credit Card,Yes,31,Every 3 Months,0,25-34,Mid-Low,Loyal (31+),1,90,1,0,Low (<3.5)
194,21,Female,Jewelry,Accessories,59.0,Georgia,M,Red,Winter,3.8,No,Credit Card,No,50,Bi-Weekly,0,18-24,Mid-Low,Loyal (31+),1,14,0,0,Medium (3.5-4.4)
195,46,Male,Socks,Clothing,29.0,Florida,M,Gray,Fall,4.5,No,Credit Card,No,6,Quarterly,0,45-54,Low,Occasional (6-15),0,90,0,0,High (4.5+)
196,53,Male,Shirt,Clothing,47.0,Nevada,L,White,Fall,3.0,No,Debit Card,Yes,24,Fortnightly,0,45-54,Mid-Low,Regular (16-30),1,14,1,0,Low (<3.5)
197,46,Male,Boots,Footwear,75.0,Maine,S,Pink,Spring,3.8,Yes,PayPal,No,16,Weekly,0,45-54,Mid-High,Regular (16-30),1,7,0,1,Medium (3.5-4.4)
198,37,Male,Belt,Accessories,33.0,Idaho,L,Gray,Summer,3.6,No,PayPal,No,47,Annually,0,35-44,Low,Loyal (31+),1,365,0,0,Medium (3.5-4.4)
199,58,Male,Dress,Clothing,59.0,Oregon,S,White,Fall,4.6,No,PayPal,No,31,Quarterly,0,55-64,Mid-Low,Loyal (31+),1,90,0,0,High (4.5+)
200,52,Female,Dress,Clothing,43.0,Texas,XL,Red,Fall,3.6,No,PayPal,Yes,33,Quarterly,0,45-54,Mid-Low,Loyal (31+),1,90,1,0,Medium (3.5-4.4)
201,66,Male,Handbag,Accessories,59.0,Utah,L,Pink,Fall,4.9,No,Bank Transfer,Yes,10,Quarterly,0,65+,Mid-Low,Occasional (6-15),1,90,1,0,High (4.5+)
202,36,Female,Hoodie,Outerwear,81.0,Texas,M,Red,Spring,4.1,Yes,Credit Card,No,48,Annually,0,35-44,High,Loyal (31+),1,365,0,1,Medium (3.5-4.4)
203,30,Male,Sneakers,Footwear,91.0,Ohio,M,Olive,Winter,3.9,No,PayPal,Yes,4,Weekly,0,25-34,High,New (0-5),0,7,1,0,Medium (3.5-4.4)
204,42,Male,Pants,Clothing,53.0,Ohio,XL,Teal,Fall,3.2,No,PayPal,No,25,Annually,0,35-44,Mid-Low,Regular (16-30),1,365,0,0,Low (<3.5)
205,44,Female,Shorts,Clothing,87.0,Ohio,L,Blue,Spring,4.0,No,Credit Card,No,35,Monthly,0,35-44,High,Loyal (31+),1,30,0,0,Medium (3.5-4.4)
206,42,Female,Socks,Clothing,76.0,Utah,L,Teal,Winter,2.8,No,PayPal,No,44,Quarterly,0,35-44,Mid-High,Loyal (31+),1,90,0,0,Low (<3.5)
207,62,Male,Shirt,Clothing,94.0,Maine,L,Red,Summer,3.5,No,PayPal,No,14,Annually,0,55-64,High,Occasional (6-15),1,365,0,0,Medium (3.5-4.4)
208,20,Female,Sunglasses,Accessories,79.0,California,S,Gray,Spring,3.2,No,Cash,No,17,Every 3 Months,0,18-24,Mid-High,Regular (16-30),1,90,0,0,Low (<3.5)
209,45,Female,Pants,Clothing,64.0,Ohio,S,Pink,Winter,4.2,No,Credit Card,No,2,Bi-Weekly,0,45-54,Mid-High,New (0-5),0,14,0,0,Medium (3.5-4.4)
210,40,Male,Shoes,Footwear,74.0,Alabama,M,Black,Spring,4.4,Yes,Bank Transfer,Yes,34,Annually,0,35-44,Mid-High,Loyal (31+),1,365,1,1,Medium (3.5-4.4)
211,29,Female,Hat,Accessories,45.0,Idaho,L,Olive,Spring,4.8,No,Debit Card,Yes,10,Weekly,0,25-34,Mid-Low,Occasional (6-15),1,7,1,0,High (4.5+)
212,51,Female,Sandals,Footwear,74.0,Georgia,L,Gray,Fall,3.1,No,Venmo,No,31,Fortnightly,0,45-54,Mid-High,Loyal (31+),1,14,0,0,Low (<3.5)
213,60,Male,Blouse,Clothing,77.0,Georgia,M,Olive,Summer,4.7,No,Venmo,Yes,5,Fortnightly,0,55-64,Mid-High,New (0-5),0,14,1,0,High (4.5+)
214,46,Male,Scarf,Accessories,69.0,Vermont,XL,Teal,Spring,4.6,No,Debit Card,Yes,25,Fortnightly,0,45-54,Mid-High,Regular (16-30),1,14,1,0,High (4.5+)
215,22,Male,Backpack,Accessories,28.0,New York,S,Red,Spring,4.7,No,Bank Transfer,Yes,24,Quarterly,0,18-24,Low,Regular (16-30),1,90,1,0,High (4.5+)
216,21,Male,Sunglasses,Accessories,61.0,New York,L,Teal,Spring,4.4,Yes,Credit Card,Yes,26,Bi-Weekly,0,18-24,Mid-High,Regular (16-30),1,14,1,1,Medium (3.5-4.4)
217,40,Female,Shirt,Clothing,77.0,Maine,M,Gray,Winter,3.2,No,Venmo,No,16,Every 3 Months,0,35-44,Mid-High,Regular (16-30),1,90,0,0,Low (<3.5)
218,53,Female,Dress,Clothing,36.0,Illinois,M,White,Fall,4.7,No,PayPal,No,9,Quarterly,0,45-54,Low,Occasional (6-15),0,90,0,0,High (4.5+)
219,34,Male,Jacket,Outerwear,83.0,Montana,S,Olive,Winter,4.0,No,Cash,Yes,39,Quarterly,0,25-34,High,Loyal (31+),1,90,1,0,Medium (3.5-4.4)
220,34,Male,Sweater,Clothing,88.0,New York,L,White,Fall,4.4,No,Bank Transfer,Yes,46,Every 3 Months,0,25-34,High,Loyal (31+),1,90,1,0,Medium (3.5-4.4)
221,63,Male,Jeans,Clothing,63.0,Florida,L,Teal,Fall,3.0,No,Venmo,No,14,Bi-Weekly,0,55-64,Mid-High,Occasional (6-15),1,14,0,0,Low (<3.5)
222,18,Male,Sneakers,Footwear,98.0,Nevada,M,White,Spring,2.9,No,Venmo,Yes,23,Bi-Weekly,0,18-24,High,Regular (16-30),1,14,1,0,Low (<3.5)
223,22,Female,Gloves,Accessories,89.0,Illinois,M,Red,Winter,3.2,Yes,Credit Card,No,6,Weekly,0,18-24,High,Occasional (6-15),0,7,0,1,Low (<3.5)
224,26,Male,Jacket,Outerwear,57.0,Ohio,M,Pink,Winter,3.8,No,Debit Card,No,8,Every 3 Months,0,25-34,Mid-Low,Occasional (6-15),0,90,0,0,Medium (3.5-4.4)
225,70,Male,Dress,Clothing,91.0,Vermont,M,Black,Fall,3.5,No,Debit Card,Yes,18,Fortnightly,0,65+,High,Regular (16-30),1,14,1,0,Medium (3.5-4.4)
226,44,Male,Hoodie,Outerwear,95.0,Alabama,M,Red,Spring,4.7,No,Cash,No,36,Quarterly,0,35-44,High,Loyal (31+),1,90,0,0,High (4.5+)
227,26,Male,Skirt,Clothing,28.0,New York,M,Gray,Winter,2.5,No,Cash,No,34,Every 3 Months,0,25-34,Low,Loyal (31+),1,90,0,0,Low (<3.5)
228,34,Female,Sandals,Footwear,100.0,Minnesota,L,Blue,Summer,2.7,No,Venmo,No,37,Bi-Weekly,0,25-34,High,Loyal (31+),1,14,0,0,Low (<3.5)
229,69,Female,Scarf,Accessories,20.0,Alabama,L,Olive,Spring,3.3,Yes,Debit Card,Yes,5,Fortnightly,0,65+,Low,New (0-5),0,14,1,1,Low (<3.5)
230,54,Male,Skirt,Clothing,59.0,Florida,S,Blue,Fall,2.9,No,Venmo,Yes,3,Quarterly,0,45-54,Mid-Low,New (0-5),0,90,1,0,Low (<3.5)
231,29,Male,Jeans,Clothing,95.0,Minnesota,L,Blue,Winter,3.5,No,Bank Transfer,Yes,14,Bi-Weekly,0,25-34,High,Occasional (6-15),1,14,1,0,Medium (3.5-4.4)
232,30,Male,Skirt,Clothing,78.0,Texas,M,Blue,Fall,4.3,Yes,PayPal,No,17,Every 3 Months,0,25-34,Mid-High,Regular (16-30),1,90,0,1,Medium (3.5-4.4)
233,21,Male,Coat,Outerwear,41.0,Montana,XL,Gray,Spring,5.0,No,Debit Card,Yes,26,Monthly,0,18-24,Mid-Low,Regular (16-30),1,30,1,0,High (4.5+)
234,58,Male,Sneakers,Footwear,72.0,Florida,M,Teal,Fall,3.0,Yes,Debit Card,Yes,30,Bi-Weekly,0,55-64,Mid-High,Regular (16-30),1,14,1,1,Low (<3.5)
235,25,Male,Hoodie,Outerwear,37.0,California,S,White,Winter,3.2,No,Debit Card,No,10,Every 3 Months,0,25-34,Low,Occasional (6-15),1,90,0,0,Low (<3.5)
236,33,Female,Scarf,Accessories,39.0,New York,L,Red,Fall,4.4,No,Cash,No,42,Bi-Weekly,0,25-34,Low,Loyal (31+),1,14,0,0,Medium (3.5-4.4)
237,36,Male,Slippers,Footwear,93.0,Georgia,S,White,Summer,3.2,Yes,Cash,Yes,38,Every 3 Months,0,35-44,High,Loyal (31+),1,90,1,1,Low (<3.5)
238,50,Male,Jewelry,Accessories,23.0,Minnesota,L,White,Fall,4.3,No,Cash,No,16,Quarterly,0,45-54,Low,Regular (16-30),1,90,0,0,Medium (3.5-4.4)
239,50,Male,Pants,Clothing,97.0,Oregon,XL,Teal,Spring,4.0,No,PayPal,No,33,Annually,0,45-54,High,Loyal (31+),1,365,0,0,Medium (3.5-4.4)
240,60,Female,T-shirt,Clothing,56.0,Minnesota,L,Olive,Winter,4.6,Yes,Credit Card,No,15,Monthly,0,55-64,Mid-Low,Occasional (6-15),1,30,0,1,High (4.5+)
241,33,Male,Gloves,Accessories,25.0,Utah,M,Teal,Winter,2.6,No,PayPal,Yes,4,Weekly,0,25-34,Low,New (0-5),0,7,1,0,Low (<3.5)
242,38,Male,Sunglasses,Accessories,83.0,Vermont,M,Olive,Fall,4.9,Yes,Venmo,No,37,Fortnightly,0,35-44,High,Loyal (31+),1,14,0,1,High (4.5+)
243,38,Female,Shorts,Clothing,23.0,Utah,M,Olive,Spring,4.9,No,PayPal,Yes,5,Weekly,0,35-44,Low,New (0-5),0,7,1,0,High (4.5+)
244,20,Male,Sandals,Footwear,46.0,New York,S,Olive,Summer,2.6,No,Debit Card,Yes,11,Every 3 Months,0,18-24,Mid-Low,Occasional (6-15),1,90,1,0,Low (<3.5)
245,57,Female,Scarf,Accessories,39.0,Minnesota,XL,Olive,Spring,3.7,Yes,Debit Card,Yes,16,Fortnightly,0,55-64,Low,Regular (16-30),1,14,1,1,Medium (3.5-4.4)
246,46,Male,Belt,Accessories,83.0,Texas,M,Pink,Winter,3.5,No,Cash,Yes,45,Fortnightly,0,45-54,High,Loyal (31+),1,14,1,0,Medium (3.5-4.4)
247,43,Female,Scarf,Accessories,52.0,Georgia,M,Blue,Fall,3.1,No,Cash,No,30,Quarterly,0,35-44,Mid-Low,Regular (16-30),1,90,0,0,Low (<3.5)
248,70,Female,Shorts,Clothing,73.0,Ohio,M,Black,Summer,4.9,Yes,Bank Transfer,No,40,Fortnightly,0,65+,Mid-High,Loyal (31+),1,14,0,1,High (4.5+)
249,27,Male,T-shirt,Clothing,25.0,Oregon,XL,Red,Winter,2.9,No,Credit Card,Yes,46,Annually,0,25-34,Low,Loyal (31+),1,365,1,0,Low (<3.5)
250,69,Female,T-shirt,Clothing,76.0,Utah,XL,Black,Winter,3.2,No,PayPal,Yes,45,Annually,0,65+,Mid-High,Loyal (31+),1,365,1,0,Low (<3.5)
251,54,Male,Belt,Accessories,77.0,Maine,M,Black,Winter,2.5,Yes,Debit Card,Yes,31,Monthly,0,45-54,Mid-High,Loyal (31+),1,30,1,1,Low (<3.5)
252,29,Female,Gloves,Accessories,43.0,Minnesota,M,Black,Summer,4.0,No,Bank Transfer,No,18,Quarterly,0,25-34,Mid-Low,Regular (16-30),1,90,0,0,Medium (3.5-4.4)
253,53,Female,Shoes,Footwear,91.0,Illinois,L,Black,Spring,4.7,No,Cash,Yes,21,Bi-Weekly,0,45-54,High,Regular (16-30),1,14,1,0,High (4.5+)
254,58,Female,Sweater,Clothing,58.0,New York,M,Olive,Summer,4.1,No,Debit Card,No,9,Monthly,0,55-64,Mid-Low,Occasional (6-15),0,30,0,0,Medium (3.5-4.4)
255,37,Female,Sweater,Clothing,74.0,Texas,XL,Gray,Summer,4.1,No,PayPal,Yes,30,Monthly,0,35-44,Mid-High,Regular (16-30),1,30,1,0,Medium (3.5-4.4)
256,36,Male,Handbag,Accessories,34.0,Georgia,XL,Teal,Fall,2.7,No,Bank Transfer,No,30,Bi-Weekly,0,35-44,Low,Regular (16-30),1,14,0,0,Low (<3.5)
257,62,Male,Hat,Accessories,95.0,Alabama,L,Blue,Summer,4.3,Yes,Venmo,No,49,Monthly,0,55-64,High,Loyal (31+),1,30,0,1,Medium (3.5-4.4)
258,26,Male,Shirt,Clothing,39.0,Idaho,S,Blue,Fall,3.5,No,Debit Card,Yes,10,Fortnightly,0,25-34,Low,Occasional (6-15),1,14,1,0,Medium (3.5-4.4)
259,18,Female,Sweater,Clothing,70.0,Minnesota,L,Red,Spring,3.7,No,PayPal,No,38,Quarterly,0,18-24,Mid-High,Loyal (31+),1,90,0,0,Medium (3.5-4.4)
260,53,Female,Slippers,Footwear,27.0,Texas,XL,Pink,Spring,4.0,No,Cash,No,14,Weekly,0,45-54,Low,Occasional (6-15),1,7,0,0,Medium (3.5-4.4)
261,66,Male,Pants,Clothing,23.0,Illinois,M,Teal,Winter,4.9,No,Debit Card,No,4,Annually,0,65+,Low,New (0-5),0,365,0,0,High (4.5+)
262,44,Male,Hat,Accessories,30.0,New York,L,Olive,Summer,4.4,No,Cash,Yes,21,Annually,0,35-44,Low,Regular (16-30),1,365,1,0,Medium (3.5-4.4)
263,25,Male,Dress,Clothing,96.0,Alabama,M,Gray,Spring,4.2,No,Bank Transfer,No,49,Fortnightly,0,25-34,High,Loyal (31+),1,14,0,0,Medium (3.5-4.4)
264,46,Female,Pants,Clothing,37.0,Vermont,XL,Teal,Winter,3.6,No,Debit Card,Yes,24,Weekly,0,45-54,Low,Regular (16-30),1,7,1,0,Medium (3.5-4.4)
265,31,Female,Hoodie,Outerwear,91.0,Ohio,L,White,Spring,2.6,No,Credit Card,No,10,Monthly,0,25-34,High,Occasional (6-15),1,30,0,0,Low (<3.5)
266,61,Male,Sweater,Clothing,66.0,Oregon,S,Red,Winter,3.8,No,Bank Transfer,No,17,Weekly,0,55-64,Mid-High,Regular (16-30),1,7,0,0,Medium (3.5-4.4)
267,50,Male,Jeans,Clothing,27.0,Ohio,M,White,Summer,3.7,No,Cash,No,35,Bi-Weekly,1,45-54,Low,Loyal (31+),1,14,0,0,Medium (3.5-4.4)
268,35,Male,Skirt,Clothing,55.0,Montana,S,White,Summer,4.3,Yes,Venmo,No,15,Every 3 Months,0,35-44,Mid-Low,Occasional (6-15),1,90,0,1,Medium (3.5-4.4)
269,51,Male,Socks,Clothing,58.0,Alabama,M,Red,Summer,4.0,No,Cash,Yes,12,Bi-Weekly,0,45-54,Mid-Low,Occasional (6-15),1,14,1,0,Medium (3.5-4.4)
270,53,Female,Dress,Clothing,41.0,Georgia,XL,Pink,Spring,3.3,Yes,Debit Card,No,13,Annually,0,45-54,Mid-Low,Occasional (6-15),1,365,0,1,Low (<3.5)
271,53,Male,Blouse,Clothing,68.0,Ohio,M,Blue,Summer,3.1,No,Cash,No,5,Weekly,0,45-54,Mid-High,New (0-5),0,7,0,0,Low (<3.5)
272,37,Male,Pants,Clothing,89.0,Oregon,XL,Pink,Summer,2.7,No,Cash,Yes,35,Quarterly,0,35-44,High,Loyal (31+),1,90,1,0,Low (<3.5)
273,48,Male,Sweater,Clothing,91.0,Maine,S,Gray,Summer,4.3,No,Venmo,Yes,17,Monthly,0,45-54,High,Regular (16-30),1,30,1,0,Medium (3.5-4.4)
274,20,Male,Sneakers,Footwear,62.0,Ohio,L,Olive,Summer,4.9,No,PayPal,No,16,Fortnightly,0,18-24,Mid-High,Regular (16-30),1,14,0,0,High (4.5+)
275,39,Female,Backpack,Accessories,92.0,Texas,XL,White,Fall,3.8,No,Cash,Yes,17,Monthly,0,35-44,High,Regular (16-30),1,30,1,0,Medium (3.5-4.4)
276,38,Male,Socks,Clothing,94.0,Illinois,L,Pink,Spring,4.2,No,Credit Card,No,35,Fortnightly,0,35-44,High,Loyal (31+),1,14,0,0,Medium (3.5-4.4)
277,46,Male,Skirt,Clothing,27.0,Illinois,XL,White,Summer,4.2,No,Credit Card,Yes,44,Quarterly,0,45-54,Low,Loyal (31+),1,90,1,0,Medium (3.5-4.4)
278,68,Male,Sneakers,Footwear,71.0,Idaho,XL,Blue,Winter,2.9,No,Venmo,No,38,Annually,0,65+,Mid-High,Loyal (31+),1,365,0,0,Low (<3.5)
279,68,Female,Jewelry,Accessories,82.0,Alabama,L,Pink,Winter,3.0,No,PayPal,No,29,Monthly,0,65+,High,Regular (16-30),1,30,0,0,Low (<3.5)
280,43,Female,Backpack,Accessories,21.0,Florida,L,Olive,Fall,3.0,No,Debit Card,Yes,36,Quarterly,0,35-44,Low,Loyal (31+),1,90,1,0,Low (<3.5)
281,52,Male,Socks,Clothing,68.0,Utah,S,Blue,Summer,4.8,No,Debit Card,Yes,12,Quarterly,0,45-54,Mid-High,Occasional (6-15),1,90,1,0,High (4.5+)
282,23,Male,Shirt,Clothing,93.0,Nevada,M,Blue,Summer,2.5,No,Venmo,Yes,46,Every 3 Months,0,18-24,High,Loyal (31+),1,90,1,0,Low (<3.5)
283,43,Male,Skirt,Clothing,41.0,Texas,M,Red,Winter,3.9,No,Cash,No,31,Monthly,0,35-44,Mid-Low,Loyal (31+),1,30,0,0,Medium (3.5-4.4)
284,54,Male,T-shirt,Clothing,89.0,Georgia,L,Red,Summer,3.4,Yes,Venmo,Yes,48,Monthly,0,45-54,High,Loyal (31+),1,30,1,1,Low (<3.5)
285,54,Male,Boots,Footwear,95.0,Florida,L,Black,Winter,4.1,No,Debit Card,Yes,14,Weekly,0,45-54,High,Occasional (6-15),1,7,1,0,Medium (3.5-4.4)
286,69,Female,Dress,Clothing,71.0,Alabama,M,White,Spring,3.1,No,Cash,No,8,Every 3 Months,0,65+,Mid-High,Occasional (6-15),0,90,0,0,Low (<3.5)
287,42,Female,Sweater,Clothing,70.0,Alabama,XL,White,Fall,4.9,Yes,Cash,No,36,Annually,0,35-44,Mid-High,Loyal (31+),1,365,0,1,High (4.5+)
288,66,Male,Shorts,Clothing,63.0,Florida,S,White,Fall,3.3,No,PayPal,Yes,17,Annually,0,65+,Mid-High,Regular (16-30),1,365,1,0,Low (<3.5)
289,69,Male,Boots,Footwear,53.0,Alabama,XL,Blue,Summer,4.8,No,PayPal,No,11,Every 3 Months,0,65+,Mid-Low,Occasional (6-15),1,90,0,0,High (4.5+)
290,48,Male,Shirt,Clothing,56.0,Illinois,S,Black,Summer,4.0,Yes,Credit Card,No,40,Bi-Weekly,0,45-54,Mid-Low,Loyal (31+),1,14,0,1,Medium (3.5-4.4)
291,22,Male,Hat,Accessories,62.0,Texas,M,Olive,Spring,3.5,No,Credit Card,No,27,Quarterly,0,18-24,Mid-High,Regular (16-30),1,90,0,0,Medium (3.5-4.4)
292,37,Male,Jeans,Clothing,59.0,Florida,L,Olive,Summer,4.3,No,Credit Card,No,40,Bi-Weekly,0,35-44,Mid-Low,Loyal (31+),1,14,0,0,Medium (3.5-4.4)
293,58,Male,Coat,Outerwear,86.0,Alabama,M,White,Summer,3.9,Yes,Debit Card,No,13,Annually,0,55-64,High,Occasional (6-15),1,365,0,1,Medium (3.5-4.4)
294,48,Female,Jeans,Clothing,82.0,Montana,L,Teal,Fall,2.8,No,Venmo,No,4,Weekly,0,45-54,High,New (0-5),0,7,0,0,Low (<3.5)
295,67,Male,Belt,Accessories,48.0,Maine,L,Gray,Fall,4.3,No,Credit Card,No,21,Annually,0,65+,Mid-Low,Regular (16-30),1,365,0,0,Medium (3.5-4.4)
296,61,Female,Belt,Accessories,61.0,New York,L,Blue,Summer,3.9,Yes,Debit Card,Yes,49,Every 3 Months,0,55-64,Mid-High,Loyal (31+),1,90,1,1,Medium (3.5-4.4)
297,21,Male,Coat,Outerwear,37.0,Florida,M,White,Fall,3.9,No,Debit Card,No,30,Annually,0,18-24,Low,Regular (16-30),1,365,0,0,Medium (3.5-4.4)
298,63,Male,Belt,Accessories,34.0,Idaho,M,Red,Fall,4.3,No,Bank Transfer,No,43,Fortnightly,0,55-64,Low,Loyal (31+),1,14,0,0,Medium (3.5-4.4)
299,36,Male,Jewelry,Accessories,49.0,Minnesota,S,Teal,Spring,4.1,No,Bank Transfer,Yes,43,Monthly,0,35-44,Mid-Low,Loyal (31+),1,30,1,0,Medium (3.5-4.4)
300,61,Female,Handbag,Accessories,24.0,Texas,M,Black,Winter,3.4,No,Credit Card,No,45,Fortnightly,0,55-64,Low,Loyal (31+),1,14,0,0,Low (<3.5)
301,44,Male,Scarf,Accessories,89.0,California,S,Black,Winter,3.3,Yes,Venmo,No,23,Quarterly,0,35-44,High,Regular (16-30),1,90,0,1,Low (<3.5)
302,42,Male,Shorts,Clothing,30.0,Minnesota,M,Red,Summer,3.1,No,Debit Card,Yes,11,Quarterly,0,35-44,Low,Occasional (6-15),1,90,1,0,Low (<3.5)
303,21,Female,Sandals,Footwear,46.0,Oregon,L,Teal,Winter,3.9,No,PayPal,Yes,45,Quarterly,0,18-24,Mid-Low,Loyal (31+),1,90,1,0,Medium (3.5-4.4)
304,24,Female,Boots,Footwear,40.0,Maine,XL,Blue,Summer,3.2,No,Venmo,Yes,26,Every 3 Months,0,18-24,Mid-Low,Regular (16-30),1,90,1,0,Low (<3.5)
305,49,Female,Sunglasses,Accessories,36.0,Minnesota,L,Olive,Spring,2.8,No,Credit Card,Yes,17,Weekly,0,45-54,Low,Regular (16-30),1,7,1,0,Low (<3.5)
306,48,Male,Shoes,Footwear,49.0,California,S,Gray,Winter,4.5,Yes,PayPal,No,23,Bi-Weekly,0,45-54,Mid-Low,Regular (16-30),1,14,0,1,High (4.5+)
307,47,Male,Shirt,Clothing,78.0,Montana,M,White,Summer,3.0,Yes,Bank Transfer,Yes,40,Fortnightly,0,45-54,Mid-High,Loyal (31+),1,14,1,1,Low (<3.5)
308,26,Female,Scarf,Accessories,92.0,Ohio,S,Teal,Summer,2.9,Yes,Debit Card,Yes,19,Annually,0,25-34,High,Regular (16-30),1,365,1,1,Low (<3.5)
309,45,Male,Sweater,Clothing,35.0,Oregon,M,White,Fall,4.6,Yes,PayPal,Yes,42,Monthly,0,45-54,Low,Loyal (31+),1,30,1,1,High (4.5+)
310,21,Male,Socks,Clothing,39.0,Texas,M,Gray,Summer,4.3,Yes,Bank Transfer,No,12,Fortnightly,0,18-24,Low,Occasional (6-15),1,14,0,1,Medium (3.5-4.4)
311,25,Male,Sneakers,Footwear,58.0,New York,XL,Olive,Summer,4.4,No,PayPal,No,16,Bi-Weekly,0,25-34,Mid-Low,Regular (16-30),1,14,0,0,Medium (3.5-4.4)
312,44,Male,Socks,Clothing,45.0,Montana,L,Olive,Winter,3.4,Yes,Cash,Yes,7,Monthly,0,35-44,Mid-Low,Occasional (6-15),0,30,1,1,Low (<3.5)
313,50,Female,Dress,Clothing,84.0,Illinois,M,Pink,Summer,4.0,Yes,Cash,Yes,44,Bi-Weekly,0,45-54,High,Loyal (31+),1,14,1,1,Medium (3.5-4.4)
314,52,Female,Jeans,Clothing,38.0,Montana,L,Olive,Fall,4.8,Yes,Venmo,Yes,44,Quarterly,0,45-54,Low,Loyal (31+),1,90,1,1,High (4.5+)
315,70,Male,Pants,Clothing,52.0,Nevada,XL,Olive,Fall,3.2,No,PayPal,Yes,11,Every 3 Months,0,65+,Mid-Low,Occasional (6-15),1,90,1,0,Low (<3.5)
316,63,Female,Shorts,Clothing,64.0,Alabama,S,White,Winter,2.7,Yes,PayPal,No,27,Quarterly,0,55-64,Mid-High,Regular (16-30),1,90,0,1,Low (<3.5)
317,38,Male,Dress,Clothing,50.0,California,L,Blue,Summer,2.9,No,Debit Card,No,40,Quarterly,0,35-44,Mid-Low,Loyal (31+),1,90,0,0,Low (<3.5)
318,59,Male,Scarf,Accessories,69.0,Texas,M,Blue,Summer,4.7,Yes,PayPal,No,31,Quarterly,0,55-64,Mid-High,Loyal (31+),1,90,0,1,High (4.5+)
319,23,Male,Shirt,Clothing,84.0,Minnesota,S,Blue,Winter,3.2,Yes,Credit Card,No,33,Bi-Weekly,0,18-24,High,Loyal (31+),1,14,0,1,Low (<3.5)
320,63,Female,Hoodie,Outerwear,63.0,Vermont,XL,Black,Summer,3.7,No,Credit Card,No,14,Quarterly,0,55-64,Mid-High,Occasional (6-15),1,90,0,0,Medium (3.5-4.4)
321,38,Male,Scarf,Accessories,57.0,New York,S,Black,Summer,3.8,No,PayPal,Yes,2,Weekly,0,35-44,Mid-Low,New (0-5),0,7,1,0,Medium (3.5-4.4)
322,58,Male,Slippers,Footwear,97.0,California,L,Red,Spring,4.9,No,Credit Card,No,47,Every 3 Months,0,55-64,High,Loyal (31+),1,90,0,0,High (4.5+)
323,69,Female,T-shirt,Clothing,99.0,Oregon,S,Olive,Summer,3.3,No,Credit Card,No,46,Bi-Weekly,0,65+,High,Loyal (31+),1,14,0,0,Low (<3.5)
324,55,Male,Boots,Footwear,100.0,Oregon,M,Teal,Spring,3.8,No,Debit Card,No,47,Every 3 Months,0,55-64,High,Loyal (31+),1,90,0,0,Medium (3.5-4.4)
325,66,Female,Backpack,Accessories,21.0,Utah,L,Teal,Summer,4.9,Yes,Venmo,Yes,3,Fortnightly,0,65+,Low,New (0-5),0,14,1,1,High (4.5+)
326,18,Male,Sunglasses,Accessories,87.0,Oregon,L,Red,Fall,3.0,No,Credit Card,Yes,34,Annually,0,18-24,High,Loyal (31+),1,365,1,0,Low (<3.5)
327,27,Male,Scarf,Accessories,92.0,Minnesota,L,Teal,Fall,4.0,Yes,PayPal,Yes,13,Monthly,0,25-34,High,Occasional (6-15),1,30,1,1,Medium (3.5-4.4)
328,51,Female,Shoes,Footwear,85.0,Florida,L,Red,Spring,2.7,No,Debit Card,Yes,17,Annually,0,45-54,High,Regular (16-30),1,365,1,0,Low (<3.5)
329,46,Male,Sunglasses,Accessories,80.0,Maine,M,Red,Summer,3.2,No,Debit Card,Yes,21,Bi-Weekly,0,45-54,Mid-High,Regular (16-30),1,14,1,0,Low (<3.5)
330,24,Male,Dress,Clothing,49.0,Ohio,S,White,Summer,2.7,No,Bank Transfer,No,12,Monthly,0,18-24,Mid-Low,Occasional (6-15),1,30,0,0,Low (<3.5)
331,56,Male,Sunglasses,Accessories,78.0,Maine,L,Olive,Spring,3.3,No,PayPal,Yes,30,Quarterly,0,55-64,Mid-High,Regular (16-30),1,90,1,0,Low (<3.5)
332,21,Female,T-shirt,Clothing,66.0,Vermont,M,Blue,Summer,3.0,No,Bank Transfer,No,30,Quarterly,0,18-24,Mid-High,Regular (16-30),1,90,0,0,Low (<3.5)
333,70,Female,Handbag,Accessories,87.0,Maine,S,Red,Fall,4.5,No,Cash,Yes,47,Fortnightly,0,65+,High,Loyal (31+),1,14,1,0,High (4.5+)
334,26,Female,Belt,Accessories,48.0,Ohio,XL,Teal,Spring,3.7,No,PayPal,No,42,Bi-Weekly,0,25-34,Mid-Low,Loyal (31+),1,14,0,0,Medium (3.5-4.4)
335,41,Male,T-shirt,Clothing,80.0,Nevada,M,Gray,Summer,3.5,No,Venmo,Yes,36,Fortnightly,0,35-44,Mid-High,Loyal (31+),1,14,1,0,Medium (3.5-4.4)
336,61,Male,Handbag,Accessories,83.0,Georgia,S,Blue,Summer,4.2,No,Credit Card,Yes,49,Quarterly,0,55-64,High,Loyal (31+),1,90,1,0,Medium (3.5-4.4)
337,45,Male,Socks,Clothing,87.0,Georgia,XL,Olive,Spring,4.9,Yes,Cash,Yes,22,Bi-Weekly,0,45-54,High,Regular (16-30),1,14,1,1,High (4.5+)
338,57,Male,Gloves,Accessories,33.0,Alabama,M,Olive,Fall,3.3,Yes,Cash,Yes,4,Weekly,0,55-64,Low,New (0-5),0,7,1,1,Low (<3.5)
339,55,Female,Socks,Clothing,89.0,Montana,L,Gray,Fall,2.7,No,Venmo,Yes,44,Bi-Weekly,0,55-64,High,Loyal (31+),1,14,1,0,Low (<3.5)
340,68,Male,Jacket,Outerwear,37.0,Maine,S,Black,Summer,2.8,No,PayPal,No,17,Bi-Weekly,0,65+,Low,Regular (16-30),1,14,0,0,Low (<3.5)
341,42,Male,T-shirt,Clothing,95.0,Illinois,M,White,Spring,4.6,No,Credit Card,Yes,23,Monthly,0,35-44,High,Regular (16-30),1,30,1,0,High (4.5+)
342,69,Male,Coat,Outerwear,23.0,Vermont,L,White,Winter,3.8,No,Cash,Yes,20,Annually,1,65+,Low,Regular (16-30),1,365,1,0,Medium (3.5-4.4)
343,45,Male,Scarf,Accessories,38.0,Montana,M,Teal,Spring,3.7,No,Bank Transfer,Yes,46,Annually,0,45-54,Low,Loyal (31+),1,365,1,0,Medium (3.5-4.4)
344,65,Male,Boots,Footwear,69.0,Utah,L,Blue,Spring,2.9,No,Venmo,No,19,Quarterly,0,65+,Mid-High,Regular (16-30),1,90,0,0,Low (<3.5)
345,56,Male,Hat,Accessories,64.0,Florida,M,Red,Spring,3.8,No,Venmo,Yes,35,Annually,0,55-64,Mid-High,Loyal (31+),1,365,1,0,Medium (3.5-4.4)
346,25,Male,Scarf,Accessories,75.0,Alabama,M,Teal,Spring,4.2,No,Venmo,Yes,34,Weekly,0,25-34,Mid-High,Loyal (31+),1,7,1,0,Medium (3.5-4.4)
347,52,Male,Hoodie,Outerwear,52.0,Montana,S,Teal,Winter,3.3,No,Venmo,Yes,28,Annually,0,45-54,Mid-Low,Regular (16-30),1,365,1,0,Low (<3.5)
348,64,Male,Dress,Clothing,20.0,Georgia,M,White,Winter,2.7,No,PayPal,No,28,Monthly,0,55-64,Low,Regular (16-30),1,30,0,0,Low (<3.5)
349,24,Female,Sandals,Footwear,70.0,California,M,Pink,Fall,3.3,No,Bank Transfer,No,4,Bi-Weekly,0,18-24,Mid-High,New (0-5),0,14,0,0,Low (<3.5)
350,62,Male,Blouse,Clothing,61.0,California,L,Olive,Winter,4.2,No,PayPal,No,45,Bi-Weekly,0,55-64,Mid-High,Loyal (31+),1,14,0,0,Medium (3.5-4.4)
351,23,Male,Backpack,Accessories,61.0,Maine,M,Gray,Fall,4.9,No,Venmo,No,17,Bi-Weekly,0,18-24,Mid-High,Regular (16-30),1,14,0,0,High (4.5+)
352,64,Male,Shirt,Clothing,50.0,Florida,M,White,Summer,3.0,No,Bank Transfer,Yes,12,Every 3 Months,0,55-64,Mid-Low,Occasional (6-15),1,90,1,0,Low (<3.5)
353,59,Male,Shoes,Footwear,92.0,Idaho,M,Olive,Fall,4.8,No,Venmo,No,11,Monthly,0,55-64,High,Occasional (6-15),1,30,0,0,High (4.5+)
354,26,Female,Boots,Footwear,84.0,Minnesota,M,Gray,Summer,3.6,No,Bank Transfer,No,20,Weekly,0,25-34,High,Regular (16-30),1,7,0,0,Medium (3.5-4.4)
355,56,Male,Shoes,Footwear,34.0,Florida,M,Red,Winter,4.2,No,PayPal,No,32,Annually,0,55-64,Low,Loyal (31+),1,365,0,0,Medium (3.5-4.4)
356,24,Female,Shoes,Footwear,23.0,Florida,L,Gray,Winter,4.7,No,Venmo,Yes,28,Quarterly,0,18-24,Low,Regular (16-30),1,90,1,0,High (4.5+)
357,48,Female,Jewelry,Accessories,34.0,Minnesota,L,White,Winter,3.9,No,Credit Card,No,42,Bi-Weekly,0,45-54,Low,Loyal (31+),1,14,0,0,Medium (3.5-4.4)
358,66,Male,Sunglasses,Accessories,23.0,New York,L,Gray,Fall,2.7,Yes,Venmo,No,41,Quarterly,0,65+,Low,Loyal (31+),1,90,0,1,Low (<3.5)
359,28,Male,Slippers,Footwear,77.0,California,M,White,Fall,3.2,No,PayPal,No,17,Bi-Weekly,0,25-34,Mid-High,Regular (16-30),1,14,0,0,Low (<3.5)
360,27,Male,Shoes,Footwear,70.0,Montana,S,Blue,Spring,4.5,No,Venmo,No,42,Quarterly,0,25-34,Mid-High,Loyal (31+),1,90,0,0,High (4.5+)
361,40,Male,Jacket,Outerwear,57.0,Vermont,L,Red,Fall,3.9,No,PayPal,No,35,Weekly,0,35-44,Mid-Low,Loyal (31+),1,7,0,0,Medium (3.5-4.4)
362,37,Male,Pants,Clothing,67.0,Illinois,M,White,Spring,3.3,No,Credit Card,Yes,43,Fortnightly,0,35-44,Mid-High,Loyal (31+),1,14,1,0,Low (<3.5)
363,20,Male,Pants,Clothing,85.0,Utah,L,Teal,Fall,4.0,No,Bank Transfer,Yes,1,Bi-Weekly,0,18-24,High,New (0-5),0,14,1,0,Medium (3.5-4.4)
364,42,Male,Jeans,Clothing,87.0,Montana,XL,Teal,Spring,3.2,No,Bank Transfer,Yes,26,Every 3 Months,0,35-44,High,Regular (16-30),1,90,1,0,Low (<3.5)
365,31,Male,Belt,Accessories,55.0,Vermont,M,Red,Summer,3.1,No,PayPal,No,32,Every 3 Months,0,25-34,Mid-Low,Loyal (31+),1,90,0,0,Low (<3.5)
366,24,Male,T-shirt,Clothing,67.0,New York,L,Gray,Winter,4.6,No,PayPal,No,13,Every 3 Months,0,18-24,Mid-High,Occasional (6-15),1,90,0,0,High (4.5+)
367,32,Female,Jewelry,Accessories,66.0,Maine,M,Blue,Summer,3.5,No,Credit Card,No,33,Monthly,0,25-34,Mid-High,Loyal (31+),1,30,0,0,Medium (3.5-4.4)
368,19,Female,Belt,Accessories,96.0,Georgia,M,White,Fall,3.2,No,Debit Card,No,37,Bi-Weekly,0,18-24,High,Loyal (31+),1,14,0,0,Low (<3.5)
369,66,Male,Shirt,Clothing,81.0,Minnesota,S,Teal,Summer,3.5,No,Bank Transfer,No,7,Monthly,0,65+,High,Occasional (6-15),0,30,0,0,Medium (3.5-4.4)
370,70,Male,Hat,Accessories,45.0,Oregon,M,Red,Summer,4.8,Yes,PayPal,No,48,Fortnightly,0,65+,Mid-Low,Loyal (31+),1,14,0,1,High (4.5+)
371,37,Female,Gloves,Accessories,91.0,Minnesota,M,Teal,Spring,3.0,No,Cash,Yes,48,Monthly,0,35-44,High,Loyal (31+),1,30,1,0,Low (<3.5)
372,64,Female,Shorts,Clothing,52.0,Maine,L,Black,Spring,3.0,No,Debit Card,Yes,15,Quarterly,0,55-64,Mid-Low,Occasional (6-15),1,90,1,0,Low (<3.5)
373,42,Male,Jeans,Clothing,81.0,Vermont,L,Black,Summer,3.4,No,Cash,Yes,10,Annually,0,35-44,High,Occasional (6-15),1,365,1,0,Low (<3.5)
374,66,Male,Skirt,Clothing,99.0,Maine,M,Red,Spring,2.7,No,Debit Card,No,10,Bi-Weekly,0,65+,High,Occasional (6-15),1,14,0,0,Low (<3.5)
375,27,Male,Blouse,Clothing,85.0,Oregon,M,Pink,Winter,2.7,Yes,Debit Card,Yes,2,Weekly,0,25-34,High,New (0-5),0,7,1,1,Low (<3.5)
376,33,Female,Sweater,Clothing,28.0,Minnesota,L,Red,Fall,2.5,No,Debit Card,Yes,2,Bi-Weekly,0,25-34,Low,New (0-5),0,14,1,0,Low (<3.5)
377,57,Male,Jacket,Outerwear,36.0,California,M,Pink,Spring,2.9,No,Debit Card,Yes,16,Every 3 Months,0,55-64,Low,Regular (16-30),1,90,1,0,Low (<3.5)
378,29,Male,Blouse,Clothing,84.0,Ohio,L,White,Winter,4.1,No,Cash,No,34,Monthly,0,25-34,High,Loyal (31+),1,30,0,0,Medium (3.5-4.4)
379,61,Male,Sweater,Clothing,29.0,Idaho,S,Pink,Summer,3.0,No,Cash,No,35,Bi-Weekly,0,55-64,Low,Loyal (31+),1,14,0,0,Low (<3.5)
380,40,Male,Sunglasses,Accessories,20.0,Ohio,XL,Red,Fall,3.4,Yes,Venmo,No,28,Monthly,0,35-44,Low,Regular (16-30),1,30,0,1,Low (<3.5)
381,39,Male,Shoes,Footwear,40.0,Georgia,S,Blue,Fall,4.3,Yes,Credit Card,Yes,33,Fortnightly,0,35-44,Mid-Low,Loyal (31+),1,14,1,1,Medium (3.5-4.4)
382,42,Female,Jacket,Outerwear,59.0,California,M,Olive,Winter,2.6,Yes,Venmo,No,7,Every 3 Months,0,35-44,Mid-Low,Occasional (6-15),0,90,0,1,Low (<3.5)
383,60,Male,Handbag,Accessories,30.0,Utah,L,Pink,Spring,3.0,No,Credit Card,Yes,50,Quarterly,0,55-64,Low,Loyal (31+),1,90,1,0,Low (<3.5)
384,18,Male,Boots,Footwear,32.0,Texas,S,Teal,Summer,5.0,No,Debit Card,No,10,Annually,0,18-24,Low,Occasional (6-15),1,365,0,0,High (4.5+)
385,57,Male,Skirt,Clothing,47.0,Montana,M,Black,Summer,4.0,No,Venmo,Yes,19,Weekly,0,55-64,Mid-Low,Regular (16-30),1,7,1,0,Medium (3.5-4.4)
386,59,Female,Hoodie,Outerwear,68.0,Oregon,S,Olive,Fall,4.1,No,Cash,Yes,34,Quarterly,0,55-64,Mid-High,Loyal (31+),1,90,1,0,Medium (3.5-4.4)
387,61,Male,Scarf,Accessories,64.0,Montana,L,Blue,Winter,3.8,No,PayPal,No,7,Weekly,0,55-64,Mid-High,Occasional (6-15),0,7,0,0,Medium (3.5-4.4)
388,70,Male,Jacket,Outerwear,84.0,Texas,M,Gray,Summer,4.9,No,Venmo,No,22,Weekly,0,65+,High,Regular (16-30),1,7,0,0,High (4.5+)
389,59,Male,Dress,Clothing,99.0,Ohio,S,Red,Summer,2.9,No,Venmo,No,47,Every 3 Months,0,55-64,High,Loyal (31+),1,90,0,0,Low (<3.5)
390,46,Female,Sunglasses,Accessories,22.0,Oregon,M,Pink,Spring,2.7,No,Debit Card,Yes,12,Bi-Weekly,0,45-54,Low,Occasional (6-15),1,14,1,0,Low (<3.5)
391,42,Male,Sunglasses,Accessories,75.0,New York,M,Red,Fall,4.5,Yes,Bank Transfer,No,31,Bi-Weekly,0,35-44,Mid-High,Loyal (31+),1,14,0,1,High (4.5+)
392,38,Female,Pants,Clothing,33.0,California,XL,Blue,Summer,2.5,No,PayPal,Yes,31,Fortnightly,0,35-44,Low,Loyal (31+),1,14,1,0,Low (<3.5)
393,61,Male,Sneakers,Footwear,49.0,New York,S,Red,Fall,3.9,Yes,Credit Card,Yes,4,Weekly,0,55-64,Mid-Low,New (0-5),0,7,1,1,Medium (3.5-4.4)
394,38,Female,Hat,Accessories,47.0,Maine,M,Olive,Winter,2.5,No,Venmo,No,3,Quarterly,0,35-44,Mid-Low,New (0-5),0,90,0,0,Low (<3.5)
395,48,Female,Dress,Clothing,76.0,Vermont,M,Pink,Fall,3.4,No,Credit Card,No,8,Monthly,0,45-54,Mid-High,Occasional (6-15),0,30,0,0,Low (<3.5)
396,23,Male,Boots,Footwear,40.0,Illinois,M,Black,Spring,4.1,No,Credit Card,No,1,Quarterly,0,18-24,Mid-Low,New (0-5),0,90,0,0,Medium (3.5-4.4)
397,34,Male,Belt,Accessories,92.0,Minnesota,XL,Gray,Winter,3.9,Yes,PayPal,No,27,Fortnightly,0,25-34,High,Regular (16-30),1,14,0,1,Medium (3.5-4.4)
398,32,Male,Sweater,Clothing,51.0,Utah,M,Black,Summer,3.9,No,Debit Card,No,14,Annually,0,25-34,Mid-Low,Occasional (6-15),1,365,0,0,Medium (3.5-4.4)
399,41,Male,Shoes,Footwear,86.0,Minnesota,L,Gray,Summer,2.9,No,Credit Card,Yes,30,Weekly,0,35-44,High,Regular (16-30),1,7,1,0,Low (<3.5)
400,44,Male,Slippers,Footwear,97.0,Illinois,M,Gray,Winter,3.2,No,Cash,No,15,Monthly,0,35-44,High,Occasional (6-15),1,30,0,0,Low (<3.5)
401,55,Male,Shirt,Clothing,61.0,Georgia,L,Pink,Fall,4.3,No,Credit Card,No,18,Monthly,0,55-64,Mid-High,Regular (16-30),1,30,0,0,Medium (3.5-4.4)
402,40,Female,Belt,Accessories,28.0,Nevada,M,White,Winter,2.6,No,Bank Transfer,No,6,Weekly,0,35-44,Low,Occasional (6-15),0,7,0,0,Low (<3.5)
403,25,Male,Hat,Accessories,76.0,Texas,M,Pink,Winter,4.0,No,Debit Card,No,40,Quarterly,0,25-34,Mid-High,Loyal (31+),1,90,0,0,Medium (3.5-4.4)
404,46,Male,Sweater,Clothing,54.0,Nevada,S,Olive,Summer,3.8,No,Credit Card,Yes,6,Quarterly,0,45-54,Mid-Low,Occasional (6-15),0,90,1,0,Medium (3.5-4.4)
405,20,Male,Coat,Outerwear,47.0,Texas,S,Olive,Winter,3.4,No,PayPal,No,46,Monthly,0,18-24,Mid-Low,Loyal (31+),1,30,0,0,Low (<3.5)
406,63,Male,Hat,Accessories,57.0,Alabama,XL,Olive,Spring,3.3,No,Cash,No,9,Bi-Weekly,0,55-64,Mid-Low,Occasional (6-15),0,14,0,0,Low (<3.5)
407,58,Male,Shirt,Clothing,44.0,Oregon,L,Gray,Winter,4.5,No,Cash,No,50,Annually,0,55-64,Mid-Low,Loyal (31+),1,365,0,0,High (4.5+)
408,29,Male,Belt,Accessories,42.0,Minnesota,M,Black,Winter,3.5,No,PayPal,No,37,Fortnightly,0,25-34,Mid-Low,Loyal (31+),1,14,0,0,Medium (3.5-4.4)
409,31,Male,Pants,Clothing,100.0,Ohio,M,Pink,Spring,2.7,Yes,Cash,No,42,Every 3 Months,0,25-34,High,Loyal (31+),1,90,0,1,Low (<3.5)
410,19,Female,Hoodie,Outerwear,42.0,Idaho,L,Red,Spring,4.9,No,Bank Transfer,No,41,Bi-Weekly,0,18-24,Mid-Low,Loyal (31+),1,14,0,0,High (4.5+)
411,37,Male,Handbag,Accessories,57.0,Montana,M,Black,Spring,2.8,No,PayPal,No,23,Bi-Weekly,0,35-44,Mid-Low,Regular (16-30),1,14,0,0,Low (<3.5)
412,20,Female,Jewelry,Accessories,77.0,Texas,M,Gray,Summer,4.5,No,Credit Card,Yes,10,Fortnightly,0,18-24,Mid-High,Occasional (6-15),1,14,1,0,High (4.5+)
413,67,Male,Shorts,Clothing,37.0,Idaho,L,Teal,Winter,2.5,No,Cash,No,34,Quarterly,0,65+,Low,Loyal (31+),1,90,0,0,Low (<3.5)
414,25,Male,Handbag,Accessories,70.0,Utah,M,Olive,Spring,3.4,No,Cash,No,33,Fortnightly,0,25-34,Mid-High,Loyal (31+),1,14,0,0,Low (<3.5)
415,52,Male,Blouse,Clothing,92.0,Vermont,M,White,Spring,3.8,Yes,PayPal,No,41,Bi-Weekly,0,45-54,High,Loyal (31+),1,14,0,1,Medium (3.5-4.4)
416,48,Male,T-shirt,Clothing,85.0,Minnesota,M,Pink,Summer,2.6,No,Credit Card,No,12,Monthly,0,45-54,High,Occasional (6-15),1,30,0,0,Low (<3.5)
417,30,Female,Skirt,Clothing,22.0,Alabama,S,Pink,Summer,4.3,No,Credit Card,Yes,41,Weekly,0,25-34,Low,Loyal (31+),1,7,1,0,Medium (3.5-4.4)
418,60,Male,Gloves,Accessories,52.0,Ohio,L,Blue,Fall,3.2,No,Debit Card,Yes,45,Every 3 Months,0,55-64,Mid-Low,Loyal (31+),1,90,1,0,Low (<3.5)
419,23,Male,Shirt,Clothing,20.0,Illinois,L,Gray,Fall,3.9,Yes,Credit Card,Yes,37,Bi-Weekly,0,18-24,Low,Loyal (31+),1,14,1,1,Medium (3.5-4.4)
420,65,Female,Hat,Accessories,69.0,Georgia,XL,Pink,Winter,4.5,No,PayPal,No,14,Annually,0,65+,Mid-High,Occasional (6-15),1,365,0,0,High (4.5+)
421,57,Male,Belt,Accessories,46.0,California,M,White,Summer,4.0,No,Debit Card,No,13,Quarterly,0,55-64,Mid-Low,Occasional (6-15),1,90,0,0,Medium (3.5-4.4)
422,51,Female,Pants,Clothing,92.0,Nevada,L,Blue,Summer,3.6,No,Venmo,No,7,Fortnightly,0,45-54,High,Occasional (6-15),0,14,0,0,Medium (3.5-4.4)
423,64,Male,Sweater,Clothing,34.0,Illinois,XL,Red,Spring,3.3,Yes,Credit Card,No,42,Quarterly,0,55-64,Low,Loyal (31+),1,90,0,1,Low (<3.5)
424,39,Female,Socks,Clothing,88.0,Georgia,L,Black,Winter,2.6,Yes,PayPal,No,22,Monthly,0,35-44,High,Regular (16-30),1,30,0,1,Low (<3.5)
425,32,Male,Gloves,Accessories,47.0,Idaho,XL,White,Spring,4.8,No,Cash,No,16,Monthly,0,25-34,Mid-Low,Regular (16-30),1,30,0,0,High (4.5+)
426,26,Male,Backpack,Accessories,94.0,Nevada,XL,Gray,Fall,4.0,No,Cash,No,8,Every 3 Months,0,25-34,High,Occasional (6-15),0,90,0,0,Medium (3.5-4.4)
427,66,Female,Sweater,Clothing,36.0,Georgia,L,Blue,Winter,4.1,No,Bank Transfer,Yes,25,Quarterly,0,65+,Low,Regular (16-30),1,90,1,0,Medium (3.5-4.4)
428,39,Male,Hat,Accessories,41.0,Nevada,XL,White,Fall,3.6,No,Credit Card,Yes,10,Annually,0,35-44,Mid-Low,Occasional (6-15),1,365,1,0,Medium (3.5-4.4)
429,61,Female,Pants,Clothing,48.0,Idaho,L,Blue,Fall,3.4,No,Credit Card,Yes,42,Annually,0,55-64,Mid-Low,Loyal (31+),1,365,1,0,Low (<3.5)
430,35,Male,Backpack,Accessories,99.0,Idaho,M,Black,Spring,2.6,Yes,Venmo,Yes,17,Every 3 Months,0,35-44,High,Regular (16-30),1,90,1,1,Low (<3.5)
431,68,Male,Jacket,Outerwear,79.0,Texas,XL,Olive,Fall,2.9,No,Bank Transfer,No,23,Monthly,0,65+,Mid-High,Regular (16-30),1,30,0,0,Low (<3.5)
432,64,Male,Belt,Accessories,86.0,California,L,Blue,Spring,3.6,No,Credit Card,Yes,34,Monthly,0,55-64,High,Loyal (31+),1,30,1,0,Medium (3.5-4.4)
433,34,Female,Backpack,Accessories,64.0,Minnesota,S,Olive,Fall,3.1,No,Debit Card,No,35,Annually,0,25-34,Mid-High,Loyal (31+),1,365,0,0,Low (<3.5)
434,43,Male,Hat,Accessories,84.0,Texas,M,Pink,Fall,2.6,No,Bank Transfer,Yes,6,Annually,0,35-44,High,Occasional (6-15),0,365,1,0,Low (<3.5)
435,60,Female,Pants,Clothing,70.0,New York,M,Red,Summer,3.9,No,Cash,Yes,4,Bi-Weekly,0,55-64,Mid-High,New (0-5),0,14,1,0,Medium (3.5-4.4)
436,29,Male,Socks,Clothing,74.0,Georgia,L,Teal,Fall,3.7,No,Cash,Yes,15,Quarterly,0,25-34,Mid-High,Occasional (6-15),1,90,1,0,Medium (3.5-4.4)
437,19,Female,Shorts,Clothing,87.0,Oregon,M,White,Fall,3.6,No,Bank Transfer,No,38,Quarterly,0,18-24,High,Loyal (31+),1,90,0,0,Medium (3.5-4.4)
438,33,Male,Sneakers,Footwear,99.0,Idaho,M,Teal,Spring,4.5,No,Venmo,No,43,Weekly,0,25-34,High,Loyal (31+),1,7,0,0,High (4.5+)
439,49,Male,Hat,Accessories,66.0,Georgia,M,Blue,Summer,4.0,No,Venmo,No,49,Weekly,0,45-54,Mid-High,Loyal (31+),1,7,0,0,Medium (3.5-4.4)
440,25,Male,Scarf,Accessories,55.0,Utah,S,Blue,Summer,2.5,No,PayPal,No,14,Weekly,0,25-34,Mid-Low,Occasional (6-15),1,7,0,0,Low (<3.5)
441,35,Male,Handbag,Accessories,72.0,Illinois,XL,Teal,Spring,3.7,No,Bank Transfer,Yes,39,Fortnightly,1,35-44,Mid-High,Loyal (31+),1,14,1,0,Medium (3.5-4.4)
442,66,Female,Shorts,Clothing,80.0,Minnesota,M,Red,Summer,3.7,No,PayPal,No,9,Annually,0,65+,Mid-High,Occasional (6-15),0,365,0,0,Medium (3.5-4.4)
443,21,Female,Hat,Accessories,99.0,New York,M,Olive,Spring,3.8,Yes,Cash,Yes,10,Bi-Weekly,0,18-24,High,Occasional (6-15),1,14,1,1,Medium (3.5-4.4)
444,20,Male,T-shirt,Clothing,76.0,New York,M,Pink,Summer,4.7,No,Bank Transfer,Yes,27,Annually,0,18-24,Mid-High,Regular (16-30),1,365,1,0,High (4.5+)
445,40,Female,Skirt,Clothing,97.0,Nevada,L,Red,Spring,2.8,No,Venmo,No,5,Monthly,0,35-44,High,New (0-5),0,30,0,0,Low (<3.5)
446,18,Male,Gloves,Accessories,79.0,Utah,L,Blue,Spring,4.0,No,Debit Card,No,2,Monthly,0,18-24,Mid-High,New (0-5),0,30,0,0,Medium (3.5-4.4)
447,19,Male,Coat,Outerwear,97.0,Florida,M,Red,Winter,3.2,No,Bank Transfer,No,50,Fortnightly,0,18-24,High,Loyal (31+),1,14,0,0,Low (<3.5)
448,27,Male,Scarf,Accessories,80.0,Utah,M,Red,Spring,2.6,Yes,Venmo,Yes,41,Quarterly,0,25-34,Mid-High,Loyal (31+),1,90,1,1,Low (<3.5)
449,23,Male,Shirt,Clothing,91.0,Minnesota,XL,Red,Spring,3.6,Yes,Credit Card,No,34,Quarterly,0,18-24,High,Loyal (31+),1,90,0,1,Medium (3.5-4.4)
450,60,Male,Gloves,Accessories,35.0,Ohio,L,White,Summer,3.2,No,Debit Card,No,12,Bi-Weekly,0,55-64,Low,Occasional (6-15),1,14,0,0,Low (<3.5)
451,24,Male,Sweater,Clothing,100.0,California,L,Teal,Spring,2.5,No,Venmo,No,4,Every 3 Months,0,18-24,High,New (0-5),0,90,0,0,Low (<3.5)
452,45,Male,Sunglasses,Accessories,48.0,Alabama,M,Gray,Winter,3.7,No,PayPal,No,7,Quarterly,0,45-54,Mid-Low,Occasional (6-15),0,90,0,0,Medium (3.5-4.4)
453,55,Female,Jewelry,Accessories,84.0,Texas,XL,Pink,Winter,3.3,Yes,Credit Card,No,22,Quarterly,0,55-64,High,Regular (16-30),1,90,0,1,Low (<3.5)
454,51,Female,Skirt,Clothing,51.0,Idaho,L,Olive,Winter,3.6,Yes,Bank Transfer,Yes,41,Monthly,0,45-54,Mid-Low,Loyal (31+),1,30,1,1,Medium (3.5-4.4)
455,52,Female,Socks,Clothing,57.0,Vermont,M,Blue,Winter,2.5,No,Credit Card,No,30,Quarterly,0,45-54,Mid-Low,Regular (16-30),1,90,0,0,Low (<3.5)
456,36,Male,Shirt,Clothing,80.0,Alabama,XL,Blue,Spring,3.5,Yes,Cash,No,43,Bi-Weekly,0,35-44,Mid-High,Loyal (31+),1,14,0,1,Medium (3.5-4.4)
457,65,Female,Coat,Outerwear,63.0,Idaho,XL,Teal,Fall,3.7,No,Bank Transfer,No,46,Annually,0,65+,Mid-High,Loyal (31+),1,365,0,0,Medium (3.5-4.4)
458,21,Male,Boots,Footwear,78.0,Maine,L,Black,Spring,3.7,No,Bank Transfer,No,37,Monthly,0,18-24,Mid-High,Loyal (31+),1,30,0,0,Medium (3.5-4.4)
459,23,Female,Hat,Accessories,26.0,California,L,Blue,Summer,4.3,No,Bank Transfer,No,5,Fortnightly,0,18-24,Low,New (0-5),0,14,0,0,Medium (3.5-4.4)
460,63,Male,Gloves,Accessories,87.0,Minnesota,M,Olive,Summer,5.0,No,Debit Card,Yes,12,Monthly,0,55-64,High,Occasional (6-15),1,30,1,0,High (4.5+)
461,21,Male,Boots,Footwear,53.0,Illinois,M,Gray,Fall,2.6,Yes,Cash,No,17,Annually,0,18-24,Mid-Low,Regular (16-30),1,365,0,1,Low (<3.5)
462,28,Male,T-shirt,Clothing,83.0,Oregon,M,Gray,Summer,3.5,No,PayPal,Yes,27,Annually,0,25-34,High,Regular (16-30),1,365,1,0,Medium (3.5-4.4)
463,27,Female,Hoodie,Outerwear,43.0,Georgia,M,Black,Summer,4.6,No,Bank Transfer,No,40,Bi-Weekly,0,25-34,Mid-Low,Loyal (31+),1,14,0,0,High (4.5+)
464,19,Female,Sweater,Clothing,68.0,Illinois,M,White,Winter,4.1,No,Venmo,No,49,Annually,0,18-24,Mid-High,Loyal (31+),1,365,0,0,Medium (3.5-4.4)
465,24,Male,Sandals,Footwear,67.0,New York,M,Gray,Spring,5.0,No,Cash,No,50,Bi-Weekly,0,18-24,Mid-High,Loyal (31+),1,14,0,0,High (4.5+)
466,48,Female,Scarf,Accessories,31.0,Nevada,XL,Blue,Summer,4.3,No,Bank Transfer,No,24,Fortnightly,0,45-54,Low,Regular (16-30),1,14,0,0,Medium (3.5-4.4)
467,53,Female,Sunglasses,Accessories,58.0,Oregon,S,Red,Summer,4.3,Yes,Cash,Yes,50,Fortnightly,0,45-54,Mid-Low,Loyal (31+),1,14,1,1,Medium (3.5-4.4)
468,22,Male,Coat,Outerwear,71.0,Minnesota,L,Teal,Winter,2.7,No,Credit Card,Yes,48,Fortnightly,0,18-24,Mid-High,Loyal (31+),1,14,1,0,Low (<3.5)
469,67,Female,Dress,Clothing,87.0,Ohio,M,Olive,Fall,3.2,Yes,Venmo,No,9,Bi-Weekly,0,65+,High,Occasional (6-15),0,14,0,1,Low (<3.5)
470,23,Male,Shoes,Footwear,91.0,Ohio,S,Olive,Spring,4.0,Yes,Cash,No,34,Bi-Weekly,0,18-24,High,Loyal (31+),1,14,0,1,Medium (3.5-4.4)
471,54,Male,Pants,Clothing,51.0,Montana,S,White,Spring,3.8,No,Venmo,Yes,22,Bi-Weekly,0,45-54,Mid-Low,Regular (16-30),1,14,1,0,Medium (3.5-4.4)
472,60,Male,Sandals,Footwear,72.0,Texas,M,Gray,Winter,4.4,Yes,Venmo,No,43,Weekly,0,55-64,Mid-High,Loyal (31+),1,7,0,1,Medium (3.5-4.4)
473,45,Female,Dress,Clothing,34.0,Texas,M,Teal,Winter,5.0,Yes,Venmo,No,44,Bi-Weekly,0,45-54,Low,Loyal (31+),1,14,0,1,High (4.5+)
474,44,Female,Skirt,Clothing,92.0,Vermont,M,Olive,Winter,3.0,Yes,Cash,Yes,10,Monthly,0,35-44,High,Occasional (6-15),1,30,1,1,Low (<3.5)
475,23,Male,Blouse,Clothing,90.0,Ohio,L,Pink,Spring,3.6,No,PayPal,Yes,31,Bi-Weekly,0,18-24,High,Loyal (31+),1,14,1,0,Medium (3.5-4.4)
476,30,Male,Socks,Clothing,100.0,Utah,M,Teal,Fall,4.7,No,PayPal,Yes,47,Monthly,0,25-34,High,Loyal (31+),1,30,1,0,High (4.5+)
477,63,Male,T-shirt,Clothing,59.0,Minnesota,S,Teal,Fall,4.6,No,Bank Transfer,No,34,Fortnightly,0,55-64,Mid-Low,Loyal (31+),1,14,0,0,High (4.5+)
478,36,Female,Handbag,Accessories,49.0,Oregon,M,Blue,Winter,4.5,Yes,Debit Card,No,43,Weekly,0,35-44,Mid-Low,Loyal (31+),1,7,0,1,High (4.5+)
479,19,Female,Sunglasses,Accessories,81.0,Utah,S,Blue,Summer,4.1,Yes,Cash,No,37,Annually,0,18-24,High,Loyal (31+),1,365,0,1,Medium (3.5-4.4)
480,56,Male,T-shirt,Clothing,78.0,Idaho,S,Blue,Summer,5.0,No,Bank Transfer,Yes,40,Annually,0,55-64,Mid-High,Loyal (31+),1,365,1,0,High (4.5+)
481,54,Male,Sweater,Clothing,37.0,Texas,M,Pink,Fall,3.4,Yes,Debit Card,No,43,Bi-Weekly,0,45-54,Low,Loyal (31+),1,14,0,1,Low (<3.5)
482,21,Male,Pants,Clothing,63.0,Utah,L,Red,Spring,2.8,No,Venmo,Yes,48,Every 3 Months,0,18-24,Mid-High,Loyal (31+),1,90,1,0,Low (<3.5)
483,20,Male,Sandals,Footwear,72.0,Ohio,L,Pink,Fall,2.8,Yes,Debit Card,No,10,Weekly,0,18-24,Mid-High,Occasional (6-15),1,7,0,1,Low (<3.5)
484,24,Male,Skirt,Clothing,56.0,Utah,L,Pink,Summer,3.6,No,Bank Transfer,Yes,40,Fortnightly,0,18-24,Mid-Low,Loyal (31+),1,14,1,0,Medium (3.5-4.4)
485,20,Male,T-shirt,Clothing,50.0,New York,L,Olive,Spring,4.5,Yes,Venmo,No,20,Monthly,0,18-24,Mid-Low,Regular (16-30),1,30,0,1,High (4.5+)
486,50,Male,Blouse,Clothing,39.0,Utah,M,Black,Winter,3.6,No,Credit Card,No,29,Quarterly,0,45-54,Low,Regular (16-30),1,90,0,0,Medium (3.5-4.4)
487,25,Male,Sandals,Footwear,53.0,Florida,M,Olive,Summer,4.0,No,Cash,Yes,33,Quarterly,0,25-34,Mid-Low,Loyal (31+),1,90,1,0,Medium (3.5-4.4)
488,50,Female,Pants,Clothing,39.0,Nevada,S,White,Winter,3.4,Yes,PayPal,Yes,33,Bi-Weekly,0,45-54,Low,Loyal (31+),1,14,1,1,Low (<3.5)
489,27,Male,Shoes,Footwear,44.0,Illinois,L,Gray,Summer,4.3,No,Debit Card,Yes,10,Annually,0,25-34,Mid-Low,Occasional (6-15),1,365,1,0,Medium (3.5-4.4)
490,69,Male,Shoes,Footwear,34.0,Idaho,M,White,Summer,2.9,No,Credit Card,Yes,42,Quarterly,0,65+,Low,Loyal (31+),1,90,1,0,Low (<3.5)
491,56,Female,Scarf,Accessories,50.0,Alabama,M,Black,Summer,3.8,No,Cash,Yes,36,Bi-Weekly,0,55-64,Mid-Low,Loyal (31+),1,14,1,0,Medium (3.5-4.4)
492,37,Female,Belt,Accessories,71.0,Maine,XL,Olive,Fall,3.0,No,Cash,No,38,Monthly,0,35-44,Mid-High,Loyal (31+),1,30,0,0,Low (<3.5)
493,40,Male,Jewelry,Accessories,50.0,Nevada,M,Red,Spring,3.7,Yes,Cash,No,31,Bi-Weekly,0,35-44,Mid-Low,Loyal (31+),1,14,0,1,Medium (3.5-4.4)
494,21,Male,Blouse,Clothing,31.0,New York,S,Olive,Spring,3.6,No,Venmo,Yes,30,Weekly,0,18-24,Low,Regular (16-30),1,7,1,0,Medium (3.5-4.4)
495,20,Female,Jewelry,Accessories,84.0,Nevada,XL,Red,Spring,4.0,Yes,Venmo,No,14,Weekly,0,18-24,High,Occasional (6-15),1,7,0,1,Medium (3.5-4.4)
496,46,Male,Boots,Footwear,54.0,Minnesota,M,Blue,Spring,3.8,No,PayPal,No,30,Monthly,0,45-54,Mid-Low,Regular (16-30),1,30,0,0,Medium (3.5-4.4)
497,19,Male,T-shirt,Clothing,67.0,Maine,M,Black,Summer,4.9,No,Debit Card,No,15,Weekly,0,18-24,Mid-High,Occasional (6-15),1,7,0,0,High (4.5+)
498,51,Male,Scarf,Accessories,62.0,New York,S,Blue,Fall,4.8,Yes,Cash,No,45,Annually,0,45-54,Mid-High,Loyal (31+),1,365,0,1,High (4.5+)
499,38,Male,Blouse,Clothing,61.0,Nevada,M,Teal,Winter,3.2,No,Credit Card,No,3,Annually,0,35-44,Mid-High,New (0-5),0,365,0,0,Low (<3.5)
500,25,Male,Shoes,Footwear,55.0,Ohio,XL,Pink,Summer,2.8,No,Debit Card,No,1,Every 3 Months,0,25-34,Mid-Low,New (0-5),0,90,0,0,Low (<3.5)
501,46,Female,Gloves,Accessories,81.0,Florida,L,Red,Summer,2.7,Yes,Cash,No,37,Every 3 Months,0,45-54,High,Loyal (31+),1,90,0,1,Low (<3.5)
502,47,Male,Sunglasses,Accessories,89.0,Minnesota,M,Black,Spring,3.0,No,Venmo,No,36,Quarterly,0,45-54,High,Loyal (31+),1,90,0,0,Low (<3.5)
503,57,Male,Coat,Outerwear,93.0,California,M,Teal,Spring,3.1,No,Debit Card,Yes,28,Every 3 Months,0,55-64,High,Regular (16-30),1,90,1,0,Low (<3.5)
504,28,Male,Shoes,Footwear,55.0,Oregon,M,Olive,Winter,4.7,No,Venmo,Yes,29,Every 3 Months,0,25-34,Mid-Low,Regular (16-30),1,90,1,0,High (4.5+)
505,47,Female,Sneakers,Footwear,47.0,Ohio,M,Black,Fall,4.8,No,Bank Transfer,Yes,2,Monthly,0,45-54,Mid-Low,New (0-5),0,30,1,0,High (4.5+)
506,62,Male,Scarf,Accessories,26.0,Florida,M,White,Fall,3.1,No,Venmo,Yes,42,Every 3 Months,0,55-64,Low,Loyal (31+),1,90,1,0,Low (<3.5)
507,32,Female,Shirt,Clothing,55.0,Ohio,S,White,Summer,4.4,No,Cash,Yes,43,Fortnightly,0,25-34,Mid-Low,Loyal (31+),1,14,1,0,Medium (3.5-4.4)
508,62,Male,Scarf,Accessories,100.0,Ohio,L,Teal,Fall,4.6,No,Bank Transfer,Yes,11,Annually,0,55-64,High,Occasional (6-15),1,365,1,0,High (4.5+)
509,56,Male,Boots,Footwear,41.0,Vermont,L,Teal,Winter,3.4,No,Venmo,No,1,Quarterly,0,55-64,Mid-Low,New (0-5),0,90,0,0,Low (<3.5)
510,40,Female,Skirt,Clothing,88.0,Montana,XL,Red,Spring,4.7,No,Debit Card,Yes,27,Weekly,0,35-44,High,Regular (16-30),1,7,1,0,High (4.5+)
511,64,Female,Blouse,Clothing,81.0,California,L,White,Summer,5.0,No,PayPal,No,13,Fortnightly,0,55-64,High,Occasional (6-15),1,14,0,0,High (4.5+)
512,69,Male,Jewelry,Accessories,73.0,Utah,M,Olive,Spring,4.9,Yes,Bank Transfer,Yes,7,Weekly,0,65+,Mid-High,Occasional (6-15),0,7,1,1,High (4.5+)
513,30,Male,Shirt,Clothing,65.0,Utah,L,Blue,Spring,4.4,No,Bank Transfer,No,6,Fortnightly,0,25-34,Mid-High,Occasional (6-15),0,14,0,0,Medium (3.5-4.4)
514,69,Male,Shorts,Clothing,81.0,New York,XL,Black,Fall,3.4,No,Bank Transfer,Yes,33,Every 3 Months,0,65+,High,Loyal (31+),1,90,1,0,Low (<3.5)
515,18,Male,Blouse,Clothing,27.0,Ohio,S,Blue,Fall,3.1,No,Cash,Yes,18,Every 3 Months,0,18-24,Low,Regular (16-30),1,90,1,0,Low (<3.5)
516,24,Male,Blouse,Clothing,30.0,Nevada,M,Blue,Winter,5.0,Yes,Bank Transfer,No,39,Annually,0,18-24,Low,Loyal (31+),1,365,0,1,High (4.5+)
517,20,Female,Sweater,Clothing,35.0,Vermont,M,Black,Spring,3.2,No,Debit Card,Yes,16,Weekly,0,18-24,Low,Regular (16-30),1,7,1,0,Low (<3.5)
518,37,Female,Scarf,Accessories,82.0,Nevada,XL,Olive,Spring,3.6,Yes,Credit Card,No,32,Monthly,0,35-44,High,Loyal (31+),1,30,0,1,Medium (3.5-4.4)
519,67,Male,Jeans,Clothing,54.0,Maine,XL,Blue,Fall,3.2,No,Bank Transfer,No,14,Every 3 Months,0,65+,Mid-Low,Occasional (6-15),1,90,0,0,Low (<3.5)
520,49,Male,Sunglasses,Accessories,36.0,Minnesota,L,Gray,Winter,3.7,No,Venmo,No,28,Annually,0,45-54,Low,Regular (16-30),1,365,0,0,Medium (3.5-4.4)
521,50,Male,Handbag,Accessories,23.0,New York,M,Gray,Winter,2.8,No,Venmo,No,35,Weekly,0,45-54,Low,Loyal (31+),1,7,0,0,Low (<3.5)
522,22,Male,Skirt,Clothing,59.0,Florida,XL,Pink,Winter,4.5,No,Cash,No,18,Quarterly,0,18-24,Mid-Low,Regular (16-30),1,90,0,0,High (4.5+)
523,45,Male,Sweater,Clothing,52.0,New York,S,Pink,Winter,3.8,No,Bank Transfer,Yes,45,Weekly,0,45-54,Mid-Low,Loyal (31+),1,7,1,0,Medium (3.5-4.4)
524,38,Female,Belt,Accessories,34.0,Montana,M,Gray,Winter,3.5,No,Credit Card,No,32,Weekly,0,35-44,Low,Loyal (31+),1,7,0,0,Medium (3.5-4.4)
525,43,Female,Skirt,Clothing,21.0,Idaho,M,Pink,Summer,3.4,No,Cash,Yes,11,Every 3 Months,0,35-44,Low,Occasional (6-15),1,90,1,0,Low (<3.5)
526,31,Male,Socks,Clothing,81.0,Georgia,L,Gray,Fall,3.9,Yes,Venmo,No,45,Annually,0,25-34,High,Loyal (31+),1,365,0,1,Medium (3.5-4.4)
527,28,Female,Jacket,Outerwear,83.0,Minnesota,L,Black,Fall,4.4,No,PayPal,No,25,Fortnightly,0,25-34,High,Regular (16-30),1,14,0,0,Medium (3.5-4.4)
528,68,Male,Coat,Outerwear,39.0,California,M,Pink,Summer,4.8,No,PayPal,Yes,37,Every 3 Months,0,65+,Low,Loyal (31+),1,90,1,0,High (4.5+)
529,47,Female,Sunglasses,Accessories,59.0,Vermont,M,Pink,Winter,4.6,Yes,Venmo,No,18,Annually,0,45-54,Mid-Low,Regular (16-30),1,365,0,1,High (4.5+)
530,39,Male,Sweater,Clothing,40.0,Vermont,M,Red,Winter,3.6,No,Venmo,No,2,Monthly,0,35-44,Mid-Low,New (0-5),0,30,0,0,Medium (3.5-4.4)
531,21,Male,Jewelry,Accessories,53.0,Nevada,S,Red,Fall,4.6,No,Debit Card,No,29,Fortnightly,0,18-24,Mid-Low,Regular (16-30),1,14,0,0,High (4.5+)
532,58,Male,Sunglasses,Accessories,28.0,Florida,L,Teal,Summer,3.8,No,Debit Card,Yes,26,Every 3 Months,0,55-64,Low,Regular (16-30),1,90,1,0,Medium (3.5-4.4)
533,43,Male,T-shirt,Clothing,96.0,Maine,M,Red,Winter,4.1,No,Credit Card,No,37,Monthly,0,35-44,High,Loyal (31+),1,30,0,0,Medium (3.5-4.4)
534,38,Male,Jewelry,Accessories,78.0,California,M,Blue,Spring,4.2,No,Cash,Yes,37,Bi-Weekly,0,35-44,Mid-High,Loyal (31+),1,14,1,0,Medium (3.5-4.4)
535,53,Male,Shorts,Clothing,92.0,Alabama,M,Olive,Spring,3.5,No,Bank Transfer,Yes,35,Annually,0,45-54,High,Loyal (31+),1,365,1,0,Medium (3.5-4.4)
536,24,Female,Shirt,Clothing,43.0,Ohio,L,Blue,Summer,3.7,Yes,Bank Transfer,No,26,Quarterly,0,18-24,Mid-Low,Regular (16-30),1,90,0,1,Medium (3.5-4.4)
537,46,Female,Sneakers,Footwear,90.0,Ohio,L,Red,Spring,4.2,No,Credit Card,No,1,Fortnightly,0,45-54,High,New (0-5),0,14,0,0,Medium (3.5-4.4)
538,63,Male,Skirt,Clothing,61.0,Minnesota,M,Pink,Summer,3.3,No,Debit Card,No,30,Bi-Weekly,0,55-64,Mid-High,Regular (16-30),1,14,0,0,Low (<3.5)
539,42,Male,Sweater,Clothing,36.0,Montana,M,White,Summer,4.4,No,PayPal,No,48,Bi-Weekly,0,35-44,Low,Loyal (31+),1,14,0,0,Medium (3.5-4.4)
540,18,Female,Scarf,Accessories,46.0,Vermont,XL,Black,Fall,3.4,Yes,Debit Card,No,46,Monthly,0,18-24,Mid-Low,Loyal (31+),1,30,0,1,Low (<3.5)
541,30,Male,Hoodie,Outerwear,85.0,Texas,M,Blue,Summer,4.0,No,Cash,No,5,Fortnightly,0,25-34,High,New (0-5),0,14,0,0,Medium (3.5-4.4)
542,20,Male,Slippers,Footwear,82.0,Maine,M,White,Winter,4.6,No,Credit Card,Yes,44,Quarterly,0,18-24,High,Loyal (31+),1,90,1,0,High (4.5+)
543,44,Male,Sunglasses,Accessories,78.0,New York,M,Blue,Summer,2.6,No,PayPal,No,8,Monthly,0,35-44,Mid-High,Occasional (6-15),0,30,0,0,Low (<3.5)
544,37,Male,Hoodie,Outerwear,38.0,Ohio,XL,Black,Summer,3.1,No,Bank Transfer,No,5,Weekly,0,35-44,Low,New (0-5),0,7,0,0,Low (<3.5)
545,25,Female,Pants,Clothing,72.0,Nevada,L,Gray,Fall,3.9,No,Debit Card,Yes,2,Weekly,0,25-34,Mid-High,New (0-5),0,7,1,0,Medium (3.5-4.4)
546,54,Male,Slippers,Footwear,96.0,New York,M,Gray,Summer,2.8,No,Credit Card,No,26,Weekly,0,45-54,High,Regular (16-30),1,7,0,0,Low (<3.5)
547,27,Male,Jeans,Clothing,23.0,Florida,S,Blue,Fall,3.0,No,Bank Transfer,Yes,9,Fortnightly,0,25-34,Low,Occasional (6-15),0,14,1,0,Low (<3.5)
548,36,Male,Jeans,Clothing,46.0,Vermont,M,Olive,Winter,4.4,No,Bank Transfer,No,32,Weekly,0,35-44,Mid-Low,Loyal (31+),1,7,0,0,Medium (3.5-4.4)
549,70,Male,Handbag,Accessories,26.0,Maine,M,White,Summer,2.6,No,Venmo,Yes,24,Quarterly,0,65+,Low,Regular (16-30),1,90,1,0,Low (<3.5)
550,21,Male,T-shirt,Clothing,28.0,Florida,S,Black,Spring,4.0,No,Credit Card,No,43,Quarterly,0,18-24,Low,Loyal (31+),1,90,0,0,Medium (3.5-4.4)
551,31,Female,Sandals,Footwear,100.0,Montana,M,Red,Spring,2.6,No,Cash,No,11,Weekly,0,25-34,High,Occasional (6-15),1,7,0,0,Low (<3.5)
552,34,Female,Skirt,Clothing,39.0,Ohio,S,White,Spring,2.8,No,Credit Card,No,14,Bi-Weekly,0,25-34,Low,Occasional (6-15),1,14,0,0,Low (<3.5)
553,44,Female,Pants,Clothing,34.0,Vermont,M,Pink,Summer,3.5,No,Cash,No,26,Bi-Weekly,0,35-44,Low,Regular (16-30),1,14,0,0,Medium (3.5-4.4)
554,30,Male,Hat,Accessories,25.0,New York,M,Blue,Winter,4.9,Yes,PayPal,No,7,Monthly,0,25-34,Low,Occasional (6-15),0,30,0,1,High (4.5+)
555,69,Male,Skirt,Clothing,99.0,Ohio,M,Red,Summer,3.9,No,Debit Card,No,23,Quarterly,0,65+,High,Regular (16-30),1,90,0,0,Medium (3.5-4.4)
556,18,Female,Shorts,Clothing,57.0,Minnesota,L,Blue,Winter,3.3,No,Debit Card,Yes,30,Monthly,0,18-24,Mid-Low,Regular (16-30),1,30,1,0,Low (<3.5)
557,68,Male,Shorts,Clothing,84.0,Illinois,M,Red,Winter,3.5,No,PayPal,Yes,31,Bi-Weekly,0,65+,High,Loyal (31+),1,14,1,0,Medium (3.5-4.4)
558,46,Male,Boots,Footwear,40.0,Oregon,L,Black,Fall,3.9,No,Bank Transfer,Yes,24,Weekly,0,45-54,Mid-Low,Regular (16-30),1,7,1,0,Medium (3.5-4.4)
559,20,Female,Boots,Footwear,71.0,Minnesota,XL,Teal,Winter,4.0,Yes,Debit Card,Yes,6,Every 3 Months,0,18-24,Mid-High,Occasional (6-15),0,90,1,1,Medium (3.5-4.4)
560,24,Male,Slippers,Footwear,91.0,Texas,XL,White,Summer,3.2,Yes,Venmo,No,13,Every 3 Months,0,18-24,High,Occasional (6-15),1,90,0,1,Low (<3.5)
561,23,Male,Dress,Clothing,74.0,Texas,M,Red,Winter,3.0,No,Debit Card,Yes,4,Annually,0,18-24,Mid-High,New (0-5),0,365,1,0,Low (<3.5)
562,33,Female,T-shirt,Clothing,61.0,Georgia,M,Pink,Fall,3.7,Yes,Debit Card,No,48,Quarterly,0,25-34,Mid-High,Loyal (31+),1,90,0,1,Medium (3.5-4.4)
563,35,Male,Backpack,Accessories,37.0,Vermont,L,Red,Spring,4.1,No,Debit Card,Yes,30,Bi-Weekly,0,35-44,Low,Regular (16-30),1,14,1,0,Medium (3.5-4.4)
564,51,Male,Sunglasses,Accessories,38.0,Ohio,S,Olive,Winter,4.5,No,PayPal,Yes,16,Quarterly,0,45-54,Low,Regular (16-30),1,90,1,0,High (4.5+)
565,34,Male,Gloves,Accessories,68.0,Montana,S,Black,Winter,4.0,Yes,Debit Card,No,16,Annually,0,25-34,Mid-High,Regular (16-30),1,365,0,1,Medium (3.5-4.4)
566,56,Female,Handbag,Accessories,56.0,Texas,S,Blue,Winter,4.2,No,Bank Transfer,No,3,Weekly,0,55-64,Mid-Low,New (0-5),0,7,0,0,Medium (3.5-4.4)
567,33,Male,Belt,Accessories,23.0,Utah,M,Pink,Summer,3.7,No,Debit Card,No,24,Monthly,0,25-34,Low,Regular (16-30),1,30,0,0,Medium (3.5-4.4)
568,31,Female,Shirt,Clothing,35.0,Nevada,L,Blue,Spring,3.9,No,Cash,No,3,Quarterly,0,25-34,Low,New (0-5),0,90,0,0,Medium (3.5-4.4)
569,32,Male,Shirt,Clothing,54.0,Texas,M,Red,Fall,4.1,No,Venmo,No,36,Annually,0,25-34,Mid-Low,Loyal (31+),1,365,0,0,Medium (3.5-4.4)
570,35,Male,Slippers,Footwear,34.0,Maine,XL,Black,Winter,3.1,No,Bank Transfer,Yes,11,Monthly,0,35-44,Low,Occasional (6-15),1,30,1,0,Low (<3.5)
571,62,Male,Shorts,Clothing,64.0,Nevada,L,Gray,Winter,4.8,Yes,Venmo,No,6,Annually,0,55-64,Mid-High,Occasional (6-15),0,365,0,1,High (4.5+)
572,31,Male,Backpack,Accessories,44.0,New York,S,Blue,Fall,3.4,No,Debit Card,Yes,6,Every 3 Months,0,25-34,Mid-Low,Occasional (6-15),0,90,1,0,Low (<3.5)
573,32,Male,Boots,Footwear,43.0,Nevada,M,Pink,Winter,4.0,No,Bank Transfer,No,2,Every 3 Months,0,25-34,Mid-Low,New (0-5),0,90,0,0,Medium (3.5-4.4)
574,68,Male,Jewelry,Accessories,28.0,Georgia,S,Red,Spring,3.9,No,Cash,Yes,20,Weekly,0,65+,Low,Regular (16-30),1,7,1,0,Medium (3.5-4.4)
575,52,Male,Gloves,Accessories,60.0,Nevada,XL,Pink,Fall,4.6,No,Cash,No,3,Monthly,0,45-54,Mid-Low,New (0-5),0,30,0,0,High (4.5+)
576,28,Male,Sandals,Footwear,35.0,Minnesota,L,Teal,Spring,2.8,No,Cash,Yes,5,Every 3 Months,0,25-34,Low,New (0-5),0,90,1,0,Low (<3.5)
577,64,Female,Sunglasses,Accessories,71.0,Texas,L,Pink,Fall,4.7,No,Cash,No,11,Weekly,0,55-64,Mid-High,Occasional (6-15),1,7,0,0,High (4.5+)
578,27,Female,Sandals,Footwear,95.0,Oregon,L,Olive,Spring,2.8,No,Debit Card,Yes,29,Annually,0,25-34,High,Regular (16-30),1,365,1,0,Low (<3.5)
579,26,Male,Gloves,Accessories,93.0,Utah,M,Gray,Fall,2.9,No,Cash,No,12,Quarterly,0,25-34,High,Occasional (6-15),1,90,0,0,Low (<3.5)
580,41,Male,Shirt,Clothing,74.0,Utah,XL,Red,Winter,4.7,No,Bank Transfer,No,21,Every 3 Months,0,35-44,Mid-High,Regular (16-30),1,90,0,0,High (4.5+)
581,54,Male,Sneakers,Footwear,85.0,Maine,XL,Black,Spring,3.1,No,Debit Card,Yes,22,Quarterly,0,45-54,High,Regular (16-30),1,90,1,0,Low (<3.5)
582,28,Male,Sandals,Footwear,94.0,Maine,L,White,Summer,4.0,No,Debit Card,No,30,Annually,0,25-34,High,Regular (16-30),1,365,0,0,Medium (3.5-4.4)
583,57,Male,Shirt,Clothing,75.0,Nevada,M,Red,Spring,3.7,Yes,Bank Transfer,Yes,3,Annually,0,55-64,Mid-High,New (0-5),0,365,1,1,Medium (3.5-4.4)
584,26,Male,T-shirt,Clothing,40.0,Minnesota,S,Olive,Fall,4.8,Yes,Bank Transfer,Yes,50,Weekly,0,25-34,Mid-Low,Loyal (31+),1,7,1,1,High (4.5+)
585,59,Male,Gloves,Accessories,60.0,Texas,S,Black,Winter,4.5,No,Credit Card,Yes,5,Annually,0,55-64,Mid-Low,New (0-5),0,365,1,0,High (4.5+)
586,23,Male,Hat,Accessories,89.0,Oregon,S,Teal,Spring,3.3,No,Bank Transfer,No,50,Monthly,0,18-24,High,Loyal (31+),1,30,0,0,Low (<3.5)
587,42,Female,Sweater,Clothing,74.0,Ohio,M,Teal,Fall,4.5,No,Bank Transfer,Yes,15,Monthly,0,35-44,Mid-High,Occasional (6-15),1,30,1,0,High (4.5+)
588,51,Male,Socks,Clothing,49.0,Illinois,L,Black,Winter,3.1,Yes,PayPal,No,21,Fortnightly,0,45-54,Mid-Low,Regular (16-30),1,14,0,1,Low (<3.5)
589,32,Male,Shorts,Clothing,33.0,Montana,XL,Black,Spring,4.0,Yes,PayPal,No,4,Bi-Weekly,0,25-34,Low,New (0-5),0,14,0,1,Medium (3.5-4.4)
590,50,Male,Jeans,Clothing,31.0,Montana,M,Pink,Summer,4.4,No,Venmo,Yes,19,Monthly,0,45-54,Low,Regular (16-30),1,30,1,0,Medium (3.5-4.4)
591,54,Male,Hoodie,Outerwear,50.0,New York,M,White,Spring,4.3,No,Bank Transfer,Yes,45,Monthly,0,45-54,Mid-Low,Loyal (31+),1,30,1,0,Medium (3.5-4.4)
592,52,Male,Shoes,Footwear,85.0,Maine,S,White,Winter,4.1,No,Venmo,Yes,35,Quarterly,0,45-54,High,Loyal (31+),1,90,1,0,Medium (3.5-4.4)
593,39,Male,Shorts,Clothing,64.0,Maine,XL,White,Fall,4.6,No,Venmo,Yes,32,Quarterly,0,35-44,Mid-High,Loyal (31+),1,90,1,0,High (4.5+)
594,58,Female,Sandals,Footwear,24.0,Maine,L,Olive,Fall,3.9,No,PayPal,No,19,Every 3 Months,0,55-64,Low,Regular (16-30),1,90,0,0,Medium (3.5-4.4)
595,56,Male,Blouse,Clothing,94.0,Oregon,M,White,Winter,4.8,No,Bank Transfer,Yes,47,Quarterly,0,55-64,High,Loyal (31+),1,90,1,0,High (4.5+)
596,35,Male,Socks,Clothing,52.0,Montana,M,White,Winter,2.9,No,Debit Card,No,39,Annually,0,35-44,Mid-Low,Loyal (31+),1,365,0,0,Low (<3.5)
597,56,Male,Handbag,Accessories,51.0,Utah,M,Red,Summer,3.4,No,Credit Card,No,13,Annually,0,55-64,Mid-Low,Occasional (6-15),1,365,0,0,Low (<3.5)
598,66,Female,Sunglasses,Accessories,86.0,Vermont,M,Gray,Fall,4.5,Yes,PayPal,Yes,31,Annually,0,65+,High,Loyal (31+),1,365,1,1,High (4.5+)
599,61,Female,Hoodie,Outerwear,50.0,Georgia,M,Teal,Summer,3.3,No,Bank Transfer,No,20,Every 3 Months,0,55-64,Mid-Low,Regular (16-30),1,90,0,0,Low (<3.5)
600,56,Female,Jewelry,Accessories,69.0,Nevada,M,White,Fall,3.6,Yes,Debit Card,No,10,Fortnightly,0,55-64,Mid-High,Occasional (6-15),1,14,0,1,Medium (3.5-4.4)
601,58,Male,Boots,Footwear,94.0,Illinois,M,Blue,Winter,4.4,No,Cash,No,33,Annually,0,55-64,High,Loyal (31+),1,365,0,0,Medium (3.5-4.4)
602,60,Male,Sunglasses,Accessories,61.0,Utah,M,Gray,Winter,3.8,No,Venmo,Yes,21,Annually,0,55-64,Mid-High,Regular (16-30),1,365,1,0,Medium (3.5-4.4)
603,33,Male,Jewelry,Accessories,69.0,Idaho,M,Red,Winter,3.0,No,Credit Card,No,5,Bi-Weekly,0,25-34,Mid-High,New (0-5),0,14,0,0,Low (<3.5)
604,56,Female,Backpack,Accessories,48.0,Maine,L,Gray,Summer,2.9,No,Bank Transfer,No,44,Annually,0,55-64,Mid-Low,Loyal (31+),1,365,0,0,Low (<3.5)
605,28,Female,Hoodie,Outerwear,92.0,Vermont,M,White,Winter,3.3,No,Venmo,No,31,Monthly,0,25-34,High,Loyal (31+),1,30,0,0,Low (<3.5)
606,36,Female,Jewelry,Accessories,26.0,Utah,M,Gray,Winter,3.3,Yes,Venmo,No,28,Every 3 Months,0,35-44,Low,Regular (16-30),1,90,0,1,Low (<3.5)
607,67,Male,Jewelry,Accessories,42.0,Ohio,XL,Teal,Fall,2.8,No,Venmo,No,50,Bi-Weekly,0,65+,Mid-Low,Loyal (31+),1,14,0,0,Low (<3.5)
608,33,Female,Sweater,Clothing,100.0,Georgia,M,Olive,Spring,4.6,No,Venmo,No,36,Fortnightly,0,25-34,High,Loyal (31+),1,14,0,0,High (4.5+)
609,62,Female,Jewelry,Accessories,59.0,Georgia,L,Olive,Spring,3.2,No,Cash,Yes,49,Bi-Weekly,0,55-64,Mid-Low,Loyal (31+),1,14,1,0,Low (<3.5)
610,40,Female,Boots,Footwear,34.0,Vermont,S,Black,Fall,4.5,No,PayPal,No,36,Fortnightly,0,35-44,Low,Loyal (31+),1,14,0,0,High (4.5+)
611,29,Female,Slippers,Footwear,53.0,Minnesota,L,Teal,Winter,4.9,No,Cash,Yes,9,Weekly,0,25-34,Mid-Low,Occasional (6-15),0,7,1,0,High (4.5+)
612,23,Male,Backpack,Accessories,40.0,Florida,M,Olive,Winter,3.3,No,Debit Card,No,25,Monthly,0,18-24,Mid-Low,Regular (16-30),1,30,0,0,Low (<3.5)
613,47,Male,Jacket,Outerwear,62.0,Georgia,M,Olive,Spring,4.9,No,Credit Card,Yes,26,Annually,0,45-54,Mid-High,Regular (16-30),1,365,1,0,High (4.5+)
614,41,Male,Jacket,Outerwear,39.0,Illinois,S,White,Winter,3.0,No,Cash,No,15,Weekly,0,35-44,Low,Occasional (6-15),1,7,0,0,Low (<3.5)
615,45,Male,Sweater,Clothing,52.0,Illinois,L,Gray,Winter,4.1,No,Debit Card,No,16,Bi-Weekly,0,45-54,Mid-Low,Regular (16-30),1,14,0,0,Medium (3.5-4.4)
616,20,Female,Jewelry,Accessories,93.0,New York,L,Olive,Summer,5.0,No,Venmo,No,30,Fortnightly,0,18-24,High,Regular (16-30),1,14,0,0,High (4.5+)
617,32,Female,Hat,Accessories,26.0,Minnesota,L,Gray,Summer,4.5,No,Credit Card,Yes,21,Fortnightly,0,25-34,Low,Regular (16-30),1,14,1,0,High (4.5+)
618,18,Female,Shirt,Clothing,81.0,Maine,M,Black,Summer,3.1,Yes,Bank Transfer,No,6,Weekly,0,18-24,High,Occasional (6-15),0,7,0,1,Low (<3.5)
619,34,Male,T-shirt,Clothing,26.0,Utah,L,Black,Fall,3.1,No,Credit Card,Yes,30,Fortnightly,0,25-34,Low,Regular (16-30),1,14,1,0,Low (<3.5)
620,67,Male,Jeans,Clothing,57.0,Idaho,M,Red,Winter,3.2,Yes,Cash,Yes,30,Monthly,0,65+,Mid-Low,Regular (16-30),1,30,1,1,Low (<3.5)
621,26,Male,Backpack,Accessories,74.0,Minnesota,M,Olive,Spring,4.9,No,Credit Card,No,41,Bi-Weekly,0,25-34,Mid-High,Loyal (31+),1,14,0,0,High (4.5+)
622,54,Female,Boots,Footwear,97.0,Utah,M,Red,Summer,3.1,No,PayPal,No,6,Quarterly,0,45-54,High,Occasional (6-15),0,90,0,0,Low (<3.5)
623,18,Male,Jacket,Outerwear,40.0,Texas,M,Olive,Spring,3.8,No,Cash,No,23,Every 3 Months,0,18-24,Mid-Low,Regular (16-30),1,90,0,0,Medium (3.5-4.4)
624,47,Female,Sneakers,Footwear,24.0,Illinois,L,Teal,Winter,3.4,No,PayPal,No,46,Weekly,0,45-54,Low,Loyal (31+),1,7,0,0,Low (<3.5)
625,66,Male,Jacket,Outerwear,80.0,Texas,M,Teal,Summer,3.4,No,Bank Transfer,No,14,Bi-Weekly,0,65+,Mid-High,Occasional (6-15),1,14,0,0,Low (<3.5)
626,36,Male,Shirt,Clothing,92.0,Utah,M,Olive,Summer,3.5,Yes,Venmo,Yes,38,Annually,0,35-44,High,Loyal (31+),1,365,1,1,Medium (3.5-4.4)
627,28,Female,Belt,Accessories,65.0,Minnesota,XL,Olive,Spring,3.4,Yes,Cash,Yes,18,Fortnightly,0,25-34,Mid-High,Regular (16-30),1,14,1,1,Low (<3.5)
628,48,Male,Dress,Clothing,24.0,Nevada,XL,Black,Spring,4.0,Yes,PayPal,No,10,Weekly,0,45-54,Low,Occasional (6-15),1,7,0,1,Medium (3.5-4.4)
629,32,Female,Shoes,Footwear,60.0,Texas,M,Black,Summer,3.6,No,Cash,No,36,Fortnightly,0,25-34,Mid-Low,Loyal (31+),1,14,0,0,Medium (3.5-4.4)
630,65,Male,Hat,Accessories,51.0,Georgia,XL,Olive,Winter,3.6,No,Cash,No,40,Bi-Weekly,0,65+,Mid-Low,Loyal (31+),1,14,0,0,Medium (3.5-4.4)
631,62,Male,Jacket,Outerwear,56.0,Texas,S,Pink,Summer,3.8,No,Debit Card,Yes,46,Fortnightly,0,55-64,Mid-Low,Loyal (31+),1,14,1,0,Medium (3.5-4.4)
632,52,Male,Sunglasses,Accessories,24.0,Vermont,L,White,Summer,3.4,Yes,PayPal,Yes,37,Monthly,0,45-54,Low,Loyal (31+),1,30,1,1,Low (<3.5)
633,51,Female,Blouse,Clothing,45.0,Maine,M,Gray,Fall,4.4,Yes,Debit Card,Yes,16,Fortnightly,0,45-54,Mid-Low,Regular (16-30),1,14,1,1,Medium (3.5-4.4)
634,49,Male,Sweater,Clothing,100.0,New York,M,Blue,Summer,3.8,Yes,Cash,No,37,Quarterly,0,45-54,High,Loyal (31+),1,90,0,1,Medium (3.5-4.4)
635,56,Female,Pants,Clothing,23.0,Nevada,XL,Black,Fall,3.8,No,PayPal,Yes,2,Annually,0,55-64,Low,New (0-5),0,365,1,0,Medium (3.5-4.4)
636,42,Female,Blouse,Clothing,94.0,Oregon,S,Red,Summer,3.0,No,Cash,Yes,17,Bi-Weekly,0,35-44,High,Regular (16-30),1,14,1,0,Low (<3.5)
637,69,Male,Sunglasses,Accessories,61.0,California,L,Red,Summer,2.6,Yes,Credit Card,No,11,Monthly,0,65+,Mid-High,Occasional (6-15),1,30,0,1,Low (<3.5)
638,36,Female,Gloves,Accessories,67.0,Illinois,M,Pink,Winter,4.5,No,Venmo,Yes,27,Quarterly,0,35-44,Mid-High,Regular (16-30),1,90,1,0,High (4.5+)
639,18,Female,Belt,Accessories,95.0,Illinois,S,Pink,Winter,4.6,Yes,Debit Card,Yes,35,Weekly,0,18-24,High,Loyal (31+),1,7,1,1,High (4.5+)
640,55,Male,Handbag,Accessories,37.0,Maine,XL,Teal,Fall,3.1,No,Venmo,No,30,Bi-Weekly,0,55-64,Low,Regular (16-30),1,14,0,0,Low (<3.5)
641,53,Female,Scarf,Accessories,99.0,Georgia,M,Black,Summer,3.4,No,Credit Card,Yes,10,Quarterly,0,45-54,High,Occasional (6-15),1,90,1,0,Low (<3.5)
642,69,Male,Sunglasses,Accessories,42.0,Georgia,L,Teal,Winter,3.4,No,Venmo,No,19,Fortnightly,0,65+,Mid-Low,Regular (16-30),1,14,0,0,Low (<3.5)
643,38,Male,Pants,Clothing,48.0,California,L,Gray,Summer,4.2,Yes,Credit Card,No,5,Bi-Weekly,0,35-44,Mid-Low,New (0-5),0,14,0,1,Medium (3.5-4.4)
644,40,Male,Blouse,Clothing,56.0,Alabama,S,White,Summer,3.0,Yes,Cash,Yes,29,Monthly,0,35-44,Mid-Low,Regular (16-30),1,30,1,1,Low (<3.5)
645,47,Female,Handbag,Accessories,68.0,Alabama,M,Olive,Fall,4.9,Yes,Venmo,Yes,38,Annually,0,45-54,Mid-High,Loyal (31+),1,365,1,1,High (4.5+)
646,38,Male,Belt,Accessories,46.0,Montana,M,Black,Summer,2.7,No,Bank Transfer,No,13,Weekly,0,35-44,Mid-Low,Occasional (6-15),1,7,0,0,Low (<3.5)
647,59,Male,Shirt,Clothing,84.0,Alabama,M,Red,Winter,4.9,No,Bank Transfer,No,27,Quarterly,0,55-64,High,Regular (16-30),1,90,0,0,High (4.5+)
648,40,Female,Sandals,Footwear,21.0,New York,S,Pink,Spring,2.7,No,Venmo,No,44,Annually,0,35-44,Low,Loyal (31+),1,365,0,0,Low (<3.5)
649,59,Male,Backpack,Accessories,73.0,Utah,M,Teal,Spring,3.3,No,PayPal,Yes,6,Annually,0,55-64,Mid-High,Occasional (6-15),0,365,1,0,Low (<3.5)
650,40,Female,Jeans,Clothing,73.0,Idaho,L,Blue,Summer,3.1,Yes,Debit Card,No,49,Monthly,0,35-44,Mid-High,Loyal (31+),1,30,0,1,Low (<3.5)
651,29,Female,Skirt,Clothing,63.0,Georgia,M,White,Winter,3.1,No,Cash,No,17,Bi-Weekly,0,25-34,Mid-High,Regular (16-30),1,14,0,0,Low (<3.5)
652,70,Male,Backpack,Accessories,69.0,Georgia,L,Gray,Spring,5.0,No,Venmo,Yes,17,Fortnightly,0,65+,Mid-High,Regular (16-30),1,14,1,0,High (4.5+)
653,45,Male,Handbag,Accessories,80.0,Idaho,M,White,Winter,3.6,No,PayPal,No,36,Fortnightly,0,45-54,Mid-High,Loyal (31+),1,14,0,0,Medium (3.5-4.4)
654,55,Female,Sweater,Clothing,93.0,Alabama,S,Teal,Spring,2.8,No,Cash,Yes,18,Every 3 Months,0,55-64,High,Regular (16-30),1,90,1,0,Low (<3.5)
655,49,Male,Gloves,Accessories,37.0,Nevada,M,Blue,Fall,5.0,No,Cash,Yes,21,Weekly,0,45-54,Low,Regular (16-30),1,7,1,0,High (4.5+)
656,37,Male,Dress,Clothing,58.0,Vermont,S,White,Summer,3.1,No,Debit Card,Yes,11,Every 3 Months,0,35-44,Mid-Low,Occasional (6-15),1,90,1,0,Low (<3.5)
657,69,Female,Gloves,Accessories,65.0,Maine,M,White,Spring,2.7,Yes,Bank Transfer,Yes,7,Annually,0,65+,Mid-High,Occasional (6-15),0,365,1,1,Low (<3.5)
658,37,Female,Skirt,Clothing,47.0,Vermont,S,Blue,Fall,2.6,Yes,PayPal,No,44,Monthly,0,35-44,Mid-Low,Loyal (31+),1,30,0,1,Low (<3.5)
659,70,Male,Shoes,Footwear,98.0,Minnesota,L,Olive,Spring,3.7,Yes,Venmo,Yes,5,Every 3 Months,0,65+,High,New (0-5),0,90,1,1,Medium (3.5-4.4)
660,40,Male,Jeans,Clothing,61.0,Utah,L,Pink,Summer,4.8,Yes,Bank Transfer,Yes,9,Annually,0,35-44,Mid-High,Occasional (6-15),0,365,1,1,High (4.5+)
661,19,Female,T-shirt,Clothing,68.0,Vermont,S,Olive,Fall,2.5,Yes,Credit Card,Yes,42,Every 3 Months,0,18-24,Mid-High,Loyal (31+),1,90,1,1,Low (<3.5)
662,19,Male,Gloves,Accessories,35.0,Texas,L,Olive,Fall,4.3,No,Venmo,No,40,Monthly,0,18-24,Low,Loyal (31+),1,30,0,0,Medium (3.5-4.4)
663,69,Male,Sweater,Clothing,53.0,Idaho,XL,Blue,Spring,3.2,No,Debit Card,No,11,Monthly,0,65+,Mid-Low,Occasional (6-15),1,30,0,0,Low (<3.5)
664,45,Female,Blouse,Clothing,70.0,Alabama,S,Teal,Summer,3.0,No,Credit Card,Yes,42,Fortnightly,0,45-54,Mid-High,Loyal (31+),1,14,1,0,Low (<3.5)
665,38,Male,Shirt,Clothing,54.0,Idaho,XL,Teal,Fall,4.3,Yes,Debit Card,No,37,Weekly,0,35-44,Mid-Low,Loyal (31+),1,7,0,1,Medium (3.5-4.4)
666,61,Male,Handbag,Accessories,82.0,Maine,M,Olive,Fall,4.4,Yes,Cash,No,16,Every 3 Months,0,55-64,High,Regular (16-30),1,90,0,1,Medium (3.5-4.4)
667,50,Male,Scarf,Accessories,31.0,Minnesota,L,Pink,Fall,3.9,Yes,Venmo,No,4,Monthly,0,45-54,Low,New (0-5),0,30,0,1,Medium (3.5-4.4)
668,53,Male,Hoodie,Outerwear,32.0,Oregon,M,Blue,Winter,3.0,Yes,Debit Card,No,39,Annually,0,45-54,Low,Loyal (31+),1,365,0,1,Low (<3.5)
669,54,Male,T-shirt,Clothing,47.0,Alabama,L,Red,Spring,2.5,No,Credit Card,No,35,Every 3 Months,0,45-54,Mid-Low,Loyal (31+),1,90,0,0,Low (<3.5)
670,28,Male,Blouse,Clothing,45.0,Vermont,L,Pink,Winter,4.3,Yes,Credit Card,No,23,Fortnightly,0,25-34,Mid-Low,Regular (16-30),1,14,0,1,Medium (3.5-4.4)
671,22,Male,Skirt,Clothing,86.0,Maine,XL,Red,Winter,4.0,Yes,PayPal,No,14,Annually,0,18-24,High,Occasional (6-15),1,365,0,1,Medium (3.5-4.4)
672,56,Female,Sandals,Footwear,90.0,New York,XL,Pink,Winter,3.6,No,PayPal,No,18,Weekly,0,55-64,High,Regular (16-30),1,7,0,0,Medium (3.5-4.4)
673,19,Male,Coat,Outerwear,58.0,Nevada,S,Pink,Winter,3.0,No,PayPal,No,14,Weekly,0,18-24,Mid-Low,Occasional (6-15),1,7,0,0,Low (<3.5)
674,56,Male,Scarf,Accessories,60.0,Montana,L,Teal,Spring,4.4,Yes,Bank Transfer,No,45,Quarterly,0,55-64,Mid-Low,Loyal (31+),1,90,0,1,Medium (3.5-4.4)
675,24,Male,Slippers,Footwear,43.0,Idaho,M,Blue,Fall,2.7,No,Debit Card,No,11,Quarterly,0,18-24,Mid-Low,Occasional (6-15),1,90,0,0,Low (<3.5)
676,31,Male,Socks,Clothing,63.0,Vermont,S,Red,Summer,4.1,No,Cash,No,23,Every 3 Months,0,25-34,Mid-High,Regular (16-30),1,90,0,0,Medium (3.5-4.4)
677,55,Female,Scarf,Accessories,77.0,Georgia,S,Red,Winter,4.2,No,Venmo,No,33,Quarterly,0,55-64,Mid-High,Loyal (31+),1,90,0,0,Medium (3.5-4.4)
678,51,Male,Shoes,Footwear,78.0,Georgia,XL,Gray,Winter,3.1,No,Credit Card,No,3,Fortnightly,0,45-54,Mid-High,New (0-5),0,14,0,0,Low (<3.5)
679,59,Male,Sweater,Clothing,98.0,Florida,L,Olive,Spring,3.7,No,PayPal,No,26,Fortnightly,0,55-64,High,Regular (16-30),1,14,0,0,Medium (3.5-4.4)
680,50,Female,Sweater,Clothing,66.0,Illinois,S,Blue,Winter,3.8,No,Credit Card,Yes,32,Annually,0,45-54,Mid-High,Loyal (31+),1,365,1,0,Medium (3.5-4.4)
681,20,Male,Sweater,Clothing,47.0,California,XL,White,Fall,4.0,Yes,Cash,No,27,Bi-Weekly,0,18-24,Mid-Low,Regular (16-30),1,14,0,1,Medium (3.5-4.4)
682,62,Male,T-shirt,Clothing,25.0,Oregon,L,Blue,Fall,4.8,No,Venmo,Yes,33,Fortnightly,0,55-64,Low,Loyal (31+),1,14,1,0,High (4.5+)
683,29,Female,Shorts,Clothing,75.0,Minnesota,M,Pink,Summer,3.9,No,Venmo,Yes,25,Weekly,0,25-34,Mid-High,Regular (16-30),1,7,1,0,Medium (3.5-4.4)
684,25,Male,Slippers,Footwear,85.0,Montana,M,Teal,Summer,2.7,No,Venmo,Yes,32,Every 3 Months,0,25-34,High,Loyal (31+),1,90,1,0,Low (<3.5)
685,64,Female,Sunglasses,Accessories,64.0,Montana,L,Black,Winter,3.4,No,Credit Card,Yes,49,Every 3 Months,0,55-64,Mid-High,Loyal (31+),1,90,1,0,Low (<3.5)
686,28,Female,Shirt,Clothing,94.0,Ohio,L,Teal,Winter,4.1,No,Venmo,No,19,Annually,0,25-34,High,Regular (16-30),1,365,0,0,Medium (3.5-4.4)
687,46,Female,Shirt,Clothing,45.0,Georgia,M,Black,Fall,3.3,No,Venmo,Yes,18,Every 3 Months,0,45-54,Mid-Low,Regular (16-30),1,90,1,0,Low (<3.5)
688,43,Male,Coat,Outerwear,24.0,Minnesota,M,Gray,Winter,4.4,No,Bank Transfer,Yes,34,Fortnightly,0,35-44,Low,Loyal (31+),1,14,1,0,Medium (3.5-4.4)
689,58,Female,Hat,Accessories,71.0,Vermont,S,White,Spring,3.0,No,PayPal,Yes,5,Weekly,0,55-64,Mid-High,New (0-5),0,7,1,0,Low (<3.5)
690,20,Female,Boots,Footwear,29.0,New York,M,Teal,Summer,2.9,No,Credit Card,Yes,15,Monthly,0,18-24,Low,Occasional (6-15),1,30,1,0,Low (<3.5)
691,23,Male,Shirt,Clothing,26.0,Oregon,M,Pink,Fall,3.1,No,Cash,No,9,Monthly,0,18-24,Low,Occasional (6-15),0,30,0,0,Low (<3.5)
692,40,Female,Belt,Accessories,76.0,Illinois,M,Blue,Spring,4.7,No,PayPal,No,24,Weekly,0,35-44,Mid-High,Regular (16-30),1,7,0,0,High (4.5+)
693,43,Male,Shirt,Clothing,55.0,Texas,M,Olive,Summer,4.2,Yes,PayPal,Yes,7,Annually,0,35-44,Mid-Low,Occasional (6-15),0,365,1,1,Medium (3.5-4.4)
694,59,Female,Socks,Clothing,68.0,Alabama,L,Pink,Winter,3.8,No,PayPal,No,11,Quarterly,0,55-64,Mid-High,Occasional (6-15),1,90,0,0,Medium (3.5-4.4)
695,50,Male,Belt,Accessories,80.0,Maine,M,White,Fall,3.3,No,Debit Card,No,22,Quarterly,0,45-54,Mid-High,Regular (16-30),1,90,0,0,Low (<3.5)
696,25,Male,Sandals,Footwear,50.0,Nevada,M,Olive,Fall,4.8,No,Cash,No,31,Monthly,0,25-34,Mid-Low,Loyal (31+),1,30,0,0,High (4.5+)
697,69,Male,Gloves,Accessories,69.0,Montana,S,Blue,Spring,4.7,Yes,Bank Transfer,Yes,22,Annually,0,65+,Mid-High,Regular (16-30),1,365,1,1,High (4.5+)
698,42,Female,Sandals,Footwear,63.0,Illinois,XL,Olive,Spring,3.5,No,Credit Card,No,41,Every 3 Months,0,35-44,Mid-High,Loyal (31+),1,90,0,0,Medium (3.5-4.4)
699,69,Male,Hat,Accessories,66.0,Minnesota,M,Gray,Summer,4.4,Yes,Bank Transfer,Yes,40,Quarterly,0,65+,Mid-High,Loyal (31+),1,90,1,1,Medium (3.5-4.4)
700,70,Male,Socks,Clothing,76.0,Nevada,M,Olive,Summer,4.8,Yes,Cash,Yes,5,Monthly,0,65+,Mid-High,New (0-5),0,30,1,1,High (4.5+)
701,20,Male,Jeans,Clothing,50.0,Alabama,M,Olive,Spring,3.3,No,Venmo,No,35,Every 3 Months,0,18-24,Mid-Low,Loyal (31+),1,90,0,0,Low (<3.5)
702,44,Female,Pants,Clothing,60.0,Texas,L,Olive,Fall,3.3,No,Debit Card,Yes,2,Bi-Weekly,0,35-44,Mid-Low,New (0-5),0,14,1,0,Low (<3.5)
703,40,Male,Jeans,Clothing,67.0,Vermont,M,Black,Winter,3.9,No,Cash,Yes,9,Annually,0,35-44,Mid-High,Occasional (6-15),0,365,1,0,Medium (3.5-4.4)
704,44,Male,Sunglasses,Accessories,31.0,Oregon,M,Pink,Fall,3.5,No,Credit Card,Yes,39,Weekly,0,35-44,Low,Loyal (31+),1,7,1,0,Medium (3.5-4.4)
705,34,Female,Dress,Clothing,37.0,Alabama,L,White,Spring,4.4,No,PayPal,No,30,Weekly,0,25-34,Low,Regular (16-30),1,7,0,0,Medium (3.5-4.4)
706,47,Male,Sandals,Footwear,27.0,Florida,L,Red,Winter,3.8,No,Bank Transfer,Yes,17,Weekly,0,45-54,Low,Regular (16-30),1,7,1,0,Medium (3.5-4.4)
707,44,Male,Scarf,Accessories,36.0,Vermont,M,Gray,Summer,3.0,No,Credit Card,Yes,8,Bi-Weekly,0,35-44,Low,Occasional (6-15),0,14,1,0,Low (<3.5)
708,27,Male,Hat,Accessories,55.0,Illinois,M,Pink,Spring,3.4,No,Bank Transfer,Yes,17,Monthly,0,25-34,Mid-Low,Regular (16-30),1,30,1,0,Low (<3.5)
709,33,Female,Blouse,Clothing,95.0,Illinois,XL,Olive,Summer,4.2,No,Debit Card,Yes,39,Annually,0,25-34,High,Loyal (31+),1,365,1,0,Medium (3.5-4.4)
710,25,Female,Slippers,Footwear,94.0,Montana,XL,White,Spring,2.6,No,Venmo,No,29,Annually,0,25-34,High,Regular (16-30),1,365,0,0,Low (<3.5)
711,62,Male,Hoodie,Outerwear,81.0,Georgia,L,Blue,Fall,3.4,Yes,PayPal,Yes,7,Weekly,0,55-64,High,Occasional (6-15),0,7,1,1,Low (<3.5)
712,53,Male,Jewelry,Accessories,65.0,Georgia,L,White,Fall,2.5,No,Bank Transfer,No,25,Every 3 Months,0,45-54,Mid-High,Regular (16-30),1,90,0,0,Low (<3.5)
713,38,Male,Backpack,Accessories,36.0,New York,XL,Gray,Fall,4.6,No,Credit Card,Yes,11,Fortnightly,0,35-44,Low,Occasional (6-15),1,14,1,0,High (4.5+)
714,38,Female,Jewelry,Accessories,49.0,Georgia,XL,Olive,Spring,2.8,No,Debit Card,No,7,Bi-Weekly,0,35-44,Mid-Low,Occasional (6-15),0,14,0,0,Low (<3.5)
715,22,Male,Hat,Accessories,82.0,Florida,S,Olive,Summer,2.7,No,PayPal,No,5,Annually,0,18-24,High,New (0-5),0,365,0,0,Low (<3.5)
716,33,Male,Shirt,Clothing,93.0,Vermont,XL,Pink,Summer,4.5,No,Cash,Yes,39,Annually,0,25-34,High,Loyal (31+),1,365,1,0,High (4.5+)
717,66,Female,Shoes,Footwear,97.0,Utah,L,Olive,Winter,2.7,No,Credit Card,Yes,9,Every 3 Months,0,65+,High,Occasional (6-15),0,90,1,0,Low (<3.5)
718,19,Male,Shorts,Clothing,51.0,Vermont,M,Teal,Fall,4.2,Yes,Venmo,No,9,Fortnightly,0,18-24,Mid-Low,Occasional (6-15),0,14,0,1,Medium (3.5-4.4)
719,25,Male,Gloves,Accessories,59.0,New York,M,Teal,Fall,3.4,Yes,Credit Card,No,44,Weekly,0,25-34,Mid-Low,Loyal (31+),1,7,0,1,Low (<3.5)
720,62,Male,Jacket,Outerwear,61.0,Florida,M,Blue,Summer,4.6,No,Credit Card,Yes,42,Annually,0,55-64,Mid-High,Loyal (31+),1,365,1,0,High (4.5+)
721,45,Male,Shoes,Footwear,24.0,Idaho,L,Blue,Summer,3.0,No,PayPal,Yes,26,Fortnightly,0,45-54,Low,Regular (16-30),1,14,1,0,Low (<3.5)
722,19,Male,Shorts,Clothing,29.0,Utah,L,Black,Winter,2.7,No,Cash,No,39,Fortnightly,0,18-24,Low,Loyal (31+),1,14,0,0,Low (<3.5)
723,43,Female,T-shirt,Clothing,23.0,Minnesota,M,Blue,Winter,3.1,Yes,Bank Transfer,Yes,2,Monthly,0,35-44,Low,New (0-5),0,30,1,1,Low (<3.5)
724,57,Male,Hoodie,Outerwear,79.0,Nevada,M,Gray,Spring,4.8,Yes,Debit Card,Yes,9,Fortnightly,0,55-64,Mid-High,Occasional (6-15),0,14,1,1,High (4.5+)
725,36,Male,Shirt,Clothing,38.0,Texas,S,Olive,Fall,4.6,Yes,Cash,Yes,18,Quarterly,0,35-44,Low,Regular (16-30),1,90,1,1,High (4.5+)
726,38,Female,Jeans,Clothing,76.0,Maine,M,Teal,Winter,3.2,No,Venmo,No,38,Annually,0,35-44,Mid-High,Loyal (31+),1,365,0,0,Low (<3.5)
727,51,Female,Skirt,Clothing,50.0,Oregon,M,Gray,Spring,3.0,No,Debit Card,Yes,5,Bi-Weekly,0,45-54,Mid-Low,New (0-5),0,14,1,0,Low (<3.5)
728,49,Female,Socks,Clothing,84.0,Vermont,L,Teal,Fall,2.9,Yes,Cash,Yes,34,Monthly,0,45-54,High,Loyal (31+),1,30,1,1,Low (<3.5)
729,65,Female,Slippers,Footwear,29.0,Oregon,S,Gray,Summer,3.1,No,Debit Card,Yes,4,Annually,0,65+,Low,New (0-5),0,365,1,0,Low (<3.5)
730,31,Male,Boots,Footwear,46.0,Maine,S,Pink,Fall,3.0,No,Venmo,No,50,Annually,0,25-34,Mid-Low,Loyal (31+),1,365,0,0,Low (<3.5)
731,32,Male,T-shirt,Clothing,36.0,Texas,M,Pink,Fall,4.7,No,Debit Card,No,11,Weekly,0,25-34,Low,Occasional (6-15),1,7,0,0,High (4.5+)
732,26,Male,Skirt,Clothing,55.0,New York,M,Red,Winter,2.5,Yes,Bank Transfer,No,36,Every 3 Months,0,25-34,Mid-Low,Loyal (31+),1,90,0,1,Low (<3.5)
733,53,Male,Pants,Clothing,65.0,Utah,XL,Pink,Spring,4.7,No,Cash,No,32,Weekly,0,45-54,Mid-High,Loyal (31+),1,7,0,0,High (4.5+)
734,46,Female,Shirt,Clothing,33.0,New York,L,Pink,Spring,2.6,No,Credit Card,No,20,Fortnightly,0,45-54,Low,Regular (16-30),1,14,0,0,Low (<3.5)
735,36,Female,Shirt,Clothing,74.0,Texas,L,Blue,Summer,4.6,Yes,Venmo,No,39,Quarterly,0,35-44,Mid-High,Loyal (31+),1,90,0,1,High (4.5+)
736,54,Male,Backpack,Accessories,98.0,Alabama,M,White,Winter,3.6,Yes,PayPal,No,32,Weekly,0,45-54,High,Loyal (31+),1,7,0,1,Medium (3.5-4.4)
737,37,Male,Skirt,Clothing,23.0,Nevada,S,Black,Fall,2.7,No,Credit Card,No,23,Fortnightly,0,35-44,Low,Regular (16-30),1,14,0,0,Low (<3.5)
738,28,Female,T-shirt,Clothing,26.0,Minnesota,XL,Teal,Spring,4.5,No,Credit Card,Yes,34,Monthly,0,25-34,Low,Loyal (31+),1,30,1,0,High (4.5+)
739,46,Male,Blouse,Clothing,97.0,Alabama,M,Red,Spring,3.1,No,Venmo,No,15,Bi-Weekly,0,45-54,High,Occasional (6-15),1,14,0,0,Low (<3.5)
740,41,Male,T-shirt,Clothing,72.0,Georgia,S,Gray,Winter,4.7,No,Bank Transfer,Yes,38,Monthly,0,35-44,Mid-High,Loyal (31+),1,30,1,0,High (4.5+)
741,39,Male,Skirt,Clothing,94.0,Maine,M,Blue,Spring,4.4,Yes,Cash,Yes,36,Annually,0,35-44,High,Loyal (31+),1,365,1,1,Medium (3.5-4.4)
742,41,Male,Shorts,Clothing,77.0,Oregon,L,Red,Spring,5.0,No,Venmo,Yes,24,Bi-Weekly,0,35-44,Mid-High,Regular (16-30),1,14,1,0,High (4.5+)
743,66,Male,Scarf,Accessories,78.0,California,M,Red,Summer,4.6,No,PayPal,No,33,Bi-Weekly,0,65+,Mid-High,Loyal (31+),1,14,0,0,High (4.5+)
744,29,Female,Shirt,Clothing,32.0,Illinois,S,Gray,Fall,3.1,No,Credit Card,No,42,Fortnightly,0,25-34,Low,Loyal (31+),1,14,0,0,Low (<3.5)
745,32,Male,Sandals,Footwear,61.0,Illinois,L,White,Summer,3.5,Yes,Debit Card,No,33,Annually,0,25-34,Mid-High,Loyal (31+),1,365,0,1,Medium (3.5-4.4)
746,47,Male,Slippers,Footwear,49.0,Oregon,S,Pink,Spring,4.2,No,Venmo,No,15,Fortnightly,0,45-54,Mid-Low,Occasional (6-15),1,14,0,0,Medium (3.5-4.4)
747,20,Female,T-shirt,Clothing,87.0,Utah,M,Red,Spring,3.3,No,PayPal,Yes,14,Weekly,0,18-24,High,Occasional (6-15),1,7,1,0,Low (<3.5)
748,25,Male,Socks,Clothing,23.0,New York,L,White,Summer,3.9,Yes,Venmo,No,49,Monthly,0,25-34,Low,Loyal (31+),1,30,0,1,Medium (3.5-4.4)
749,48,Female,Jewelry,Accessories,21.0,Minnesota,XL,Black,Winter,3.1,No,Venmo,Yes,41,Every 3 Months,0,45-54,Low,Loyal (31+),1,90,1,0,Low (<3.5)
750,45,Male,Sunglasses,Accessories,65.0,Ohio,M,Black,Spring,4.2,No,Credit Card,No,16,Weekly,0,45-54,Mid-High,Regular (16-30),1,7,0,0,Medium (3.5-4.4)
751,52,Male,Socks,Clothing,98.0,Vermont,S,Blue,Fall,3.4,No,PayPal,Yes,36,Quarterly,0,45-54,High,Loyal (31+),1,90,1,0,Low (<3.5)
752,24,Male,Blouse,Clothing,100.0,Minnesota,M,Olive,Spring,2.6,Yes,Bank Transfer,Yes,2,Monthly,0,18-24,High,New (0-5),0,30,1,1,Low (<3.5)
753,63,Female,Skirt,Clothing,68.0,Alabama,M,Pink,Fall,4.9,Yes,Cash,No,35,Every 3 Months,0,55-64,Mid-High,Loyal (31+),1,90,0,1,High (4.5+)
754,43,Female,Shoes,Footwear,54.0,Ohio,XL,Teal,Spring,4.6,No,Debit Card,Yes,11,Weekly,0,35-44,Mid-Low,Occasional (6-15),1,7,1,0,High (4.5+)
755,26,Female,Gloves,Accessories,42.0,Utah,L,Blue,Spring,3.3,No,Venmo,Yes,16,Annually,0,25-34,Mid-Low,Regular (16-30),1,365,1,0,Low (<3.5)
756,34,Male,Socks,Clothing,100.0,Oregon,M,Olive,Spring,2.8,Yes,Credit Card,No,47,Annually,0,25-34,High,Loyal (31+),1,365,0,1,Low (<3.5)
757,30,Male,Socks,Clothing,34.0,Ohio,L,Blue,Fall,4.3,Yes,Bank Transfer,No,7,Quarterly,0,25-34,Low,Occasional (6-15),0,90,0,1,Medium (3.5-4.4)
758,41,Female,Jacket,Outerwear,30.0,Oregon,M,White,Fall,3.1,No,Bank Transfer,Yes,40,Quarterly,0,35-44,Low,Loyal (31+),1,90,1,0,Low (<3.5)
759,42,Male,Skirt,Clothing,61.0,Montana,M,Gray,Spring,3.7,No,Debit Card,No,21,Quarterly,1,35-44,Mid-High,Regular (16-30),1,90,0,0,Medium (3.5-4.4)
760,40,Female,Boots,Footwear,51.0,Maine,XL,Olive,Summer,4.4,Yes,Credit Card,No,22,Fortnightly,0,35-44,Mid-Low,Regular (16-30),1,14,0,1,Medium (3.5-4.4)
761,42,Male,Gloves,Accessories,60.0,California,M,Pink,Summer,3.2,No,Bank Transfer,Yes,24,Annually,0,35-44,Mid-Low,Regular (16-30),1,365,1,0,Low (<3.5)
762,66,Male,Blouse,Clothing,93.0,New York,M,Black,Spring,3.2,No,Credit Card,No,46,Every 3 Months,0,65+,High,Loyal (31+),1,90,0,0,Low (<3.5)
763,68,Female,Shorts,Clothing,41.0,Minnesota,L,Olive,Spring,2.7,Yes,Venmo,No,26,Every 3 Months,0,65+,Mid-Low,Regular (16-30),1,90,0,1,Low (<3.5)
764,43,Male,Pants,Clothing,91.0,Oregon,M,Blue,Winter,3.3,Yes,Cash,No,13,Monthly,0,35-44,High,Occasional (6-15),1,30,0,1,Low (<3.5)
765,69,Male,Sunglasses,Accessories,37.0,Illinois,M,Blue,Fall,4.0,No,Debit Card,Yes,1,Weekly,0,65+,Low,New (0-5),0,7,1,0,Medium (3.5-4.4)
766,61,Male,Sweater,Clothing,46.0,Illinois,S,Black,Fall,2.9,No,Credit Card,No,12,Monthly,0,55-64,Mid-Low,Occasional (6-15),1,30,0,0,Low (<3.5)
767,61,Female,T-shirt,Clothing,20.0,Utah,M,White,Summer,4.9,No,Bank Transfer,No,8,Monthly,0,55-64,Low,Occasional (6-15),0,30,0,0,High (4.5+)
768,29,Male,Dress,Clothing,74.0,Nevada,M,Red,Summer,4.3,No,Venmo,No,7,Fortnightly,0,25-34,Mid-High,Occasional (6-15),0,14,0,0,Medium (3.5-4.4)
769,41,Female,Blouse,Clothing,89.0,Oregon,M,White,Winter,3.0,No,PayPal,No,50,Annually,0,35-44,High,Loyal (31+),1,365,0,0,Low (<3.5)
770,36,Female,Gloves,Accessories,91.0,Texas,M,Blue,Summer,3.8,No,PayPal,No,23,Bi-Weekly,0,35-44,High,Regular (16-30),1,14,0,0,Medium (3.5-4.4)
771,23,Male,Shorts,Clothing,33.0,Texas,M,Gray,Spring,3.5,No,Debit Card,Yes,50,Annually,0,18-24,Low,Loyal (31+),1,365,1,0,Medium (3.5-4.4)
772,21,Female,Sandals,Footwear,82.0,Florida,L,Black,Summer,3.5,No,PayPal,No,26,Annually,0,18-24,High,Regular (16-30),1,365,0,0,Medium (3.5-4.4)
773,50,Female,Slippers,Footwear,31.0,Florida,XL,Teal,Fall,3.9,No,PayPal,No,11,Weekly,0,45-54,Low,Occasional (6-15),1,7,0,0,Medium (3.5-4.4)
774,40,Male,Gloves,Accessories,70.0,Utah,L,Blue,Fall,2.8,Yes,Bank Transfer,No,8,Fortnightly,0,35-44,Mid-High,Occasional (6-15),0,14,0,1,Low (<3.5)
775,61,Female,Shorts,Clothing,76.0,Maine,L,Pink,Fall,3.0,No,Bank Transfer,No,38,Bi-Weekly,0,55-64,Mid-High,Loyal (31+),1,14,0,0,Low (<3.5)
776,53,Male,Sunglasses,Accessories,32.0,Alabama,L,Olive,Winter,2.9,No,PayPal,Yes,6,Quarterly,0,45-54,Low,Occasional (6-15),0,90,1,0,Low (<3.5)
777,22,Male,Hat,Accessories,28.0,Idaho,S,Pink,Spring,2.9,No,Venmo,No,3,Weekly,0,18-24,Low,New (0-5),0,7,0,0,Low (<3.5)
778,62,Male,Shorts,Clothing,25.0,Georgia,M,Blue,Fall,4.1,Yes,Cash,No,20,Fortnightly,0,55-64,Low,Regular (16-30),1,14,0,1,Medium (3.5-4.4)
779,44,Male,Gloves,Accessories,77.0,Minnesota,S,White,Winter,5.0,No,PayPal,Yes,16,Every 3 Months,0,35-44,Mid-High,Regular (16-30),1,90,1,0,High (4.5+)
780,47,Male,Hat,Accessories,69.0,Alabama,M,White,Winter,4.1,No,PayPal,Yes,12,Monthly,0,45-54,Mid-High,Occasional (6-15),1,30,1,0,Medium (3.5-4.4)
781,69,Male,Dress,Clothing,29.0,California,XL,White,Winter,5.0,Yes,Credit Card,No,26,Monthly,0,65+,Low,Regular (16-30),1,30,0,1,High (4.5+)
782,51,Male,Jewelry,Accessories,60.0,Ohio,M,Gray,Fall,3.9,No,Bank Transfer,No,29,Monthly,0,45-54,Mid-Low,Regular (16-30),1,30,0,0,Medium (3.5-4.4)
783,19,Male,Sneakers,Footwear,84.0,Ohio,L,Gray,Spring,3.2,No,PayPal,No,22,Annually,0,18-24,High,Regular (16-30),1,365,0,0,Low (<3.5)
784,27,Male,Jewelry,Accessories,39.0,Georgia,S,Pink,Winter,4.7,No,PayPal,Yes,27,Weekly,0,25-34,Low,Regular (16-30),1,7,1,0,High (4.5+)
785,40,Female,Jacket,Outerwear,69.0,Oregon,M,Teal,Spring,2.7,No,Venmo,No,34,Monthly,0,35-44,Mid-High,Loyal (31+),1,30,0,0,Low (<3.5)
786,19,Male,Blouse,Clothing,43.0,Oregon,M,Pink,Fall,2.8,No,Credit Card,Yes,9,Weekly,0,18-24,Mid-Low,Occasional (6-15),0,7,1,0,Low (<3.5)
787,26,Male,Backpack,Accessories,41.0,Ohio,M,Blue,Summer,4.9,No,Bank Transfer,No,19,Weekly,0,25-34,Mid-Low,Regular (16-30),1,7,0,0,High (4.5+)
788,59,Male,Skirt,Clothing,51.0,Georgia,M,Red,Fall,4.1,No,Bank Transfer,No,1,Monthly,0,55-64,Mid-Low,New (0-5),0,30,0,0,Medium (3.5-4.4)
789,25,Male,Hat,Accessories,48.0,Vermont,L,Teal,Winter,4.8,No,Cash,No,49,Annually,0,25-34,Mid-Low,Loyal (31+),1,365,0,0,High (4.5+)
790,26,Male,Backpack,Accessories,60.0,Georgia,M,Olive,Fall,2.8,Yes,PayPal,No,33,Bi-Weekly,0,25-34,Mid-Low,Loyal (31+),1,14,0,1,Low (<3.5)
791,44,Male,Shirt,Clothing,36.0,Minnesota,L,Red,Spring,4.4,No,Credit Card,Yes,41,Every 3 Months,0,35-44,Low,Loyal (31+),1,90,1,0,Medium (3.5-4.4)
792,22,Male,Shirt,Clothing,51.0,Alabama,XL,Pink,Winter,3.1,No,Bank Transfer,Yes,39,Annually,0,18-24,Mid-Low,Loyal (31+),1,365,1,0,Low (<3.5)
793,31,Female,Jeans,Clothing,70.0,Montana,M,White,Winter,3.4,No,Cash,No,1,Weekly,0,25-34,Mid-High,New (0-5),0,7,0,0,Low (<3.5)
794,67,Male,Shirt,Clothing,51.0,Vermont,XL,Olive,Spring,4.7,No,Venmo,No,25,Quarterly,0,65+,Mid-Low,Regular (16-30),1,90,0,0,High (4.5+)
795,51,Male,Dress,Clothing,73.0,Oregon,S,Teal,Fall,3.5,No,Credit Card,No,44,Annually,0,45-54,Mid-High,Loyal (31+),1,365,0,0,Medium (3.5-4.4)
796,69,Female,Skirt,Clothing,29.0,Utah,M,Gray,Spring,4.2,No,Debit Card,No,29,Annually,0,65+,Low,Regular (16-30),1,365,0,0,Medium (3.5-4.4)
797,36,Male,Shorts,Clothing,31.0,Maine,M,Gray,Fall,4.7,No,Venmo,No,30,Every 3 Months,0,35-44,Low,Regular (16-30),1,90,0,0,High (4.5+)
798,50,Male,Skirt,Clothing,90.0,New York,M,Black,Spring,4.7,No,Credit Card,Yes,49,Annually,0,45-54,High,Loyal (31+),1,365,1,0,High (4.5+)
799,30,Male,Belt,Accessories,57.0,Idaho,M,Gray,Summer,2.5,No,Credit Card,Yes,38,Quarterly,0,25-34,Mid-Low,Loyal (31+),1,90,1,0,Low (<3.5)
800,38,Male,Handbag,Accessories,69.0,Montana,M,Blue,Summer,2.9,No,Bank Transfer,No,39,Weekly,0,35-44,Mid-High,Loyal (31+),1,7,0,0,Low (<3.5)
801,27,Male,Backpack,Accessories,79.0,Maine,XL,Teal,Winter,4.8,No,Credit Card,Yes,40,Annually,0,25-34,Mid-High,Loyal (31+),1,365,1,0,High (4.5+)
802,62,Male,Shirt,Clothing,31.0,Alabama,M,Blue,Winter,3.9,No,PayPal,No,17,Annually,0,55-64,Low,Regular (16-30),1,365,0,0,Medium (3.5-4.4)
803,27,Male,Belt,Accessories,98.0,New York,L,Blue,Winter,3.7,No,Credit Card,No,49,Fortnightly,0,25-34,High,Loyal (31+),1,14,0,0,Medium (3.5-4.4)
804,28,Female,Boots,Footwear,54.0,Georgia,M,Red,Fall,2.7,Yes,Credit Card,No,43,Annually,0,25-34,Mid-Low,Loyal (31+),1,365,0,1,Low (<3.5)
805,42,Male,Dress,Clothing,92.0,Nevada,M,Olive,Summer,2.6,Yes,Debit Card,Yes,2,Quarterly,0,35-44,High,New (0-5),0,90,1,1,Low (<3.5)
806,40,Male,Shorts,Clothing,53.0,Vermont,M,Teal,Spring,4.9,Yes,Debit Card,No,28,Monthly,0,35-44,Mid-Low,Regular (16-30),1,30,0,1,High (4.5+)
807,34,Male,Belt,Accessories,52.0,Ohio,M,Blue,Fall,3.7,No,PayPal,Yes,13,Every 3 Months,0,25-34,Mid-Low,Occasional (6-15),1,90,1,0,Medium (3.5-4.4)
808,36,Female,Pants,Clothing,68.0,Georgia,M,White,Summer,4.5,No,PayPal,No,27,Quarterly,0,35-44,Mid-High,Regular (16-30),1,90,0,0,High (4.5+)
809,33,Male,Boots,Footwear,35.0,Idaho,L,Pink,Summer,3.1,No,PayPal,No,41,Every 3 Months,0,25-34,Low,Loyal (31+),1,90,0,0,Low (<3.5)
810,66,Male,Jacket,Outerwear,69.0,New York,M,Gray,Spring,3.1,No,Cash,No,35,Bi-Weekly,0,65+,Mid-High,Loyal (31+),1,14,0,0,Low (<3.5)
811,48,Male,Jeans,Clothing,99.0,Idaho,S,Red,Spring,3.9,Yes,Debit Card,Yes,40,Bi-Weekly,0,45-54,High,Loyal (31+),1,14,1,1,Medium (3.5-4.4)
812,66,Female,Dress,Clothing,72.0,Montana,L,Teal,Winter,4.7,No,Venmo,Yes,22,Weekly,0,65+,Mid-High,Regular (16-30),1,7,1,0,High (4.5+)
813,70,Male,Coat,Outerwear,25.0,Vermont,L,Red,Summer,3.2,Yes,Cash,Yes,4,Annually,0,65+,Low,New (0-5),0,365,1,1,Low (<3.5)
814,52,Male,Shoes,Footwear,76.0,Ohio,XL,Gray,Winter,3.3,No,Credit Card,No,45,Fortnightly,0,45-54,Mid-High,Loyal (31+),1,14,0,0,Low (<3.5)
815,61,Male,Dress,Clothing,22.0,Minnesota,M,Teal,Fall,3.9,No,Credit Card,No,4,Weekly,0,55-64,Low,New (0-5),0,7,0,0,Medium (3.5-4.4)
816,23,Male,Belt,Accessories,28.0,New York,L,White,Spring,2.6,Yes,PayPal,No,9,Weekly,0,18-24,Low,Occasional (6-15),0,7,0,1,Low (<3.5)
817,68,Male,Backpack,Accessories,43.0,Illinois,M,Teal,Spring,3.4,Yes,PayPal,Yes,37,Bi-Weekly,0,65+,Mid-Low,Loyal (31+),1,14,1,1,Low (<3.5)
818,43,Female,Slippers,Footwear,44.0,California,L,Teal,Summer,3.9,No,Cash,Yes,22,Monthly,0,35-44,Mid-Low,Regular (16-30),1,30,1,0,Medium (3.5-4.4)
819,55,Male,Jewelry,Accessories,20.0,Utah,M,Red,Spring,2.5,Yes,Bank Transfer,No,24,Every 3 Months,0,55-64,Low,Regular (16-30),1,90,0,1,Low (<3.5)
820,31,Female,Sweater,Clothing,21.0,California,S,Blue,Winter,4.1,No,Cash,No,4,Quarterly,0,25-34,Low,New (0-5),0,90,0,0,Medium (3.5-4.4)
821,23,Female,Blouse,Clothing,83.0,New York,XL,White,Winter,2.6,No,PayPal,No,9,Every 3 Months,0,18-24,High,Occasional (6-15),0,90,0,0,Low (<3.5)
822,64,Male,Shoes,Footwear,56.0,Idaho,L,Black,Fall,4.3,No,Venmo,Yes,36,Weekly,0,55-64,Mid-Low,Loyal (31+),1,7,1,0,Medium (3.5-4.4)
823,41,Male,Socks,Clothing,36.0,Utah,M,Teal,Summer,4.5,Yes,Credit Card,Yes,29,Weekly,0,35-44,Low,Regular (16-30),1,7,1,1,High (4.5+)
824,25,Male,Backpack,Accessories,54.0,Illinois,M,Red,Winter,4.6,No,Debit Card,No,14,Fortnightly,0,25-34,Mid-Low,Occasional (6-15),1,14,0,0,High (4.5+)
825,52,Male,Sunglasses,Accessories,76.0,New York,L,Olive,Fall,4.2,Yes,Credit Card,No,21,Bi-Weekly,0,45-54,Mid-High,Regular (16-30),1,14,0,1,Medium (3.5-4.4)
826,20,Male,Jeans,Clothing,79.0,Maine,S,White,Summer,3.7,No,Cash,No,22,Weekly,1,18-24,Mid-High,Regular (16-30),1,7,0,0,Medium (3.5-4.4)
827,41,Male,Boots,Footwear,43.0,Texas,M,Blue,Winter,3.3,No,Bank Transfer,No,47,Annually,0,35-44,Mid-Low,Loyal (31+),1,365,0,0,Low (<3.5)
828,55,Female,Socks,Clothing,33.0,New York,S,Pink,Spring,3.6,No,Cash,No,45,Annually,0,55-64,Low,Loyal (31+),1,365,0,0,Medium (3.5-4.4)
829,56,Male,Belt,Accessories,97.0,Texas,S,Olive,Fall,2.7,Yes,Debit Card,No,24,Monthly,0,55-64,High,Regular (16-30),1,30,0,1,Low (<3.5)
830,42,Female,Blouse,Clothing,71.0,New York,S,White,Fall,4.3,No,PayPal,No,10,Every 3 Months,0,35-44,Mid-High,Occasional (6-15),1,90,0,0,Medium (3.5-4.4)
831,37,Male,Scarf,Accessories,99.0,Alabama,L,Black,Winter,2.6,No,Bank Transfer,Yes,29,Fortnightly,0,35-44,High,Regular (16-30),1,14,1,0,Low (<3.5)
832,62,Male,Boots,Footwear,44.0,Texas,M,Pink,Spring,3.5,Yes,Cash,Yes,1,Weekly,0,55-64,Mid-Low,New (0-5),0,7,1,1,Medium (3.5-4.4)
833,27,Male,Shirt,Clothing,29.0,Minnesota,L,Black,Summer,3.8,No,PayPal,No,33,Annually,0,25-34,Low,Loyal (31+),1,365,0,0,Medium (3.5-4.4)
834,21,Male,Gloves,Accessories,50.0,Vermont,XL,Black,Winter,4.1,No,Credit Card,No,29,Every 3 Months,0,18-24,Mid-Low,Regular (16-30),1,90,0,0,Medium (3.5-4.4)
835,26,Male,Backpack,Accessories,46.0,Nevada,S,Blue,Summer,3.4,No,PayPal,No,45,Every 3 Months,0,25-34,Mid-Low,Loyal (31+),1,90,0,0,Low (<3.5)
836,60,Male,Boots,Footwear,78.0,Maine,L,Teal,Winter,3.6,No,Venmo,Yes,22,Every 3 Months,0,55-64,Mid-High,Regular (16-30),1,90,1,0,Medium (3.5-4.4)
837,42,Male,Jewelry,Accessories,78.0,Illinois,M,Olive,Winter,4.0,No,Credit Card,No,29,Quarterly,0,35-44,Mid-High,Regular (16-30),1,90,0,0,Medium (3.5-4.4)
838,19,Male,Hoodie,Outerwear,25.0,Florida,XL,Black,Summer,4.8,Yes,PayPal,Yes,3,Every 3 Months,0,18-24,Low,New (0-5),0,90,1,1,High (4.5+)
839,26,Male,T-shirt,Clothing,67.0,Ohio,M,Teal,Summer,4.2,No,Cash,Yes,42,Annually,0,25-34,Mid-High,Loyal (31+),1,365,1,0,Medium (3.5-4.4)
840,19,Male,Sneakers,Footwear,47.0,Oregon,M,Teal,Summer,3.1,No,Debit Card,No,15,Annually,0,18-24,Mid-Low,Occasional (6-15),1,365,0,0,Low (<3.5)
841,61,Male,Skirt,Clothing,69.0,Nevada,M,Olive,Spring,4.6,Yes,Venmo,No,38,Annually,0,55-64,Mid-High,Loyal (31+),1,365,0,1,High (4.5+)
842,42,Female,Backpack,Accessories,51.0,Oregon,XL,Black,Winter,2.6,No,Credit Card,Yes,12,Monthly,0,35-44,Mid-Low,Occasional (6-15),1,30,1,0,Low (<3.5)
843,21,Male,Slippers,Footwear,63.0,Montana,M,Black,Spring,3.2,No,Credit Card,No,18,Every 3 Months,0,18-24,Mid-High,Regular (16-30),1,90,0,0,Low (<3.5)
844,29,Male,Skirt,Clothing,77.0,Oregon,L,Pink,Winter,2.8,Yes,Credit Card,No,14,Fortnightly,0,25-34,Mid-High,Occasional (6-15),1,14,0,1,Low (<3.5)
845,50,Male,Blouse,Clothing,43.0,Maine,M,Pink,Winter,3.6,Yes,PayPal,Yes,45,Bi-Weekly,0,45-54,Mid-Low,Loyal (31+),1,14,1,1,Medium (3.5-4.4)
846,49,Male,Hat,Accessories,36.0,Nevada,L,Pink,Summer,4.1,No,PayPal,Yes,40,Annually,0,45-54,Low,Loyal (31+),1,365,1,0,Medium (3.5-4.4)
847,61,Female,Sweater,Clothing,77.0,Montana,M,Red,Spring,3.8,No,Credit Card,No,36,Bi-Weekly,0,55-64,Mid-High,Loyal (31+),1,14,0,0,Medium (3.5-4.4)
848,19,Male,Jewelry,Accessories,96.0,Texas,S,Gray,Winter,4.5,No,Cash,No,16,Every 3 Months,0,18-24,High,Regular (16-30),1,90,0,0,High (4.5+)
849,21,Male,Socks,Clothing,55.0,Maine,S,White,Summer,3.9,Yes,Venmo,No,37,Monthly,0,18-24,Mid-Low,Loyal (31+),1,30,0,1,Medium (3.5-4.4)
850,19,Male,Jacket,Outerwear,100.0,Nevada,M,Black,Spring,3.1,No,Debit Card,Yes,25,Fortnightly,0,18-24,High,Regular (16-30),1,14,1,0,Low (<3.5)
851,38,Male,Socks,Clothing,34.0,California,L,White,Summer,3.8,No,Bank Transfer,No,36,Bi-Weekly,0,35-44,Low,Loyal (31+),1,14,0,0,Medium (3.5-4.4)
852,56,Female,Skirt,Clothing,86.0,New York,L,Gray,Winter,4.3,No,Debit Card,No,14,Quarterly,0,55-64,High,Occasional (6-15),1,90,0,0,Medium (3.5-4.4)
853,53,Female,Belt,Accessories,100.0,Vermont,M,Red,Fall,3.8,No,Bank Transfer,Yes,27,Weekly,0,45-54,High,Regular (16-30),1,7,1,0,Medium (3.5-4.4)
854,29,Male,Jewelry,Accessories,44.0,Alabama,M,Gray,Fall,3.6,Yes,Bank Transfer,No,48,Monthly,0,25-34,Mid-Low,Loyal (31+),1,30,0,1,Medium (3.5-4.4)
855,52,Male,Blouse,Clothing,31.0,Ohio,S,Red,Fall,3.8,No,Bank Transfer,Yes,4,Weekly,0,45-54,Low,New (0-5),0,7,1,0,Medium (3.5-4.4)
856,52,Male,Boots,Footwear,73.0,Minnesota,L,Gray,Spring,3.9,No,Cash,No,39,Monthly,0,45-54,Mid-High,Loyal (31+),1,30,0,0,Medium (3.5-4.4)
857,28,Male,Scarf,Accessories,90.0,Oregon,L,Teal,Winter,3.3,Yes,Credit Card,Yes,35,Bi-Weekly,0,25-34,High,Loyal (31+),1,14,1,1,Low (<3.5)
858,57,Male,Backpack,Accessories,26.0,New York,XL,Olive,Fall,4.6,No,Credit Card,Yes,22,Quarterly,0,55-64,Low,Regular (16-30),1,90,1,0,High (4.5+)
859,40,Male,Jeans,Clothing,71.0,New York,L,Teal,Fall,3.0,No,Bank Transfer,Yes,46,Every 3 Months,0,35-44,Mid-High,Loyal (31+),1,90,1,0,Low (<3.5)
860,21,Male,Slippers,Footwear,90.0,Texas,M,Teal,Fall,2.6,Yes,Bank Transfer,Yes,37,Weekly,0,18-24,High,Loyal (31+),1,7,1,1,Low (<3.5)
861,38,Male,Gloves,Accessories,22.0,Texas,M,Gray,Summer,4.4,Yes,PayPal,Yes,27,Weekly,0,35-44,Low,Regular (16-30),1,7,1,1,Medium (3.5-4.4)
862,58,Male,Jewelry,Accessories,61.0,Nevada,XL,Teal,Fall,4.6,No,Debit Card,No,16,Monthly,0,55-64,Mid-High,Regular (16-30),1,30,0,0,High (4.5+)
863,54,Female,Handbag,Accessories,26.0,Alabama,S,White,Winter,4.1,No,Cash,No,35,Every 3 Months,0,45-54,Low,Loyal (31+),1,90,0,0,Medium (3.5-4.4)
864,32,Female,Slippers,Footwear,34.0,California,S,Gray,Summer,3.7,No,Credit Card,Yes,5,Fortnightly,0,25-34,Low,New (0-5),0,14,1,0,Medium (3.5-4.4)
865,58,Male,Pants,Clothing,59.0,Oregon,M,Black,Spring,4.9,No,Venmo,Yes,13,Every 3 Months,0,55-64,Mid-Low,Occasional (6-15),1,90,1,0,High (4.5+)
866,38,Male,Jewelry,Accessories,46.0,Minnesota,L,Black,Fall,3.4,Yes,Credit Card,Yes,22,Weekly,0,35-44,Mid-Low,Regular (16-30),1,7,1,1,Low (<3.5)
867,42,Male,Gloves,Accessories,26.0,Texas,L,White,Winter,3.5,No,Credit Card,No,12,Bi-Weekly,0,35-44,Low,Occasional (6-15),1,14,0,0,Medium (3.5-4.4)
868,22,Female,Scarf,Accessories,84.0,New York,XL,White,Winter,4.0,No,Cash,Yes,29,Monthly,0,18-24,High,Regular (16-30),1,30,1,0,Medium (3.5-4.4)
869,70,Male,Blouse,Clothing,36.0,Georgia,M,Red,Winter,3.6,Yes,Credit Card,No,44,Quarterly,0,65+,Low,Loyal (31+),1,90,0,1,Medium (3.5-4.4)
870,62,Female,Socks,Clothing,90.0,Oregon,M,Olive,Summer,3.9,Yes,Cash,Yes,18,Bi-Weekly,0,55-64,High,Regular (16-30),1,14,1,1,Medium (3.5-4.4)
871,28,Male,Handbag,Accessories,34.0,New York,M,Teal,Winter,4.9,No,Debit Card,Yes,21,Annually,0,25-34,Low,Regular (16-30),1,365,1,0,High (4.5+)
872,47,Male,Blouse,Clothing,62.0,Minnesota,L,Teal,Spring,3.1,No,Venmo,No,21,Monthly,0,45-54,Mid-High,Regular (16-30),1,30,0,0,Low (<3.5)
873,59,Female,Jacket,Outerwear,78.0,Oregon,M,White,Fall,2.9,No,Credit Card,No,37,Quarterly,0,55-64,Mid-High,Loyal (31+),1,90,0,0,Low (<3.5)
874,44,Male,Blouse,Clothing,58.0,Montana,XL,Red,Winter,3.6,No,PayPal,No,36,Weekly,0,35-44,Mid-Low,Loyal (31+),1,7,0,0,Medium (3.5-4.4)
875,29,Male,Gloves,Accessories,53.0,Montana,M,Red,Winter,3.8,Yes,Bank Transfer,Yes,12,Annually,0,25-34,Mid-Low,Occasional (6-15),1,365,1,1,Medium (3.5-4.4)
876,69,Female,Jewelry,Accessories,80.0,California,L,Black,Fall,4.3,Yes,Bank Transfer,Yes,45,Monthly,0,65+,Mid-High,Loyal (31+),1,30,1,1,Medium (3.5-4.4)
877,32,Female,T-shirt,Clothing,20.0,Minnesota,L,Black,Fall,4.9,No,Bank Transfer,Yes,33,Monthly,0,25-34,Low,Loyal (31+),1,30,1,0,High (4.5+)
878,35,Male,Skirt,Clothing,86.0,Nevada,M,Blue,Summer,4.2,No,Venmo,No,45,Fortnightly,0,35-44,High,Loyal (31+),1,14,0,0,Medium (3.5-4.4)
879,37,Female,Hat,Accessories,75.0,Alabama,L,Pink,Winter,5.0,Yes,Cash,No,44,Quarterly,0,35-44,Mid-High,Loyal (31+),1,90,0,1,High (4.5+)
880,65,Female,Slippers,Footwear,81.0,Illinois,M,Red,Winter,3.1,No,Debit Card,Yes,29,Weekly,0,65+,High,Regular (16-30),1,7,1,0,Low (<3.5)
881,44,Male,Socks,Clothing,54.0,Minnesota,L,Red,Spring,3.0,No,Bank Transfer,Yes,36,Monthly,0,35-44,Mid-Low,Loyal (31+),1,30,1,0,Low (<3.5)
882,56,Male,Sunglasses,Accessories,51.0,Nevada,L,Teal,Spring,3.3,Yes,Credit Card,Yes,32,Every 3 Months,0,55-64,Mid-Low,Loyal (31+),1,90,1,1,Low (<3.5)
883,65,Female,Jacket,Outerwear,66.0,Alabama,M,Red,Winter,4.5,No,Bank Transfer,Yes,31,Every 3 Months,0,65+,Mid-High,Loyal (31+),1,90,1,0,High (4.5+)
884,67,Female,Sandals,Footwear,71.0,Texas,M,Olive,Winter,3.0,No,Venmo,Yes,27,Quarterly,0,65+,Mid-High,Regular (16-30),1,90,1,0,Low (<3.5)
885,63,Male,Sweater,Clothing,94.0,New York,XL,Teal,Spring,3.0,No,Credit Card,Yes,12,Bi-Weekly,0,55-64,High,Occasional (6-15),1,14,1,0,Low (<3.5)
886,66,Male,Skirt,Clothing,89.0,Utah,XL,Black,Summer,3.5,Yes,Bank Transfer,No,19,Monthly,0,65+,High,Regular (16-30),1,30,0,1,Medium (3.5-4.4)
887,68,Female,Blouse,Clothing,24.0,Vermont,M,Gray,Fall,3.3,No,Credit Card,No,36,Fortnightly,0,65+,Low,Loyal (31+),1,14,0,0,Low (<3.5)
888,70,Male,Jeans,Clothing,32.0,Florida,XL,Blue,Spring,4.1,Yes,Credit Card,Yes,37,Quarterly,0,65+,Low,Loyal (31+),1,90,1,1,Medium (3.5-4.4)
889,52,Male,Skirt,Clothing,96.0,Ohio,M,Black,Fall,4.7,No,Cash,Yes,24,Fortnightly,0,45-54,High,Regular (16-30),1,14,1,0,High (4.5+)
890,24,Female,Handbag,Accessories,51.0,Montana,M,Black,Winter,2.8,No,Venmo,No,6,Bi-Weekly,0,18-24,Mid-Low,Occasional (6-15),0,14,0,0,Low (<3.5)
891,24,Male,Pants,Clothing,67.0,Texas,M,Olive,Spring,3.9,No,Cash,Yes,7,Every 3 Months,0,18-24,Mid-High,Occasional (6-15),0,90,1,0,Medium (3.5-4.4)
892,60,Male,Hoodie,Outerwear,24.0,New York,S,Olive,Winter,2.7,No,PayPal,No,45,Weekly,0,55-64,Low,Loyal (31+),1,7,0,0,Low (<3.5)
893,34,Male,Shorts,Clothing,28.0,Alabama,M,Gray,Spring,3.1,No,Venmo,No,7,Bi-Weekly,0,25-34,Low,Occasional (6-15),0,14,0,0,Low (<3.5)
894,60,Male,T-shirt,Clothing,53.0,Maine,L,Olive,Spring,3.3,No,Cash,No,15,Bi-Weekly,0,55-64,Mid-Low,Occasional (6-15),1,14,0,0,Low (<3.5)
895,67,Female,Scarf,Accessories,78.0,Montana,S,Olive,Fall,3.9,No,Credit Card,No,4,Annually,0,65+,Mid-High,New (0-5),0,365,0,0,Medium (3.5-4.4)
896,52,Male,Gloves,Accessories,82.0,Alabama,M,Black,Winter,3.9,Yes,Debit Card,Yes,11,Every 3 Months,0,45-54,High,Occasional (6-15),1,90,1,1,Medium (3.5-4.4)
897,58,Male,T-shirt,Clothing,92.0,Maine,L,Black,Winter,4.1,Yes,PayPal,Yes,42,Bi-Weekly,0,55-64,High,Loyal (31+),1,14,1,1,Medium (3.5-4.4)
898,32,Male,Skirt,Clothing,35.0,Utah,L,Blue,Winter,4.5,No,Debit Card,No,14,Quarterly,0,25-34,Low,Occasional (6-15),1,90,0,0,High (4.5+)
899,41,Male,Shirt,Clothing,36.0,Ohio,XL,Gray,Winter,3.0,No,Cash,Yes,42,Fortnightly,0,35-44,Low,Loyal (31+),1,14,1,0,Low (<3.5)
900,69,Male,Slippers,Footwear,63.0,Ohio,M,Teal,Winter,4.4,No,Debit Card,Yes,41,Every 3 Months,0,65+,Mid-High,Loyal (31+),1,90,1,0,Medium (3.5-4.4)
901,61,Male,Shoes,Footwear,64.0,Vermont,L,Teal,Summer,4.2,No,PayPal,No,36,Bi-Weekly,0,55-64,Mid-High,Loyal (31+),1,14,0,0,Medium (3.5-4.4)
902,28,Male,Dress,Clothing,22.0,California,M,Pink,Spring,2.7,Yes,PayPal,No,14,Annually,0,25-34,Low,Occasional (6-15),1,365,0,1,Low (<3.5)
903,67,Male,Shorts,Clothing,56.0,Nevada,S,Blue,Winter,3.4,No,Credit Card,Yes,50,Annually,0,65+,Mid-Low,Loyal (31+),1,365,1,0,Low (<3.5)
904,44,Male,Sandals,Footwear,92.0,Illinois,L,Gray,Spring,2.6,Yes,Debit Card,No,31,Fortnightly,0,35-44,High,Loyal (31+),1,14,0,1,Low (<3.5)
905,62,Male,Hoodie,Outerwear,33.0,Nevada,M,Black,Fall,2.7,No,Debit Card,Yes,39,Bi-Weekly,0,55-64,Low,Loyal (31+),1,14,1,0,Low (<3.5)
906,45,Male,Handbag,Accessories,86.0,Utah,L,Red,Winter,3.2,No,Venmo,No,18,Annually,0,45-54,High,Regular (16-30),1,365,0,0,Low (<3.5)
907,50,Male,Shoes,Footwear,56.0,Texas,M,Black,Spring,3.1,No,Venmo,Yes,34,Weekly,0,45-54,Mid-Low,Loyal (31+),1,7,1,0,Low (<3.5)
908,26,Male,Blouse,Clothing,62.0,Vermont,M,Teal,Winter,4.8,No,Credit Card,No,33,Quarterly,0,25-34,Mid-High,Loyal (31+),1,90,0,0,High (4.5+)
909,35,Male,Shirt,Clothing,71.0,Ohio,M,Red,Summer,4.7,No,Cash,No,30,Monthly,0,35-44,Mid-High,Regular (16-30),1,30,0,0,High (4.5+)
910,56,Male,Socks,Clothing,77.0,Georgia,S,Olive,Spring,3.9,No,Bank Transfer,Yes,30,Monthly,0,55-64,Mid-High,Regular (16-30),1,30,1,0,Medium (3.5-4.4)
911,62,Female,Sunglasses,Accessories,71.0,Idaho,M,Black,Summer,4.3,No,PayPal,No,36,Quarterly,0,55-64,Mid-High,Loyal (31+),1,90,0,0,Medium (3.5-4.4)
912,22,Male,Handbag,Accessories,28.0,Minnesota,S,Teal,Summer,5.0,Yes,Credit Card,Yes,50,Monthly,0,18-24,Low,Loyal (31+),1,30,1,1,High (4.5+)
913,22,Female,Backpack,Accessories,43.0,Alabama,M,Gray,Summer,3.5,No,Bank Transfer,No,44,Bi-Weekly,0,18-24,Mid-Low,Loyal (31+),1,14,0,0,Medium (3.5-4.4)
914,54,Female,Hoodie,Outerwear,88.0,Maine,L,Black,Spring,3.8,No,Credit Card,Yes,16,Monthly,0,45-54,High,Regular (16-30),1,30,1,0,Medium (3.5-4.4)
915,41,Male,Coat,Outerwear,23.0,Ohio,S,Blue,Spring,4.1,No,Debit Card,Yes,45,Annually,0,35-44,Low,Loyal (31+),1,365,1,0,Medium (3.5-4.4)
916,62,Male,Jacket,Outerwear,77.0,Illinois,M,White,Summer,4.8,No,Bank Transfer,Yes,18,Weekly,0,55-64,Mid-High,Regular (16-30),1,7,1,0,High (4.5+)
917,21,Male,Sweater,Clothing,62.0,Idaho,M,Black,Spring,4.5,No,Debit Card,Yes,13,Fortnightly,0,18-24,Mid-High,Occasional (6-15),1,14,1,0,High (4.5+)
918,36,Male,Shirt,Clothing,29.0,New York,M,Black,Fall,2.7,No,Credit Card,No,10,Weekly,0,35-44,Low,Occasional (6-15),1,7,0,0,Low (<3.5)
919,19,Male,Sweater,Clothing,29.0,Idaho,M,Olive,Winter,4.3,No,Bank Transfer,No,36,Quarterly,0,18-24,Low,Loyal (31+),1,90,0,0,Medium (3.5-4.4)
920,55,Male,Boots,Footwear,99.0,Oregon,L,Pink,Spring,3.1,No,Credit Card,No,24,Bi-Weekly,0,55-64,High,Regular (16-30),1,14,0,0,Low (<3.5)
921,63,Female,T-shirt,Clothing,22.0,Georgia,L,Olive,Spring,3.1,No,Bank Transfer,No,42,Weekly,0,55-64,Low,Loyal (31+),1,7,0,0,Low (<3.5)
922,26,Male,Sunglasses,Accessories,21.0,Vermont,S,Olive,Fall,3.9,Yes,Credit Card,No,42,Fortnightly,0,25-34,Low,Loyal (31+),1,14,0,1,Medium (3.5-4.4)
923,35,Female,Backpack,Accessories,21.0,Illinois,L,Black,Spring,4.2,No,Cash,Yes,27,Fortnightly,0,35-44,Low,Regular (16-30),1,14,1,0,Medium (3.5-4.4)
924,62,Female,Shoes,Footwear,70.0,Nevada,S,White,Fall,2.9,No,Bank Transfer,No,11,Weekly,0,55-64,Mid-High,Occasional (6-15),1,7,0,0,Low (<3.5)
925,20,Male,Shorts,Clothing,95.0,Ohio,M,Black,Summer,3.3,Yes,PayPal,No,6,Every 3 Months,0,18-24,High,Occasional (6-15),0,90,0,1,Low (<3.5)
926,68,Female,Sweater,Clothing,33.0,Nevada,M,Teal,Summer,4.3,No,Credit Card,Yes,49,Weekly,0,65+,Low,Loyal (31+),1,7,1,0,Medium (3.5-4.4)
927,65,Female,Socks,Clothing,84.0,Nevada,M,Olive,Fall,2.9,No,Credit Card,Yes,16,Annually,0,65+,High,Regular (16-30),1,365,1,0,Low (<3.5)
928,26,Male,Gloves,Accessories,78.0,Illinois,S,Teal,Winter,4.6,Yes,Cash,Yes,1,Annually,0,25-34,Mid-High,New (0-5),0,365,1,1,High (4.5+)
929,25,Male,Slippers,Footwear,38.0,California,S,Teal,Spring,3.6,No,Cash,Yes,20,Annually,0,25-34,Low,Regular (16-30),1,365,1,0,Medium (3.5-4.4)
930,54,Male,Handbag,Accessories,25.0,New York,S,White,Spring,4.0,No,PayPal,No,41,Fortnightly,0,45-54,Low,Loyal (31+),1,14,0,0,Medium (3.5-4.4)
931,18,Male,Skirt,Clothing,59.0,California,M,Gray,Fall,2.7,No,Cash,Yes,5,Fortnightly,0,18-24,Mid-Low,New (0-5),0,14,1,0,Low (<3.5)
932,44,Male,Dress,Clothing,26.0,California,S,Olive,Spring,4.9,No,Cash,No,35,Annually,0,35-44,Low,Loyal (31+),1,365,0,0,High (4.5+)
933,21,Male,Pants,Clothing,29.0,Ohio,L,Olive,Summer,4.8,No,Venmo,Yes,21,Quarterly,0,18-24,Low,Regular (16-30),1,90,1,0,High (4.5+)
934,46,Male,Scarf,Accessories,57.0,Georgia,XL,Olive,Summer,3.0,No,PayPal,Yes,46,Monthly,0,45-54,Mid-Low,Loyal (31+),1,30,1,0,Low (<3.5)
935,36,Female,Backpack,Accessories,86.0,Ohio,M,Red,Summer,4.2,No,PayPal,Yes,23,Annually,0,35-44,High,Regular (16-30),1,365,1,0,Medium (3.5-4.4)
936,55,Male,Skirt,Clothing,100.0,Montana,S,Black,Fall,4.5,Yes,Bank Transfer,Yes,27,Fortnightly,0,55-64,High,Regular (16-30),1,14,1,1,High (4.5+)
937,64,Male,Coat,Outerwear,70.0,Georgia,M,Teal,Spring,2.8,No,Debit Card,No,23,Bi-Weekly,0,55-64,Mid-High,Regular (16-30),1,14,0,0,Low (<3.5)
938,43,Male,Dress,Clothing,42.0,Florida,L,Olive,Summer,3.9,No,Debit Card,No,35,Fortnightly,0,35-44,Mid-Low,Loyal (31+),1,14,0,0,Medium (3.5-4.4)
939,52,Female,Handbag,Accessories,46.0,Alabama,M,Pink,Spring,4.6,No,Cash,No,4,Every 3 Months,0,45-54,Mid-Low,New (0-5),0,90,0,0,High (4.5+)
940,49,Male,Shirt,Clothing,69.0,Alabama,S,White,Winter,3.8,No,Bank Transfer,Yes,3,Fortnightly,0,45-54,Mid-High,New (0-5),0,14,1,0,Medium (3.5-4.4)
941,70,Male,Blouse,Clothing,34.0,Utah,XL,Black,Winter,4.8,Yes,Cash,No,30,Weekly,0,65+,Low,Regular (16-30),1,7,0,1,High (4.5+)
942,30,Male,Belt,Accessories,62.0,Nevada,M,Teal,Summer,2.6,Yes,Debit Card,No,20,Bi-Weekly,0,25-34,Mid-High,Regular (16-30),1,14,0,1,Low (<3.5)
943,30,Male,Socks,Clothing,82.0,Idaho,M,Pink,Spring,4.8,Yes,Debit Card,No,9,Monthly,0,25-34,High,Occasional (6-15),0,30,0,1,High (4.5+)
944,38,Female,Dress,Clothing,88.0,Alabama,XL,Pink,Summer,4.9,No,PayPal,No,39,Fortnightly,0,35-44,High,Loyal (31+),1,14,0,0,High (4.5+)
945,57,Male,Shoes,Footwear,24.0,Alabama,XL,Red,Winter,2.9,No,Venmo,No,38,Annually,0,55-64,Low,Loyal (31+),1,365,0,0,Low (<3.5)
946,63,Male,Skirt,Clothing,43.0,New York,M,Teal,Winter,3.6,No,PayPal,Yes,6,Every 3 Months,0,55-64,Mid-Low,Occasional (6-15),0,90,1,0,Medium (3.5-4.4)
947,32,Female,Jewelry,Accessories,40.0,Minnesota,M,White,Fall,4.1,No,Cash,Yes,10,Annually,0,25-34,Mid-Low,Occasional (6-15),1,365,1,0,Medium (3.5-4.4)
948,23,Female,Sunglasses,Accessories,64.0,Ohio,M,Pink,Winter,4.7,Yes,Venmo,No,40,Bi-Weekly,0,18-24,Mid-High,Loyal (31+),1,14,0,1,High (4.5+)
949,50,Female,Gloves,Accessories,35.0,Minnesota,M,Red,Spring,2.9,No,Venmo,Yes,24,Bi-Weekly,0,45-54,Low,Regular (16-30),1,14,1,0,Low (<3.5)
950,49,Male,Skirt,Clothing,97.0,Florida,M,White,Fall,3.3,Yes,Cash,Yes,16,Monthly,0,45-54,High,Regular (16-30),1,30,1,1,Low (<3.5)
951,37,Female,Sneakers,Footwear,94.0,Nevada,M,Olive,Winter,4.5,Yes,Debit Card,Yes,27,Annually,0,35-44,High,Regular (16-30),1,365,1,1,High (4.5+)
952,27,Male,Dress,Clothing,46.0,Vermont,L,Blue,Spring,3.5,No,Venmo,Yes,18,Monthly,0,25-34,Mid-Low,Regular (16-30),1,30,1,0,Medium (3.5-4.4)
953,63,Female,Shirt,Clothing,52.0,Georgia,L,White,Summer,4.0,Yes,Bank Transfer,No,5,Bi-Weekly,0,55-64,Mid-Low,New (0-5),0,14,0,1,Medium (3.5-4.4)
954,62,Female,T-shirt,Clothing,55.0,Minnesota,XL,Olive,Summer,3.9,Yes,Credit Card,Yes,33,Quarterly,0,55-64,Mid-Low,Loyal (31+),1,90,1,1,Medium (3.5-4.4)
955,57,Male,Hoodie,Outerwear,23.0,Montana,L,Pink,Spring,4.9,No,Venmo,No,35,Weekly,0,55-64,Low,Loyal (31+),1,7,0,0,High (4.5+)
956,48,Male,Sunglasses,Accessories,91.0,Texas,S,Blue,Spring,2.9,No,Debit Card,No,4,Annually,0,45-54,High,New (0-5),0,365,0,0,Low (<3.5)
957,31,Male,Handbag,Accessories,83.0,Minnesota,M,Teal,Winter,4.9,No,Cash,Yes,13,Quarterly,0,25-34,High,Occasional (6-15),1,90,1,0,High (4.5+)
958,39,Male,Slippers,Footwear,46.0,Utah,M,Olive,Fall,3.9,Yes,PayPal,Yes,32,Monthly,0,35-44,Mid-Low,Loyal (31+),1,30,1,1,Medium (3.5-4.4)
959,21,Male,Sneakers,Footwear,64.0,New York,M,Black,Spring,4.8,Yes,Venmo,Yes,38,Weekly,0,18-24,Mid-High,Loyal (31+),1,7,1,1,High (4.5+)
960,31,Male,Sandals,Footwear,50.0,Alabama,S,Blue,Fall,2.8,Yes,Cash,Yes,46,Bi-Weekly,0,25-34,Mid-Low,Loyal (31+),1,14,1,1,Low (<3.5)
961,41,Male,Slippers,Footwear,38.0,Minnesota,L,Teal,Fall,4.1,Yes,Cash,Yes,31,Quarterly,0,35-44,Low,Loyal (31+),1,90,1,1,Medium (3.5-4.4)
962,41,Male,Skirt,Clothing,44.0,Georgia,M,White,Summer,4.6,No,Bank Transfer,No,5,Annually,0,35-44,Mid-Low,New (0-5),0,365,0,0,High (4.5+)
963,22,Male,T-shirt,Clothing,28.0,California,S,Teal,Summer,4.5,Yes,Cash,Yes,18,Monthly,0,18-24,Low,Regular (16-30),1,30,1,1,High (4.5+)
964,68,Male,Pants,Clothing,85.0,Vermont,M,Gray,Fall,2.5,No,PayPal,No,13,Annually,0,65+,High,Occasional (6-15),1,365,0,0,Low (<3.5)
965,32,Male,Jacket,Outerwear,73.0,Illinois,XL,Olive,Winter,3.6,Yes,Credit Card,No,50,Monthly,0,25-34,Mid-High,Loyal (31+),1,30,0,1,Medium (3.5-4.4)
966,44,Male,Sneakers,Footwear,95.0,Georgia,L,Olive,Winter,2.8,No,Credit Card,Yes,1,Every 3 Months,0,35-44,High,New (0-5),0,90,1,0,Low (<3.5)
967,42,Female,Jacket,Outerwear,20.0,Ohio,S,Gray,Summer,2.9,Yes,Venmo,Yes,19,Weekly,0,35-44,Low,Regular (16-30),1,7,1,1,Low (<3.5)
968,42,Female,Shirt,Clothing,71.0,Texas,M,Gray,Spring,4.3,Yes,PayPal,Yes,26,Every 3 Months,0,35-44,Mid-High,Regular (16-30),1,90,1,1,Medium (3.5-4.4)
969,62,Male,Sandals,Footwear,65.0,Illinois,XL,Gray,Spring,4.9,Yes,Credit Card,Yes,15,Fortnightly,0,55-64,Mid-High,Occasional (6-15),1,14,1,1,High (4.5+)
970,57,Male,Socks,Clothing,70.0,Oregon,S,Olive,Spring,4.1,No,Cash,Yes,37,Bi-Weekly,0,55-64,Mid-High,Loyal (31+),1,14,1,0,Medium (3.5-4.4)
971,63,Male,Skirt,Clothing,100.0,Florida,L,Olive,Spring,2.8,No,PayPal,No,7,Bi-Weekly,0,55-64,High,Occasional (6-15),0,14,0,0,Low (<3.5)
972,38,Female,Shorts,Clothing,51.0,Nevada,L,Red,Winter,3.1,No,Venmo,Yes,47,Monthly,0,35-44,Mid-Low,Loyal (31+),1,30,1,0,Low (<3.5)
973,32,Male,Skirt,Clothing,31.0,Nevada,L,Red,Fall,3.4,No,Credit Card,Yes,21,Quarterly,0,25-34,Low,Regular (16-30),1,90,1,0,Low (<3.5)
974,40,Female,Belt,Accessories,21.0,Texas,S,Pink,Spring,2.8,No,Bank Transfer,Yes,19,Bi-Weekly,0,35-44,Low,Regular (16-30),1,14,1,0,Low (<3.5)
975,47,Male,Skirt,Clothing,59.0,Nevada,XL,Pink,Winter,4.6,No,Bank Transfer,No,47,Weekly,0,45-54,Mid-Low,Loyal (31+),1,7,0,0,High (4.5+)
976,35,Male,Sunglasses,Accessories,34.0,Vermont,M,Olive,Spring,3.0,No,Bank Transfer,Yes,8,Quarterly,0,35-44,Low,Occasional (6-15),0,90,1,0,Low (<3.5)
977,42,Male,Slippers,Footwear,31.0,Montana,S,Red,Fall,2.8,No,PayPal,No,24,Bi-Weekly,0,35-44,Low,Regular (16-30),1,14,0,0,Low (<3.5)
978,25,Female,T-shirt,Clothing,31.0,Alabama,S,Gray,Spring,4.3,No,Debit Card,No,2,Every 3 Months,0,25-34,Low,New (0-5),0,90,0,0,Medium (3.5-4.4)
979,48,Female,Sandals,Footwear,42.0,Georgia,M,Gray,Fall,2.8,No,Credit Card,Yes,26,Quarterly,0,45-54,Mid-Low,Regular (16-30),1,90,1,0,Low (<3.5)
980,55,Male,Skirt,Clothing,29.0,Maine,S,Red,Fall,3.5,No,Debit Card,No,17,Bi-Weekly,0,55-64,Low,Regular (16-30),1,14,0,0,Medium (3.5-4.4)
981,45,Male,Coat,Outerwear,59.0,Minnesota,L,White,Winter,3.8,No,Debit Card,Yes,38,Weekly,0,45-54,Mid-Low,Loyal (31+),1,7,1,0,Medium (3.5-4.4)
982,64,Male,Sunglasses,Accessories,72.0,Ohio,L,Gray,Fall,2.7,Yes,PayPal,No,26,Monthly,0,55-64,Mid-High,Regular (16-30),1,30,0,1,Low (<3.5)
983,70,Female,Jewelry,Accessories,43.0,Montana,S,Red,Summer,3.9,Yes,Cash,Yes,32,Every 3 Months,0,65+,Mid-Low,Loyal (31+),1,90,1,1,Medium (3.5-4.4)
984,65,Male,Boots,Footwear,31.0,Idaho,L,Black,Fall,3.7,Yes,Bank Transfer,No,46,Every 3 Months,0,65+,Low,Loyal (31+),1,90,0,1,Medium (3.5-4.4)
985,22,Female,Jeans,Clothing,66.0,Vermont,XL,Teal,Fall,4.2,No,PayPal,No,48,Bi-Weekly,0,18-24,Mid-High,Loyal (31+),1,14,0,0,Medium (3.5-4.4)
986,64,Male,Coat,Outerwear,26.0,Florida,S,Olive,Summer,3.0,No,Venmo,No,11,Fortnightly,0,55-64,Low,Occasional (6-15),1,14,0,0,Low (<3.5)
987,35,Male,Jeans,Clothing,79.0,Montana,L,Black,Fall,3.4,No,PayPal,No,26,Weekly,0,35-44,Mid-High,Regular (16-30),1,7,0,0,Low (<3.5)
988,41,Male,Sweater,Clothing,50.0,Maine,XL,White,Fall,4.1,No,Credit Card,Yes,40,Quarterly,0,35-44,Mid-Low,Loyal (31+),1,90,1,0,Medium (3.5-4.4)
989,39,Male,Blouse,Clothing,53.0,New York,L,Gray,Winter,2.6,No,Debit Card,No,7,Fortnightly,0,35-44,Mid-Low,Occasional (6-15),0,14,0,0,Low (<3.5)
990,33,Female,Belt,Accessories,40.0,Texas,M,Pink,Spring,2.8,No,Bank Transfer,Yes,25,Every 3 Months,0,25-34,Mid-Low,Regular (16-30),1,90,1,0,Low (<3.5)
991,64,Female,Hat,Accessories,42.0,Georgia,L,Red,Fall,3.2,Yes,Venmo,Yes,28,Quarterly,0,55-64,Mid-Low,Regular (16-30),1,90,1,1,Low (<3.5)
992,51,Female,Scarf,Accessories,31.0,Georgia,L,Pink,Winter,2.8,Yes,Venmo,Yes,44,Weekly,0,45-54,Low,Loyal (31+),1,7,1,1,Low (<3.5)
993,69,Male,Hat,Accessories,65.0,Idaho,M,White,Fall,2.6,No,Venmo,No,5,Quarterly,0,65+,Mid-High,New (0-5),0,90,0,0,Low (<3.5)
994,68,Female,Dress,Clothing,31.0,Minnesota,M,Gray,Winter,5.0,No,Credit Card,No,44,Fortnightly,0,65+,Low,Loyal (31+),1,14,0,0,High (4.5+)
995,40,Male,Coat,Outerwear,75.0,Alabama,M,Pink,Summer,3.6,No,PayPal,No,12,Annually,0,35-44,Mid-High,Occasional (6-15),1,365,0,0,Medium (3.5-4.4)
996,56,Male,T-shirt,Clothing,40.0,Utah,M,Pink,Fall,3.8,No,Debit Card,No,43,Weekly,0,55-64,Mid-Low,Loyal (31+),1,7,0,0,Medium (3.5-4.4)
997,44,Male,Belt,Accessories,65.0,Maine,M,White,Spring,3.1,Yes,Venmo,No,33,Bi-Weekly,0,35-44,Mid-High,Loyal (31+),1,14,0,1,Low (<3.5)
998,44,Male,Dress,Clothing,63.0,Florida,M,Olive,Summer,2.5,No,PayPal,No,21,Weekly,0,35-44,Mid-High,Regular (16-30),1,7,0,0,Low (<3.5)
999,57,Male,Hoodie,Outerwear,71.0,Montana,L,Black,Spring,4.4,No,Credit Card,Yes,7,Quarterly,0,55-64,Mid-High,Occasional (6-15),0,90,1,0,Medium (3.5-4.4)
1000,54,Male,T-shirt,Clothing,81.0,Maine,L,White,Winter,4.3,No,PayPal,No,18,Monthly,0,45-54,High,Regular (16-30),1,30,0,0,Medium (3.5-4.4)
1001,66,Male,Sweater,Clothing,65.0,Ohio,M,Teal,Winter,4.9,No,Venmo,Yes,37,Monthly,0,65+,Mid-High,Loyal (31+),1,30,1,0,High (4.5+)
1002,58,Male,Boots,Footwear,89.0,Alabama,M,Olive,Spring,2.6,Yes,PayPal,Yes,11,Quarterly,0,55-64,High,Occasional (6-15),1,90,1,1,Low (<3.5)
1003,50,Male,T-shirt,Clothing,40.0,Nevada,S,White,Winter,2.8,No,Debit Card,No,34,Annually,0,45-54,Mid-Low,Loyal (31+),1,365,0,0,Low (<3.5)
1004,66,Male,T-shirt,Clothing,80.0,Nevada,S,Teal,Summer,4.3,Yes,Venmo,Yes,12,Bi-Weekly,0,65+,Mid-High,Occasional (6-15),1,14,1,1,Medium (3.5-4.4)
1005,23,Female,Hat,Accessories,47.0,Alabama,L,Teal,Fall,3.3,No,Credit Card,No,5,Monthly,0,18-24,Mid-Low,New (0-5),0,30,0,0,Low (<3.5)
1006,58,Male,Blouse,Clothing,70.0,Utah,S,Black,Winter,2.7,No,PayPal,No,31,Quarterly,0,55-64,Mid-High,Loyal (31+),1,90,0,0,Low (<3.5)
1007,38,Male,Coat,Outerwear,59.0,Utah,XL,Black,Winter,3.3,No,Credit Card,No,41,Annually,0,35-44,Mid-Low,Loyal (31+),1,365,0,0,Low (<3.5)
1008,40,Female,Jeans,Clothing,93.0,Montana,M,White,Spring,2.7,No,Credit Card,No,49,Fortnightly,0,35-44,High,Loyal (31+),1,14,0,0,Low (<3.5)
1009,59,Female,Backpack,Accessories,41.0,Utah,S,Pink,Spring,4.6,Yes,Debit Card,No,26,Monthly,0,55-64,Mid-Low,Regular (16-30),1,30,0,1,High (4.5+)
1010,32,Female,Shoes,Footwear,62.0,New York,L,Gray,Spring,4.7,No,Cash,Yes,31,Every 3 Months,0,25-34,Mid-High,Loyal (31+),1,90,1,0,High (4.5+)
1011,64,Female,Gloves,Accessories,33.0,Maine,M,Gray,Winter,4.1,No,Bank Transfer,Yes,35,Fortnightly,0,55-64,Low,Loyal (31+),1,14,1,0,Medium (3.5-4.4)
1012,44,Female,Shoes,Footwear,71.0,Maine,M,Red,Fall,3.5,No,PayPal,No,21,Bi-Weekly,0,35-44,Mid-High,Regular (16-30),1,14,0,0,Medium (3.5-4.4)
1013,36,Male,Shoes,Footwear,22.0,Texas,S,Red,Spring,4.4,Yes,PayPal,Yes,2,Monthly,0,35-44,Low,New (0-5),0,30,1,1,Medium (3.5-4.4)
1014,35,Female,Hoodie,Outerwear,53.0,Oregon,L,Olive,Fall,4.1,No,Venmo,No,13,Quarterly,0,35-44,Mid-Low,Occasional (6-15),1,90,0,0,Medium (3.5-4.4)
1015,40,Female,Shirt,Clothing,20.0,Florida,M,Black,Fall,4.5,No,PayPal,No,19,Quarterly,0,35-44,Low,Regular (16-30),1,90,0,0,High (4.5+)
1016,67,Male,Pants,Clothing,46.0,Georgia,L,Gray,Fall,3.8,Yes,Cash,Yes,33,Weekly,0,65+,Mid-Low,Loyal (31+),1,7,1,1,Medium (3.5-4.4)
1017,23,Female,Belt,Accessories,59.0,New York,L,White,Fall,4.9,No,Credit Card,No,16,Fortnightly,0,18-24,Mid-Low,Regular (16-30),1,14,0,0,High (4.5+)
1018,44,Female,Gloves,Accessories,46.0,Oregon,L,Pink,Spring,3.2,No,Credit Card,Yes,11,Every 3 Months,0,35-44,Mid-Low,Occasional (6-15),1,90,1,0,Low (<3.5)
1019,62,Female,T-shirt,Clothing,51.0,Vermont,L,White,Summer,4.0,No,Bank Transfer,Yes,46,Quarterly,0,55-64,Mid-Low,Loyal (31+),1,90,1,0,Medium (3.5-4.4)
1020,43,Female,Sandals,Footwear,32.0,Vermont,L,Black,Fall,4.5,No,PayPal,No,5,Monthly,0,35-44,Low,New (0-5),0,30,0,0,High (4.5+)
1021,47,Male,Scarf,Accessories,77.0,Idaho,L,Red,Winter,4.7,No,Credit Card,No,40,Bi-Weekly,0,45-54,Mid-High,Loyal (31+),1,14,0,0,High (4.5+)
1022,36,Male,Belt,Accessories,84.0,Nevada,M,Red,Spring,4.9,No,PayPal,No,5,Annually,0,35-44,High,New (0-5),0,365,0,0,High (4.5+)
1023,25,Male,Coat,Outerwear,56.0,Ohio,L,Gray,Fall,3.5,Yes,Cash,Yes,17,Annually,0,25-34,Mid-Low,Regular (16-30),1,365,1,1,Medium (3.5-4.4)
1024,51,Female,Sandals,Footwear,24.0,Texas,L,Pink,Winter,4.2,No,Cash,Yes,43,Bi-Weekly,0,45-54,Low,Loyal (31+),1,14,1,0,Medium (3.5-4.4)
1025,66,Female,Handbag,Accessories,25.0,Florida,S,Olive,Fall,3.2,No,Debit Card,No,43,Bi-Weekly,0,65+,Low,Loyal (31+),1,14,0,0,Low (<3.5)
1026,45,Female,T-shirt,Clothing,74.0,Georgia,L,Blue,Spring,4.1,Yes,Debit Card,No,20,Annually,0,45-54,Mid-High,Regular (16-30),1,365,0,1,Medium (3.5-4.4)
1027,40,Female,Jacket,Outerwear,95.0,Ohio,M,Olive,Fall,3.0,No,PayPal,No,1,Bi-Weekly,0,35-44,High,New (0-5),0,14,0,0,Low (<3.5)
1028,24,Female,Dress,Clothing,90.0,Oregon,M,Gray,Spring,3.6,No,PayPal,Yes,48,Bi-Weekly,0,18-24,High,Loyal (31+),1,14,1,0,Medium (3.5-4.4)
1029,68,Male,Handbag,Accessories,52.0,Utah,S,White,Summer,4.8,No,Credit Card,No,45,Annually,0,65+,Mid-Low,Loyal (31+),1,365,0,0,High (4.5+)
1030,64,Female,Jeans,Clothing,60.0,California,S,Black,Fall,4.5,No,Credit Card,No,25,Weekly,0,55-64,Mid-Low,Regular (16-30),1,7,0,0,High (4.5+)
1031,65,Male,Slippers,Footwear,33.0,Florida,S,Black,Spring,3.7,Yes,Credit Card,No,2,Quarterly,0,65+,Low,New (0-5),0,90,0,1,Medium (3.5-4.4)
1032,37,Male,Backpack,Accessories,25.0,Minnesota,S,White,Spring,2.9,Yes,Credit Card,Yes,35,Quarterly,0,35-44,Low,Loyal (31+),1,90,1,1,Low (<3.5)
1033,51,Male,Slippers,Footwear,82.0,Utah,S,Pink,Winter,3.5,No,Cash,No,40,Bi-Weekly,0,45-54,High,Loyal (31+),1,14,0,0,Medium (3.5-4.4)
1034,40,Male,Hat,Accessories,54.0,Ohio,S,Red,Fall,2.8,No,Venmo,No,42,Fortnightly,0,35-44,Mid-Low,Loyal (31+),1,14,0,0,Low (<3.5)
1035,30,Male,Shorts,Clothing,60.0,Texas,M,Red,Summer,2.7,No,Debit Card,No,37,Annually,0,25-34,Mid-Low,Loyal (31+),1,365,0,0,Low (<3.5)
1036,28,Male,Jewelry,Accessories,47.0,Maine,M,Red,Spring,4.8,No,PayPal,No,44,Every 3 Months,0,25-34,Mid-Low,Loyal (31+),1,90,0,0,High (4.5+)
1037,38,Male,Jeans,Clothing,45.0,Illinois,XL,Blue,Spring,3.7,No,PayPal,No,26,Annually,0,35-44,Mid-Low,Regular (16-30),1,365,0,0,Medium (3.5-4.4)
1038,47,Female,Blouse,Clothing,99.0,Ohio,L,Olive,Summer,2.7,No,Debit Card,Yes,9,Bi-Weekly,0,45-54,High,Occasional (6-15),0,14,1,0,Low (<3.5)
1039,24,Male,Boots,Footwear,86.0,Maine,S,Black,Fall,4.3,Yes,Venmo,No,35,Annually,0,18-24,High,Loyal (31+),1,365,0,1,Medium (3.5-4.4)
1040,55,Female,Skirt,Clothing,75.0,Maine,M,Gray,Spring,2.7,No,Debit Card,No,11,Every 3 Months,0,55-64,Mid-High,Occasional (6-15),1,90,0,0,Low (<3.5)
1041,42,Male,Jeans,Clothing,51.0,Illinois,M,Teal,Winter,3.5,No,PayPal,No,32,Fortnightly,0,35-44,Mid-Low,Loyal (31+),1,14,0,0,Medium (3.5-4.4)
1042,64,Male,Belt,Accessories,78.0,Georgia,M,Teal,Summer,3.1,No,Credit Card,No,8,Monthly,0,55-64,Mid-High,Occasional (6-15),0,30,0,0,Low (<3.5)
1043,32,Male,Handbag,Accessories,47.0,Idaho,M,Blue,Spring,2.9,No,Venmo,No,2,Bi-Weekly,0,25-34,Mid-Low,New (0-5),0,14,0,0,Low (<3.5)
1044,20,Male,Sunglasses,Accessories,61.0,Alabama,L,Pink,Spring,3.8,No,Cash,No,23,Monthly,0,18-24,Mid-High,Regular (16-30),1,30,0,0,Medium (3.5-4.4)
1045,34,Female,Skirt,Clothing,31.0,Georgia,L,White,Winter,4.3,Yes,PayPal,Yes,30,Fortnightly,0,25-34,Low,Regular (16-30),1,14,1,1,Medium (3.5-4.4)
1046,69,Male,Sweater,Clothing,77.0,Texas,M,White,Summer,3.7,Yes,Bank Transfer,No,8,Every 3 Months,0,65+,Mid-High,Occasional (6-15),0,90,0,1,Medium (3.5-4.4)
1047,35,Female,Jeans,Clothing,24.0,Ohio,L,Blue,Summer,4.6,Yes,Credit Card,Yes,40,Monthly,0,35-44,Low,Loyal (31+),1,30,1,1,High (4.5+)
1048,55,Male,Sunglasses,Accessories,78.0,Ohio,M,Black,Spring,4.8,No,PayPal,Yes,33,Quarterly,0,55-64,Mid-High,Loyal (31+),1,90,1,0,High (4.5+)
1049,62,Female,Belt,Accessories,68.0,Vermont,L,Blue,Winter,4.5,No,Debit Card,No,41,Quarterly,0,55-64,Mid-High,Loyal (31+),1,90,0,0,High (4.5+)
1050,33,Female,Skirt,Clothing,25.0,Illinois,XL,Pink,Winter,4.9,No,Venmo,Yes,19,Quarterly,0,25-34,Low,Regular (16-30),1,90,1,0,High (4.5+)
1051,52,Male,Belt,Accessories,60.0,Alabama,M,Pink,Spring,4.8,No,PayPal,Yes,33,Every 3 Months,0,45-54,Mid-Low,Loyal (31+),1,90,1,0,High (4.5+)
1052,28,Male,Pants,Clothing,38.0,Nevada,L,Blue,Fall,4.6,No,Venmo,No,49,Quarterly,0,25-34,Low,Loyal (31+),1,90,0,0,High (4.5+)
1053,37,Male,Skirt,Clothing,58.0,Georgia,L,Blue,Summer,3.2,No,Cash,Yes,10,Monthly,0,35-44,Mid-Low,Occasional (6-15),1,30,1,0,Low (<3.5)
1054,33,Male,Dress,Clothing,21.0,Ohio,M,Blue,Spring,2.9,No,PayPal,No,41,Quarterly,0,25-34,Low,Loyal (31+),1,90,0,0,Low (<3.5)
1055,53,Male,Skirt,Clothing,78.0,Oregon,S,Black,Winter,4.3,Yes,Debit Card,Yes,32,Quarterly,0,45-54,Mid-High,Loyal (31+),1,90,1,1,Medium (3.5-4.4)
1056,64,Male,Sunglasses,Accessories,61.0,Georgia,L,White,Spring,4.6,No,Debit Card,Yes,37,Every 3 Months,0,55-64,Mid-High,Loyal (31+),1,90,1,0,High (4.5+)
1057,31,Female,Sunglasses,Accessories,49.0,Utah,M,Teal,Winter,4.6,Yes,Credit Card,Yes,32,Monthly,0,25-34,Mid-Low,Loyal (31+),1,30,1,1,High (4.5+)
1058,33,Female,Jeans,Clothing,90.0,Nevada,M,Olive,Spring,4.1,Yes,Credit Card,No,35,Bi-Weekly,0,25-34,High,Loyal (31+),1,14,0,1,Medium (3.5-4.4)
1059,61,Male,Sneakers,Footwear,72.0,Nevada,L,Olive,Summer,4.6,No,Bank Transfer,Yes,39,Fortnightly,0,55-64,Mid-High,Loyal (31+),1,14,1,0,High (4.5+)
1060,42,Male,Jewelry,Accessories,69.0,California,M,Blue,Spring,4.3,No,PayPal,Yes,2,Fortnightly,0,35-44,Mid-High,New (0-5),0,14,1,0,Medium (3.5-4.4)
1061,45,Male,Hoodie,Outerwear,31.0,California,S,Pink,Spring,4.2,No,Credit Card,Yes,2,Quarterly,0,45-54,Low,New (0-5),0,90,1,0,Medium (3.5-4.4)
1062,55,Male,Belt,Accessories,60.0,Nevada,XL,White,Summer,2.6,No,Venmo,Yes,5,Every 3 Months,0,55-64,Mid-Low,New (0-5),0,90,1,0,Low (<3.5)
1063,25,Female,Socks,Clothing,76.0,Oregon,M,Teal,Winter,3.7,Yes,PayPal,No,47,Bi-Weekly,0,25-34,Mid-High,Loyal (31+),1,14,0,1,Medium (3.5-4.4)
1064,64,Male,Gloves,Accessories,95.0,Georgia,M,Gray,Summer,2.6,Yes,Bank Transfer,No,22,Monthly,0,55-64,High,Regular (16-30),1,30,0,1,Low (<3.5)
1065,37,Male,Socks,Clothing,68.0,New York,L,Blue,Fall,2.7,No,Bank Transfer,Yes,50,Bi-Weekly,0,35-44,Mid-High,Loyal (31+),1,14,1,0,Low (<3.5)
1066,52,Male,Hoodie,Outerwear,33.0,Texas,S,Pink,Winter,3.9,No,Credit Card,Yes,46,Annually,0,45-54,Low,Loyal (31+),1,365,1,0,Medium (3.5-4.4)
1067,40,Male,Dress,Clothing,74.0,Georgia,L,Red,Summer,2.6,No,PayPal,No,18,Annually,0,35-44,Mid-High,Regular (16-30),1,365,0,0,Low (<3.5)
1068,57,Male,Belt,Accessories,26.0,Minnesota,L,Blue,Winter,4.8,No,Venmo,Yes,5,Annually,0,55-64,Low,New (0-5),0,365,1,0,High (4.5+)
1069,50,Male,T-shirt,Clothing,45.0,Idaho,M,Olive,Summer,3.6,No,Cash,No,43,Annually,0,45-54,Mid-Low,Loyal (31+),1,365,0,0,Medium (3.5-4.4)
1070,27,Male,Skirt,Clothing,94.0,Utah,M,Olive,Spring,4.2,Yes,Credit Card,Yes,22,Annually,0,25-34,High,Regular (16-30),1,365,1,1,Medium (3.5-4.4)
1071,27,Male,Jewelry,Accessories,84.0,Ohio,XL,Gray,Summer,2.9,No,Cash,No,15,Monthly,0,25-34,High,Occasional (6-15),1,30,0,0,Low (<3.5)
1072,64,Female,Hat,Accessories,93.0,Idaho,XL,Red,Spring,4.6,No,Venmo,Yes,40,Monthly,0,55-64,High,Loyal (31+),1,30,1,0,High (4.5+)
1073,45,Male,Slippers,Footwear,48.0,Alabama,S,Blue,Winter,3.7,No,Bank Transfer,No,25,Bi-Weekly,0,45-54,Mid-Low,Regular (16-30),1,14,0,0,Medium (3.5-4.4)
1074,32,Female,Hoodie,Outerwear,75.0,Minnesota,M,Red,Spring,3.9,No,Cash,Yes,16,Every 3 Months,0,25-34,Mid-High,Regular (16-30),1,90,1,0,Medium (3.5-4.4)
1075,25,Male,Scarf,Accessories,76.0,Illinois,M,Pink,Winter,4.1,No,Debit Card,No,20,Bi-Weekly,0,25-34,Mid-High,Regular (16-30),1,14,0,0,Medium (3.5-4.4)
1076,24,Male,Jeans,Clothing,39.0,New York,XL,Blue,Spring,3.8,No,Cash,Yes,47,Bi-Weekly,0,18-24,Low,Loyal (31+),1,14,1,0,Medium (3.5-4.4)
1077,66,Female,Sneakers,Footwear,96.0,Georgia,L,Teal,Spring,3.9,No,Debit Card,No,16,Annually,0,65+,High,Regular (16-30),1,365,0,0,Medium (3.5-4.4)
1078,69,Female,Sneakers,Footwear,98.0,Oregon,M,White,Fall,4.4,Yes,Bank Transfer,Yes,47,Weekly,0,65+,High,Loyal (31+),1,7,1,1,Medium (3.5-4.4)
1079,38,Male,Belt,Accessories,28.0,Utah,L,White,Spring,4.5,No,Debit Card,No,30,Weekly,0,35-44,Low,Regular (16-30),1,7,0,0,High (4.5+)
1080,28,Male,Pants,Clothing,81.0,Georgia,M,Blue,Spring,3.3,No,Debit Card,No,3,Every 3 Months,0,25-34,High,New (0-5),0,90,0,0,Low (<3.5)
1081,40,Female,Shirt,Clothing,56.0,Alabama,M,Black,Winter,4.8,No,Debit Card,No,6,Quarterly,0,35-44,Mid-Low,Occasional (6-15),0,90,0,0,High (4.5+)
1082,25,Female,Jewelry,Accessories,74.0,Montana,M,Teal,Spring,3.4,No,PayPal,No,31,Every 3 Months,0,25-34,Mid-High,Loyal (31+),1,90,0,0,Low (<3.5)
1083,47,Male,Jacket,Outerwear,64.0,Idaho,M,Blue,Fall,3.2,No,Debit Card,No,7,Monthly,0,45-54,Mid-High,Occasional (6-15),0,30,0,0,Low (<3.5)
1084,51,Male,Belt,Accessories,38.0,Maine,L,Black,Spring,3.3,No,Bank Transfer,No,8,Weekly,0,45-54,Low,Occasional (6-15),0,7,0,0,Low (<3.5)
1085,70,Male,Jacket,Outerwear,27.0,Minnesota,M,Gray,Spring,3.4,No,Bank Transfer,Yes,24,Bi-Weekly,0,65+,Low,Regular (16-30),1,14,1,0,Low (<3.5)
1086,34,Male,Gloves,Accessories,61.0,Oregon,L,Teal,Fall,3.3,No,PayPal,Yes,23,Annually,0,25-34,Mid-High,Regular (16-30),1,365,1,0,Low (<3.5)
1087,28,Male,Handbag,Accessories,87.0,Nevada,XL,Teal,Summer,4.6,Yes,Cash,No,48,Quarterly,0,25-34,High,Loyal (31+),1,90,0,1,High (4.5+)
1088,25,Male,Gloves,Accessories,86.0,Utah,M,Black,Spring,3.9,No,Debit Card,Yes,45,Annually,0,25-34,High,Loyal (31+),1,365,1,0,Medium (3.5-4.4)
1089,37,Female,Shoes,Footwear,42.0,Ohio,M,Pink,Fall,4.9,No,Credit Card,No,47,Weekly,0,35-44,Mid-Low,Loyal (31+),1,7,0,0,High (4.5+)
1090,49,Male,Sandals,Footwear,89.0,Utah,L,Blue,Winter,2.7,Yes,Debit Card,Yes,4,Bi-Weekly,0,45-54,High,New (0-5),0,14,1,1,Low (<3.5)
1091,21,Female,Shorts,Clothing,48.0,Alabama,S,Pink,Fall,4.0,No,PayPal,No,41,Quarterly,0,18-24,Mid-Low,Loyal (31+),1,90,0,0,Medium (3.5-4.4)
1092,58,Female,Scarf,Accessories,65.0,Maine,L,Gray,Summer,2.7,No,Bank Transfer,No,47,Weekly,0,55-64,Mid-High,Loyal (31+),1,7,0,0,Low (<3.5)
1093,42,Female,Sweater,Clothing,46.0,Ohio,M,Olive,Winter,3.6,No,Venmo,No,31,Monthly,0,35-44,Mid-Low,Loyal (31+),1,30,0,0,Medium (3.5-4.4)
1094,60,Male,Pants,Clothing,62.0,Illinois,S,Pink,Summer,3.5,No,Cash,No,50,Annually,0,55-64,Mid-High,Loyal (31+),1,365,0,0,Medium (3.5-4.4)
1095,42,Male,Shoes,Footwear,62.0,Illinois,L,Teal,Fall,4.2,No,Credit Card,No,41,Fortnightly,0,35-44,Mid-High,Loyal (31+),1,14,0,0,Medium (3.5-4.4)
1096,26,Male,Shirt,Clothing,76.0,Minnesota,M,White,Summer,4.4,No,Debit Card,Yes,34,Weekly,0,25-34,Mid-High,Loyal (31+),1,7,1,0,Medium (3.5-4.4)
1097,19,Male,Jeans,Clothing,58.0,Idaho,M,Olive,Fall,3.1,Yes,Venmo,Yes,21,Quarterly,0,18-24,Mid-Low,Regular (16-30),1,90,1,1,Low (<3.5)
1098,47,Male,Hat,Accessories,62.0,Utah,M,White,Fall,3.0,No,Venmo,No,18,Fortnightly,0,45-54,Mid-High,Regular (16-30),1,14,0,0,Low (<3.5)
1099,46,Male,Handbag,Accessories,72.0,Illinois,L,Teal,Summer,3.5,No,Credit Card,Yes,20,Fortnightly,0,45-54,Mid-High,Regular (16-30),1,14,1,0,Medium (3.5-4.4)
1100,61,Male,Blouse,Clothing,53.0,Texas,XL,Olive,Summer,3.1,No,Cash,Yes,13,Monthly,0,55-64,Mid-Low,Occasional (6-15),1,30,1,0,Low (<3.5)
1101,64,Male,Dress,Clothing,62.0,Texas,M,White,Summer,4.2,No,Debit Card,Yes,29,Quarterly,0,55-64,Mid-High,Regular (16-30),1,90,1,0,Medium (3.5-4.4)
1102,26,Female,Socks,Clothing,26.0,Ohio,S,Blue,Summer,3.8,Yes,Bank Transfer,Yes,22,Every 3 Months,0,25-34,Low,Regular (16-30),1,90,1,1,Medium (3.5-4.4)
1103,34,Female,Hat,Accessories,90.0,Florida,S,Teal,Spring,4.6,No,Cash,Yes,15,Weekly,0,25-34,High,Occasional (6-15),1,7,1,0,High (4.5+)
1104,29,Male,Gloves,Accessories,30.0,Utah,L,Olive,Summer,5.0,No,PayPal,Yes,9,Every 3 Months,0,25-34,Low,Occasional (6-15),0,90,1,0,High (4.5+)
1105,23,Female,Sweater,Clothing,90.0,Vermont,M,White,Spring,3.4,No,Debit Card,Yes,26,Quarterly,0,18-24,High,Regular (16-30),1,90,1,0,Low (<3.5)
1106,18,Male,Handbag,Accessories,81.0,Georgia,M,Pink,Summer,4.8,No,PayPal,No,2,Quarterly,0,18-24,High,New (0-5),0,90,0,0,High (4.5+)
1107,22,Male,Socks,Clothing,96.0,Nevada,M,Olive,Summer,4.4,No,Bank Transfer,Yes,19,Fortnightly,0,18-24,High,Regular (16-30),1,14,1,0,Medium (3.5-4.4)
1108,45,Female,Sweater,Clothing,21.0,Oregon,M,Black,Spring,2.9,No,Venmo,Yes,4,Every 3 Months,0,45-54,Low,New (0-5),0,90,1,0,Low (<3.5)
1109,26,Male,Jacket,Outerwear,37.0,Idaho,L,Blue,Summer,4.6,No,Bank Transfer,No,17,Weekly,0,25-34,Low,Regular (16-30),1,7,0,0,High (4.5+)
1110,28,Male,Skirt,Clothing,24.0,Utah,M,Pink,Fall,3.7,No,PayPal,No,34,Quarterly,0,25-34,Low,Loyal (31+),1,90,0,0,Medium (3.5-4.4)
1111,24,Male,Jeans,Clothing,53.0,Illinois,S,Blue,Winter,4.3,No,Credit Card,No,32,Weekly,0,18-24,Mid-Low,Loyal (31+),1,7,0,0,Medium (3.5-4.4)
1112,56,Male,Pants,Clothing,93.0,California,M,Black,Fall,4.3,No,Debit Card,No,2,Quarterly,0,55-64,High,New (0-5),0,90,0,0,Medium (3.5-4.4)
1113,51,Male,Handbag,Accessories,82.0,Georgia,M,Gray,Fall,4.7,Yes,PayPal,No,36,Monthly,0,45-54,High,Loyal (31+),1,30,0,1,High (4.5+)
1114,68,Male,Jacket,Outerwear,77.0,Maine,M,Teal,Fall,4.4,No,Cash,No,16,Fortnightly,0,65+,Mid-High,Regular (16-30),1,14,0,0,Medium (3.5-4.4)
1115,23,Male,Hoodie,Outerwear,88.0,Idaho,S,Gray,Winter,4.6,No,PayPal,Yes,24,Fortnightly,0,18-24,High,Regular (16-30),1,14,1,0,High (4.5+)
1116,29,Male,Skirt,Clothing,20.0,Vermont,S,Teal,Winter,3.3,Yes,Cash,No,34,Monthly,0,25-34,Low,Loyal (31+),1,30,0,1,Low (<3.5)
1117,42,Male,Pants,Clothing,83.0,California,M,Black,Spring,4.9,No,Bank Transfer,No,2,Bi-Weekly,0,35-44,High,New (0-5),0,14,0,0,High (4.5+)
1118,52,Male,Jewelry,Accessories,45.0,Montana,M,Olive,Summer,4.2,Yes,Debit Card,No,9,Monthly,0,45-54,Mid-Low,Occasional (6-15),0,30,0,1,Medium (3.5-4.4)
1119,24,Female,T-shirt,Clothing,75.0,Vermont,L,Olive,Winter,4.4,No,Credit Card,Yes,9,Monthly,0,18-24,Mid-High,Occasional (6-15),0,30,1,0,Medium (3.5-4.4)
1120,29,Female,Backpack,Accessories,81.0,Illinois,M,Teal,Winter,4.6,No,Bank Transfer,No,17,Weekly,0,25-34,High,Regular (16-30),1,7,0,0,High (4.5+)
1121,40,Male,Handbag,Accessories,75.0,Illinois,M,Gray,Fall,2.8,No,Cash,Yes,1,Monthly,0,35-44,Mid-High,New (0-5),0,30,1,0,Low (<3.5)
1122,18,Female,Shirt,Clothing,53.0,Maine,L,Pink,Summer,3.3,Yes,Debit Card,No,2,Bi-Weekly,0,18-24,Mid-Low,New (0-5),0,14,0,1,Low (<3.5)
1123,38,Male,Handbag,Accessories,69.0,Texas,M,White,Spring,4.6,Yes,Cash,No,26,Bi-Weekly,0,35-44,Mid-High,Regular (16-30),1,14,0,1,High (4.5+)
1124,58,Male,Shirt,Clothing,57.0,Ohio,S,Black,Summer,4.8,No,Credit Card,No,6,Fortnightly,0,55-64,Mid-Low,Occasional (6-15),0,14,0,0,High (4.5+)
1125,45,Male,Pants,Clothing,70.0,Vermont,L,Olive,Fall,4.4,No,Cash,Yes,22,Fortnightly,0,45-54,Mid-High,Regular (16-30),1,14,1,0,Medium (3.5-4.4)
1126,41,Male,Sneakers,Footwear,57.0,California,M,Black,Fall,3.7,Yes,Cash,Yes,12,Weekly,0,35-44,Mid-Low,Occasional (6-15),1,7,1,1,Medium (3.5-4.4)
1127,43,Female,Sneakers,Footwear,51.0,Utah,XL,Pink,Fall,3.1,No,Credit Card,No,50,Quarterly,0,35-44,Mid-Low,Loyal (31+),1,90,0,0,Low (<3.5)
1128,68,Female,Gloves,Accessories,36.0,Alabama,M,Black,Spring,3.7,No,Debit Card,No,7,Monthly,1,65+,Low,Occasional (6-15),0,30,0,0,Medium (3.5-4.4)
1129,45,Male,Handbag,Accessories,51.0,Texas,L,Olive,Winter,3.5,No,Bank Transfer,Yes,25,Every 3 Months,0,45-54,Mid-Low,Regular (16-30),1,90,1,0,Medium (3.5-4.4)
1130,46,Male,Jacket,Outerwear,78.0,Minnesota,L,Red,Spring,4.7,Yes,Bank Transfer,No,24,Fortnightly,0,45-54,Mid-High,Regular (16-30),1,14,0,1,High (4.5+)
1131,67,Male,Hoodie,Outerwear,90.0,Alabama,S,Olive,Summer,3.9,Yes,PayPal,No,37,Bi-Weekly,0,65+,High,Loyal (31+),1,14,0,1,Medium (3.5-4.4)
1132,26,Male,Sandals,Footwear,28.0,Minnesota,M,Gray,Fall,3.5,No,Venmo,Yes,7,Fortnightly,0,25-34,Low,Occasional (6-15),0,14,1,0,Medium (3.5-4.4)
1133,23,Male,Skirt,Clothing,34.0,Ohio,L,Red,Summer,3.7,No,Venmo,Yes,49,Annually,0,18-24,Low,Loyal (31+),1,365,1,0,Medium (3.5-4.4)
1134,41,Female,Sunglasses,Accessories,61.0,Utah,M,Red,Spring,4.8,No,Venmo,No,16,Every 3 Months,0,35-44,Mid-High,Regular (16-30),1,90,0,0,High (4.5+)
1135,34,Female,Coat,Outerwear,76.0,California,M,Gray,Fall,4.0,Yes,Debit Card,No,2,Fortnightly,0,25-34,Mid-High,New (0-5),0,14,0,1,Medium (3.5-4.4)
1136,28,Female,Sweater,Clothing,33.0,Florida,XL,Olive,Spring,3.1,No,Cash,No,37,Every 3 Months,0,25-34,Low,Loyal (31+),1,90,0,0,Low (<3.5)
1137,24,Male,Slippers,Footwear,46.0,Georgia,L,Olive,Winter,3.8,No,PayPal,No,28,Annually,0,18-24,Mid-Low,Regular (16-30),1,365,0,0,Medium (3.5-4.4)
1138,64,Male,Shorts,Clothing,23.0,Oregon,XL,Red,Winter,3.7,Yes,Cash,Yes,33,Quarterly,0,55-64,Low,Loyal (31+),1,90,1,1,Medium (3.5-4.4)
1139,50,Male,Socks,Clothing,24.0,Vermont,L,Blue,Summer,3.3,No,Venmo,No,46,Annually,0,45-54,Low,Loyal (31+),1,365,0,0,Low (<3.5)
1140,54,Female,Sunglasses,Accessories,31.0,Montana,L,Black,Summer,4.3,No,Cash,No,20,Fortnightly,0,45-54,Low,Regular (16-30),1,14,0,0,Medium (3.5-4.4)
1141,24,Male,Blouse,Clothing,79.0,Minnesota,L,Pink,Winter,3.2,No,PayPal,Yes,46,Bi-Weekly,0,18-24,Mid-High,Loyal (31+),1,14,1,0,Low (<3.5)
1142,36,Male,Gloves,Accessories,90.0,New York,L,White,Spring,3.7,No,Credit Card,Yes,47,Quarterly,1,35-44,High,Loyal (31+),1,90,1,0,Medium (3.5-4.4)
1143,50,Male,Gloves,Accessories,60.0,Ohio,L,Red,Summer,3.6,No,Venmo,No,28,Monthly,0,45-54,Mid-Low,Regular (16-30),1,30,0,0,Medium (3.5-4.4)
1144,45,Female,Belt,Accessories,34.0,Minnesota,M,Teal,Spring,3.7,No,Credit Card,Yes,40,Quarterly,0,45-54,Low,Loyal (31+),1,90,1,0,Medium (3.5-4.4)
1145,54,Female,Blouse,Clothing,94.0,Alabama,S,Pink,Spring,3.9,Yes,Cash,No,2,Annually,0,45-54,High,New (0-5),0,365,0,1,Medium (3.5-4.4)
1146,53,Female,Sweater,Clothing,42.0,Georgia,M,Blue,Winter,3.7,No,Venmo,Yes,31,Fortnightly,1,45-54,Mid-Low,Loyal (31+),1,14,1,0,Medium (3.5-4.4)
1147,39,Male,Jewelry,Accessories,32.0,Illinois,S,Red,Spring,2.9,Yes,Cash,Yes,5,Annually,0,35-44,Low,New (0-5),0,365,1,1,Low (<3.5)
1148,59,Female,Jewelry,Accessories,31.0,Vermont,XL,Blue,Winter,3.2,No,Venmo,No,22,Weekly,0,55-64,Low,Regular (16-30),1,7,0,0,Low (<3.5)
1149,31,Male,Slippers,Footwear,48.0,Montana,L,Olive,Winter,4.4,No,PayPal,Yes,38,Monthly,0,25-34,Mid-Low,Loyal (31+),1,30,1,0,Medium (3.5-4.4)
1150,22,Male,Scarf,Accessories,79.0,New York,M,White,Fall,3.7,No,PayPal,Yes,4,Monthly,1,18-24,Mid-High,New (0-5),0,30,1,0,Medium (3.5-4.4)
1151,66,Male,Dress,Clothing,52.0,Texas,M,Teal,Fall,2.6,No,Bank Transfer,Yes,21,Every 3 Months,0,65+,Mid-Low,Regular (16-30),1,90,1,0,Low (<3.5)
1152,19,Male,Handbag,Accessories,56.0,Vermont,M,Teal,Spring,2.7,No,Bank Transfer,No,21,Bi-Weekly,0,18-24,Mid-Low,Regular (16-30),1,14,0,0,Low (<3.5)
1153,33,Male,Pants,Clothing,47.0,Maine,M,Blue,Spring,4.8,Yes,Credit Card,No,12,Every 3 Months,0,25-34,Mid-Low,Occasional (6-15),1,90,0,1,High (4.5+)
1154,24,Female,Skirt,Clothing,96.0,Montana,L,White,Summer,2.9,Yes,PayPal,Yes,28,Fortnightly,0,18-24,High,Regular (16-30),1,14,1,1,Low (<3.5)
1155,30,Male,Slippers,Footwear,75.0,Oregon,M,Gray,Winter,4.9,Yes,Cash,No,41,Annually,0,25-34,Mid-High,Loyal (31+),1,365,0,1,High (4.5+)
1156,38,Male,Jeans,Clothing,73.0,Minnesota,M,Olive,Summer,4.6,Yes,Debit Card,No,50,Fortnightly,0,35-44,Mid-High,Loyal (31+),1,14,0,1,High (4.5+)
1157,24,Male,Sweater,Clothing,55.0,Georgia,M,Olive,Spring,2.8,No,Credit Card,Yes,46,Quarterly,0,18-24,Mid-Low,Loyal (31+),1,90,1,0,Low (<3.5)
1158,42,Male,Socks,Clothing,63.0,Maine,M,Black,Winter,2.8,No,Debit Card,Yes,48,Monthly,0,35-44,Mid-High,Loyal (31+),1,30,1,0,Low (<3.5)
1159,67,Male,Shirt,Clothing,91.0,Illinois,M,Olive,Fall,4.9,No,Credit Card,No,11,Weekly,0,65+,High,Occasional (6-15),1,7,0,0,High (4.5+)
1160,25,Male,Gloves,Accessories,73.0,Minnesota,L,Black,Fall,3.1,Yes,Bank Transfer,Yes,6,Monthly,0,25-34,Mid-High,Occasional (6-15),0,30,1,1,Low (<3.5)
1161,67,Male,Shirt,Clothing,85.0,Georgia,XL,Blue,Summer,3.8,No,Credit Card,No,10,Annually,0,65+,High,Occasional (6-15),1,365,0,0,Medium (3.5-4.4)
1162,39,Male,Scarf,Accessories,23.0,Utah,L,Olive,Winter,3.1,Yes,Bank Transfer,Yes,49,Monthly,0,35-44,Low,Loyal (31+),1,30,1,1,Low (<3.5)
1163,49,Female,Gloves,Accessories,89.0,Texas,M,Teal,Fall,4.0,Yes,Bank Transfer,No,11,Quarterly,0,45-54,High,Occasional (6-15),1,90,0,1,Medium (3.5-4.4)
1164,41,Male,Sweater,Clothing,97.0,Illinois,S,Olive,Summer,4.6,No,Debit Card,Yes,38,Annually,0,35-44,High,Loyal (31+),1,365,1,0,High (4.5+)
1165,34,Male,Socks,Clothing,74.0,New York,XL,White,Spring,4.1,No,Bank Transfer,Yes,21,Bi-Weekly,0,25-34,Mid-High,Regular (16-30),1,14,1,0,Medium (3.5-4.4)
1166,23,Male,Backpack,Accessories,97.0,Maine,XL,Olive,Winter,2.6,No,Cash,Yes,35,Weekly,0,18-24,High,Loyal (31+),1,7,1,0,Low (<3.5)
1167,49,Male,Handbag,Accessories,65.0,Texas,S,Black,Spring,4.0,No,Venmo,No,38,Quarterly,0,45-54,Mid-High,Loyal (31+),1,90,0,0,Medium (3.5-4.4)
1168,66,Male,Sneakers,Footwear,42.0,Illinois,L,White,Summer,4.2,No,Venmo,Yes,46,Every 3 Months,0,65+,Mid-Low,Loyal (31+),1,90,1,0,Medium (3.5-4.4)
1169,45,Female,Scarf,Accessories,69.0,Alabama,M,Black,Winter,3.0,No,Credit Card,Yes,5,Weekly,0,45-54,Mid-High,New (0-5),0,7,1,0,Low (<3.5)
1170,49,Male,Socks,Clothing,70.0,Illinois,S,Teal,Summer,4.4,Yes,Bank Transfer,Yes,17,Bi-Weekly,0,45-54,Mid-High,Regular (16-30),1,14,1,1,Medium (3.5-4.4)
1171,52,Female,Sweater,Clothing,31.0,Nevada,XL,Blue,Winter,4.1,No,Debit Card,Yes,6,Bi-Weekly,0,45-54,Low,Occasional (6-15),0,14,1,0,Medium (3.5-4.4)
1172,38,Male,Belt,Accessories,36.0,Nevada,XL,Gray,Summer,2.5,No,Cash,No,20,Every 3 Months,0,35-44,Low,Regular (16-30),1,90,0,0,Low (<3.5)
1173,24,Female,Pants,Clothing,43.0,Ohio,XL,Pink,Fall,4.9,No,PayPal,Yes,19,Annually,0,18-24,Mid-Low,Regular (16-30),1,365,1,0,High (4.5+)
1174,44,Male,Backpack,Accessories,64.0,Vermont,S,Teal,Fall,3.6,Yes,Debit Card,No,44,Every 3 Months,0,35-44,Mid-High,Loyal (31+),1,90,0,1,Medium (3.5-4.4)
1175,64,Male,Sandals,Footwear,31.0,Florida,M,Teal,Summer,3.1,No,Bank Transfer,No,36,Bi-Weekly,0,55-64,Low,Loyal (31+),1,14,0,0,Low (<3.5)
1176,34,Male,Jewelry,Accessories,82.0,Texas,XL,White,Winter,2.7,No,Credit Card,No,6,Quarterly,0,25-34,High,Occasional (6-15),0,90,0,0,Low (<3.5)
1177,64,Male,Boots,Footwear,28.0,Minnesota,L,Red,Summer,3.4,No,Bank Transfer,No,23,Fortnightly,0,55-64,Low,Regular (16-30),1,14,0,0,Low (<3.5)
1178,63,Female,Jeans,Clothing,96.0,Florida,M,Red,Summer,3.3,Yes,Venmo,Yes,36,Quarterly,0,55-64,High,Loyal (31+),1,90,1,1,Low (<3.5)
1179,30,Female,T-shirt,Clothing,74.0,Vermont,M,Pink,Fall,3.2,No,Debit Card,No,38,Annually,0,25-34,Mid-High,Loyal (31+),1,365,0,0,Low (<3.5)
1180,48,Male,Skirt,Clothing,47.0,Montana,S,Blue,Winter,4.5,No,Credit Card,No,41,Quarterly,0,45-54,Mid-Low,Loyal (31+),1,90,0,0,High (4.5+)
1181,57,Male,Gloves,Accessories,50.0,Minnesota,M,White,Winter,4.1,No,Credit Card,No,12,Every 3 Months,0,55-64,Mid-Low,Occasional (6-15),1,90,0,0,Medium (3.5-4.4)
1182,44,Male,Skirt,Clothing,76.0,Montana,L,Pink,Summer,2.8,No,Venmo,No,45,Every 3 Months,0,35-44,Mid-High,Loyal (31+),1,90,0,0,Low (<3.5)
1183,55,Male,Socks,Clothing,27.0,Illinois,S,Red,Spring,4.3,No,PayPal,No,46,Monthly,0,55-64,Low,Loyal (31+),1,30,0,0,Medium (3.5-4.4)
1184,66,Female,Socks,Clothing,78.0,California,S,Olive,Summer,4.3,Yes,Cash,No,11,Weekly,0,65+,Mid-High,Occasional (6-15),1,7,0,1,Medium (3.5-4.4)
1185,51,Male,Jeans,Clothing,64.0,Texas,M,Red,Summer,3.8,No,Venmo,Yes,34,Annually,0,45-54,Mid-High,Loyal (31+),1,365,1,0,Medium (3.5-4.4)
1186,62,Female,Gloves,Accessories,37.0,Georgia,M,Red,Summer,5.0,No,PayPal,No,34,Bi-Weekly,0,55-64,Low,Loyal (31+),1,14,0,0,High (4.5+)
1187,60,Male,T-shirt,Clothing,92.0,Vermont,M,Black,Summer,3.2,No,Cash,No,44,Annually,0,55-64,High,Loyal (31+),1,365,0,0,Low (<3.5)
1188,61,Female,Jacket,Outerwear,70.0,Illinois,S,Black,Spring,2.6,No,Cash,Yes,5,Every 3 Months,0,55-64,Mid-High,New (0-5),0,90,1,0,Low (<3.5)
1189,63,Male,Blouse,Clothing,33.0,Oregon,L,Black,Fall,2.6,No,Cash,No,12,Quarterly,0,55-64,Low,Occasional (6-15),1,90,0,0,Low (<3.5)
1190,29,Male,Belt,Accessories,73.0,Minnesota,M,White,Winter,3.3,No,Debit Card,Yes,44,Monthly,0,25-34,Mid-High,Loyal (31+),1,30,1,0,Low (<3.5)
1191,18,Female,Sandals,Footwear,53.0,Minnesota,L,Blue,Summer,3.7,No,Credit Card,Yes,2,Fortnightly,0,18-24,Mid-Low,New (0-5),0,14,1,0,Medium (3.5-4.4)
1192,26,Male,Pants,Clothing,81.0,Texas,M,Black,Spring,2.7,No,Bank Transfer,Yes,25,Weekly,0,25-34,High,Regular (16-30),1,7,1,0,Low (<3.5)
1193,31,Male,Gloves,Accessories,59.0,Florida,M,White,Summer,3.9,Yes,Debit Card,Yes,15,Annually,0,25-34,Mid-Low,Occasional (6-15),1,365,1,1,Medium (3.5-4.4)
1194,54,Male,Coat,Outerwear,100.0,Texas,M,Pink,Summer,4.8,No,Credit Card,No,32,Annually,0,45-54,High,Loyal (31+),1,365,0,0,High (4.5+)
1195,45,Male,Jewelry,Accessories,95.0,California,L,Pink,Fall,4.5,Yes,Venmo,Yes,24,Quarterly,0,45-54,High,Regular (16-30),1,90,1,1,High (4.5+)
1196,42,Female,Shirt,Clothing,23.0,New York,M,Blue,Summer,4.2,No,PayPal,No,43,Annually,0,35-44,Low,Loyal (31+),1,365,0,0,Medium (3.5-4.4)
1197,18,Female,Jeans,Clothing,53.0,Alabama,M,Teal,Summer,4.2,No,Credit Card,No,4,Fortnightly,0,18-24,Mid-Low,New (0-5),0,14,0,0,Medium (3.5-4.4)
1198,54,Male,Backpack,Accessories,36.0,Montana,M,Black,Fall,4.3,No,Debit Card,No,26,Monthly,0,45-54,Low,Regular (16-30),1,30,0,0,Medium (3.5-4.4)
1199,37,Female,Blouse,Clothing,56.0,Montana,M,Black,Spring,3.7,Yes,PayPal,Yes,26,Fortnightly,0,35-44,Mid-Low,Regular (16-30),1,14,1,1,Medium (3.5-4.4)
1200,58,Male,Backpack,Accessories,31.0,Nevada,M,Blue,Winter,3.5,No,Venmo,Yes,26,Monthly,0,55-64,Low,Regular (16-30),1,30,1,0,Medium (3.5-4.4)
1201,23,Female,Shoes,Footwear,63.0,California,M,Blue,Summer,3.3,Yes,PayPal,No,4,Annually,0,18-24,Mid-High,New (0-5),0,365,0,1,Low (<3.5)
1202,33,Male,Sandals,Footwear,32.0,Oregon,M,Black,Winter,2.7,No,PayPal,No,24,Bi-Weekly,0,25-34,Low,Regular (16-30),1,14,0,0,Low (<3.5)
1203,20,Male,Handbag,Accessories,70.0,Montana,M,Pink,Spring,3.9,No,Debit Card,No,45,Bi-Weekly,0,18-24,Mid-High,Loyal (31+),1,14,0,0,Medium (3.5-4.4)
1204,33,Male,Scarf,Accessories,56.0,Illinois,L,Teal,Summer,3.7,No,Venmo,No,31,Monthly,0,25-34,Mid-Low,Loyal (31+),1,30,0,0,Medium (3.5-4.4)
1205,66,Male,T-shirt,Clothing,100.0,Vermont,S,Blue,Summer,2.8,Yes,Credit Card,No,6,Monthly,0,65+,High,Occasional (6-15),0,30,0,1,Low (<3.5)
1206,44,Female,Sweater,Clothing,91.0,Oregon,XL,Blue,Summer,3.2,No,Bank Transfer,Yes,36,Annually,0,35-44,High,Loyal (31+),1,365,1,0,Low (<3.5)
1207,41,Male,Backpack,Accessories,68.0,Ohio,L,Olive,Spring,4.5,Yes,Venmo,Yes,47,Bi-Weekly,0,35-44,Mid-High,Loyal (31+),1,14,1,1,High (4.5+)
1208,32,Male,Shoes,Footwear,56.0,Montana,S,Teal,Spring,3.1,No,PayPal,No,41,Fortnightly,0,25-34,Mid-Low,Loyal (31+),1,14,0,0,Low (<3.5)
1209,32,Female,Blouse,Clothing,77.0,Montana,L,Blue,Winter,3.6,No,Credit Card,No,5,Bi-Weekly,0,25-34,Mid-High,New (0-5),0,14,0,0,Medium (3.5-4.4)
1210,53,Male,Dress,Clothing,74.0,Utah,M,Olive,Winter,2.9,Yes,Cash,Yes,2,Bi-Weekly,0,45-54,Mid-High,New (0-5),0,14,1,1,Low (<3.5)
1211,70,Male,Scarf,Accessories,31.0,Maine,XL,Black,Summer,2.9,No,Debit Card,No,9,Bi-Weekly,0,65+,Low,Occasional (6-15),0,14,0,0,Low (<3.5)
1212,57,Female,Scarf,Accessories,50.0,Vermont,XL,Gray,Spring,4.4,Yes,Credit Card,Yes,18,Annually,0,55-64,Mid-Low,Regular (16-30),1,365,1,1,Medium (3.5-4.4)
1213,57,Female,Boots,Footwear,100.0,Maine,L,Teal,Summer,2.7,No,PayPal,No,47,Monthly,0,55-64,High,Loyal (31+),1,30,0,0,Low (<3.5)
1214,43,Male,Shirt,Clothing,45.0,Montana,M,Red,Winter,3.2,No,Bank Transfer,No,22,Bi-Weekly,0,35-44,Mid-Low,Regular (16-30),1,14,0,0,Low (<3.5)
1215,23,Female,Socks,Clothing,21.0,Maine,XL,Olive,Winter,5.0,No,Credit Card,No,49,Weekly,0,18-24,Low,Loyal (31+),1,7,0,0,High (4.5+)
1216,56,Female,Sandals,Footwear,87.0,Nevada,L,Olive,Winter,3.7,No,Debit Card,No,5,Annually,0,55-64,High,New (0-5),0,365,0,0,Medium (3.5-4.4)
1217,60,Male,Pants,Clothing,95.0,Oregon,L,Olive,Winter,4.0,No,PayPal,No,39,Fortnightly,0,55-64,High,Loyal (31+),1,14,0,0,Medium (3.5-4.4)
1218,45,Male,Boots,Footwear,73.0,New York,S,Olive,Fall,4.1,No,Venmo,Yes,38,Bi-Weekly,0,45-54,Mid-High,Loyal (31+),1,14,1,0,Medium (3.5-4.4)
1219,22,Female,Jewelry,Accessories,71.0,Oregon,XL,Teal,Fall,3.0,No,Debit Card,No,48,Quarterly,0,18-24,Mid-High,Loyal (31+),1,90,0,0,Low (<3.5)
1220,55,Female,Pants,Clothing,48.0,Georgia,L,Black,Winter,3.4,Yes,Bank Transfer,No,27,Weekly,0,55-64,Mid-Low,Regular (16-30),1,7,0,1,Low (<3.5)
1221,66,Male,T-shirt,Clothing,49.0,Vermont,M,Teal,Fall,3.5,No,Venmo,No,31,Bi-Weekly,0,65+,Mid-Low,Loyal (31+),1,14,0,0,Medium (3.5-4.4)
1222,29,Female,Skirt,Clothing,94.0,Ohio,XL,Teal,Summer,3.1,No,PayPal,Yes,1,Annually,0,25-34,High,New (0-5),0,365,1,0,Low (<3.5)
1223,26,Female,Backpack,Accessories,89.0,Alabama,L,Teal,Fall,3.1,Yes,Credit Card,Yes,45,Weekly,0,25-34,High,Loyal (31+),1,7,1,1,Low (<3.5)
1224,57,Male,Hat,Accessories,60.0,Texas,XL,Blue,Summer,4.0,No,Debit Card,No,32,Fortnightly,0,55-64,Mid-Low,Loyal (31+),1,14,0,0,Medium (3.5-4.4)
1225,35,Female,Socks,Clothing,45.0,Nevada,S,Gray,Fall,2.8,Yes,Venmo,No,36,Weekly,0,35-44,Mid-Low,Loyal (31+),1,7,0,1,Low (<3.5)
1226,55,Male,Gloves,Accessories,35.0,Illinois,M,Blue,Summer,2.8,No,Debit Card,No,17,Quarterly,0,55-64,Low,Regular (16-30),1,90,0,0,Low (<3.5)
1227,55,Female,Slippers,Footwear,20.0,Oregon,L,Pink,Summer,3.9,Yes,Bank Transfer,No,4,Weekly,0,55-64,Low,New (0-5),0,7,0,1,Medium (3.5-4.4)
1228,32,Female,Sandals,Footwear,59.0,California,S,Red,Spring,3.6,No,Debit Card,Yes,37,Weekly,0,25-34,Mid-Low,Loyal (31+),1,7,1,0,Medium (3.5-4.4)
1229,20,Male,Coat,Outerwear,64.0,New York,L,Blue,Winter,4.0,No,Venmo,Yes,37,Monthly,0,18-24,Mid-High,Loyal (31+),1,30,1,0,Medium (3.5-4.4)
1230,47,Male,Dress,Clothing,74.0,Oregon,L,Olive,Fall,2.6,Yes,Debit Card,Yes,9,Every 3 Months,0,45-54,Mid-High,Occasional (6-15),0,90,1,1,Low (<3.5)
1231,39,Male,Jeans,Clothing,85.0,Utah,M,Black,Spring,4.3,No,Venmo,Yes,42,Annually,0,35-44,High,Loyal (31+),1,365,1,0,Medium (3.5-4.4)
1232,63,Female,Sneakers,Footwear,49.0,Texas,L,Red,Summer,4.6,No,PayPal,No,1,Fortnightly,0,55-64,Mid-Low,New (0-5),0,14,0,0,High (4.5+)
1233,36,Male,Sweater,Clothing,33.0,Vermont,S,White,Summer,3.8,No,PayPal,Yes,33,Quarterly,0,35-44,Low,Loyal (31+),1,90,1,0,Medium (3.5-4.4)
1234,31,Female,Scarf,Accessories,88.0,Georgia,L,Blue,Winter,4.6,No,Credit Card,Yes,5,Every 3 Months,0,25-34,High,New (0-5),0,90,1,0,High (4.5+)
1235,63,Male,Socks,Clothing,81.0,Illinois,L,Red,Winter,3.5,No,Cash,No,38,Every 3 Months,0,55-64,High,Loyal (31+),1,90,0,0,Medium (3.5-4.4)
1236,57,Male,Jeans,Clothing,63.0,Georgia,M,Black,Winter,2.7,No,PayPal,No,23,Annually,0,55-64,Mid-High,Regular (16-30),1,365,0,0,Low (<3.5)
1237,50,Female,Sweater,Clothing,23.0,Minnesota,M,Pink,Summer,3.4,Yes,Bank Transfer,Yes,17,Weekly,0,45-54,Low,Regular (16-30),1,7,1,1,Low (<3.5)
1238,68,Male,T-shirt,Clothing,57.0,Florida,M,Red,Spring,3.6,No,Bank Transfer,Yes,38,Weekly,0,65+,Mid-Low,Loyal (31+),1,7,1,0,Medium (3.5-4.4)
1239,59,Male,Shorts,Clothing,70.0,Illinois,M,Blue,Fall,4.7,No,Debit Card,No,41,Quarterly,0,55-64,Mid-High,Loyal (31+),1,90,0,0,High (4.5+)
1240,63,Male,Jeans,Clothing,89.0,Ohio,L,White,Spring,3.7,Yes,Cash,No,31,Bi-Weekly,1,55-64,High,Loyal (31+),1,14,0,1,Medium (3.5-4.4)
1241,60,Male,Handbag,Accessories,61.0,Florida,M,Teal,Fall,3.3,Yes,Credit Card,No,37,Every 3 Months,0,55-64,Mid-High,Loyal (31+),1,90,0,1,Low (<3.5)
1242,39,Male,Blouse,Clothing,57.0,Utah,M,Pink,Summer,4.7,Yes,Venmo,Yes,1,Every 3 Months,0,35-44,Mid-Low,New (0-5),0,90,1,1,High (4.5+)
1243,21,Male,Skirt,Clothing,50.0,Vermont,M,Red,Summer,3.1,No,Credit Card,No,42,Monthly,0,18-24,Mid-Low,Loyal (31+),1,30,0,0,Low (<3.5)
1244,50,Male,Shirt,Clothing,53.0,Maine,L,Blue,Spring,4.1,No,Credit Card,No,30,Annually,0,45-54,Mid-Low,Regular (16-30),1,365,0,0,Medium (3.5-4.4)
1245,58,Male,Shorts,Clothing,21.0,Ohio,L,Red,Winter,3.3,No,Credit Card,No,8,Annually,0,55-64,Low,Occasional (6-15),0,365,0,0,Low (<3.5)
1246,70,Male,T-shirt,Clothing,28.0,Utah,S,Teal,Fall,4.9,No,Cash,No,25,Bi-Weekly,0,65+,Low,Regular (16-30),1,14,0,0,High (4.5+)
1247,54,Male,Gloves,Accessories,81.0,California,M,White,Summer,3.0,No,Debit Card,No,32,Weekly,0,45-54,High,Loyal (31+),1,7,0,0,Low (<3.5)
1248,48,Male,Socks,Clothing,49.0,Vermont,S,Olive,Fall,4.3,No,Cash,Yes,40,Annually,0,45-54,Mid-Low,Loyal (31+),1,365,1,0,Medium (3.5-4.4)
1249,48,Female,Scarf,Accessories,88.0,Illinois,S,Teal,Winter,3.9,No,Debit Card,No,26,Annually,0,45-54,High,Regular (16-30),1,365,0,0,Medium (3.5-4.4)
1250,24,Male,Hoodie,Outerwear,52.0,New York,M,Pink,Fall,4.9,No,Venmo,No,13,Annually,0,18-24,Mid-Low,Occasional (6-15),1,365,0,0,High (4.5+)
1251,18,Male,Blouse,Clothing,100.0,Utah,L,Pink,Winter,5.0,Yes,Bank Transfer,Yes,13,Weekly,0,18-24,High,Occasional (6-15),1,7,1,1,High (4.5+)
1252,20,Male,Skirt,Clothing,34.0,Oregon,M,Teal,Summer,4.5,Yes,Cash,Yes,36,Every 3 Months,0,18-24,Low,Loyal (31+),1,90,1,1,High (4.5+)
1253,65,Female,Blouse,Clothing,35.0,Georgia,S,Black,Summer,2.8,No,PayPal,Yes,44,Annually,0,65+,Low,Loyal (31+),1,365,1,0,Low (<3.5)
1254,59,Female,Handbag,Accessories,67.0,Oregon,L,White,Winter,3.7,No,Credit Card,No,32,Bi-Weekly,0,55-64,Mid-High,Loyal (31+),1,14,0,0,Medium (3.5-4.4)
1255,31,Female,Shorts,Clothing,85.0,Texas,L,White,Fall,4.6,Yes,PayPal,No,40,Every 3 Months,0,25-34,High,Loyal (31+),1,90,0,1,High (4.5+)
1256,40,Female,Handbag,Accessories,31.0,Idaho,M,Gray,Fall,4.1,No,Credit Card,No,32,Monthly,0,35-44,Low,Loyal (31+),1,30,0,0,Medium (3.5-4.4)
1257,43,Male,Backpack,Accessories,60.0,Vermont,M,Red,Fall,4.7,No,PayPal,No,25,Monthly,0,35-44,Mid-Low,Regular (16-30),1,30,0,0,High (4.5+)
1258,31,Female,Sunglasses,Accessories,38.0,Florida,L,Black,Winter,4.5,No,Bank Transfer,No,21,Every 3 Months,0,25-34,Low,Regular (16-30),1,90,0,0,High (4.5+)
1259,40,Male,Slippers,Footwear,79.0,Florida,S,Gray,Fall,3.3,No,Venmo,No,25,Quarterly,0,35-44,Mid-High,Regular (16-30),1,90,0,0,Low (<3.5)
1260,36,Female,Coat,Outerwear,65.0,New York,L,Black,Winter,3.0,No,Venmo,Yes,1,Quarterly,0,35-44,Mid-High,New (0-5),0,90,1,0,Low (<3.5)
1261,54,Female,Sweater,Clothing,72.0,Vermont,L,Red,Spring,3.3,No,Cash,Yes,29,Fortnightly,0,45-54,Mid-High,Regular (16-30),1,14,1,0,Low (<3.5)
1262,58,Female,T-shirt,Clothing,41.0,Nevada,L,Blue,Fall,4.2,No,Venmo,No,10,Bi-Weekly,0,55-64,Mid-Low,Occasional (6-15),1,14,0,0,Medium (3.5-4.4)
1263,23,Male,Sweater,Clothing,43.0,Illinois,S,Teal,Summer,3.7,No,Venmo,No,46,Quarterly,0,18-24,Mid-Low,Loyal (31+),1,90,0,0,Medium (3.5-4.4)
1264,42,Female,Jacket,Outerwear,71.0,Idaho,S,Olive,Spring,2.6,Yes,Bank Transfer,No,43,Monthly,0,35-44,Mid-High,Loyal (31+),1,30,0,1,Low (<3.5)
1265,70,Male,Boots,Footwear,48.0,Oregon,L,Gray,Summer,4.4,No,Debit Card,No,25,Bi-Weekly,0,65+,Mid-Low,Regular (16-30),1,14,0,0,Medium (3.5-4.4)
1266,64,Male,Handbag,Accessories,75.0,Oregon,M,Pink,Winter,2.6,No,Venmo,No,31,Every 3 Months,0,55-64,Mid-High,Loyal (31+),1,90,0,0,Low (<3.5)
1267,60,Male,Socks,Clothing,32.0,Illinois,M,White,Winter,3.5,No,Debit Card,Yes,2,Bi-Weekly,0,55-64,Low,New (0-5),0,14,1,0,Medium (3.5-4.4)
1268,56,Male,Coat,Outerwear,44.0,Oregon,M,Blue,Summer,3.7,No,Venmo,Yes,29,Monthly,0,55-64,Mid-Low,Regular (16-30),1,30,1,0,Medium (3.5-4.4)
1269,18,Male,Shoes,Footwear,28.0,Vermont,S,Pink,Spring,3.8,Yes,Bank Transfer,No,43,Bi-Weekly,0,18-24,Low,Loyal (31+),1,14,0,1,Medium (3.5-4.4)
1270,69,Male,Shoes,Footwear,27.0,Ohio,L,Olive,Summer,2.8,No,Venmo,No,27,Monthly,0,65+,Low,Regular (16-30),1,30,0,0,Low (<3.5)
1271,56,Male,Jacket,Outerwear,41.0,Vermont,XL,Black,Summer,4.4,No,Bank Transfer,No,44,Monthly,0,55-64,Mid-Low,Loyal (31+),1,30,0,0,Medium (3.5-4.4)
1272,65,Male,Blouse,Clothing,59.0,Idaho,L,White,Summer,4.6,Yes,PayPal,Yes,4,Bi-Weekly,0,65+,Mid-Low,New (0-5),0,14,1,1,High (4.5+)
1273,66,Male,Blouse,Clothing,31.0,New York,M,White,Winter,4.2,No,PayPal,No,49,Every 3 Months,0,65+,Low,Loyal (31+),1,90,0,0,Medium (3.5-4.4)
1274,31,Male,Boots,Footwear,27.0,Ohio,XL,Black,Summer,4.9,No,PayPal,No,18,Fortnightly,0,25-34,Low,Regular (16-30),1,14,0,0,High (4.5+)
1275,18,Female,Shirt,Clothing,91.0,Minnesota,L,Olive,Spring,3.1,No,Debit Card,Yes,2,Every 3 Months,0,18-24,High,New (0-5),0,90,1,0,Low (<3.5)
1276,52,Male,Socks,Clothing,61.0,California,S,Black,Spring,2.9,No,Bank Transfer,No,31,Weekly,0,45-54,Mid-High,Loyal (31+),1,7,0,0,Low (<3.5)
1277,42,Female,T-shirt,Clothing,77.0,Nevada,L,Pink,Fall,2.7,No,Cash,Yes,31,Fortnightly,0,35-44,Mid-High,Loyal (31+),1,14,1,0,Low (<3.5)
1278,19,Female,Dress,Clothing,78.0,Minnesota,S,Gray,Spring,4.3,No,Cash,No,7,Bi-Weekly,0,18-24,Mid-High,Occasional (6-15),0,14,0,0,Medium (3.5-4.4)
1279,32,Male,Jewelry,Accessories,28.0,Illinois,M,Pink,Spring,2.9,No,Cash,No,18,Bi-Weekly,0,25-34,Low,Regular (16-30),1,14,0,0,Low (<3.5)
1280,70,Male,Sneakers,Footwear,70.0,Minnesota,M,Red,Winter,4.8,No,PayPal,Yes,47,Quarterly,0,65+,Mid-High,Loyal (31+),1,90,1,0,High (4.5+)
1281,37,Male,Shorts,Clothing,89.0,New York,M,Teal,Spring,4.0,No,Venmo,No,10,Annually,0,35-44,High,Occasional (6-15),1,365,0,0,Medium (3.5-4.4)
1282,31,Male,Blouse,Clothing,56.0,Utah,S,Blue,Fall,4.5,No,Debit Card,No,4,Every 3 Months,0,25-34,Mid-Low,New (0-5),0,90,0,0,High (4.5+)
1283,52,Male,Dress,Clothing,89.0,Nevada,M,Gray,Spring,3.6,Yes,Debit Card,Yes,42,Monthly,0,45-54,High,Loyal (31+),1,30,1,1,Medium (3.5-4.4)
1284,53,Male,Jewelry,Accessories,96.0,New York,M,Black,Winter,4.3,No,Credit Card,No,34,Weekly,0,45-54,High,Loyal (31+),1,7,0,0,Medium (3.5-4.4)
1285,35,Male,Coat,Outerwear,64.0,New York,M,Pink,Fall,3.6,No,Cash,No,25,Annually,0,35-44,Mid-High,Regular (16-30),1,365,0,0,Medium (3.5-4.4)
1286,63,Male,Hoodie,Outerwear,28.0,Texas,M,Gray,Winter,3.8,No,Venmo,No,16,Bi-Weekly,0,55-64,Low,Regular (16-30),1,14,0,0,Medium (3.5-4.4)
1287,48,Male,Sweater,Clothing,70.0,Alabama,L,White,Fall,4.4,No,Venmo,Yes,44,Quarterly,0,45-54,Mid-High,Loyal (31+),1,90,1,0,Medium (3.5-4.4)
1288,26,Female,Shirt,Clothing,91.0,Georgia,XL,Pink,Summer,3.1,Yes,Debit Card,No,44,Every 3 Months,0,25-34,High,Loyal (31+),1,90,0,1,Low (<3.5)
1289,35,Male,Sandals,Footwear,66.0,New York,S,Teal,Winter,4.7,No,Debit Card,Yes,1,Quarterly,0,35-44,Mid-High,New (0-5),0,90,1,0,High (4.5+)
1290,62,Male,Sneakers,Footwear,84.0,New York,L,Black,Winter,4.3,No,PayPal,Yes,42,Weekly,0,55-64,High,Loyal (31+),1,7,1,0,Medium (3.5-4.4)
1291,22,Male,Shoes,Footwear,63.0,California,S,Pink,Spring,4.4,No,Cash,No,24,Fortnightly,0,18-24,Mid-High,Regular (16-30),1,14,0,0,Medium (3.5-4.4)
1292,18,Male,Belt,Accessories,53.0,Utah,M,Olive,Fall,3.1,No,PayPal,No,17,Annually,0,18-24,Mid-Low,Regular (16-30),1,365,0,0,Low (<3.5)
1293,52,Male,Boots,Footwear,96.0,Nevada,M,Blue,Fall,2.7,No,Debit Card,Yes,18,Every 3 Months,0,45-54,High,Regular (16-30),1,90,1,0,Low (<3.5)
1294,41,Male,Shorts,Clothing,32.0,Idaho,M,Olive,Summer,2.7,No,Cash,No,24,Quarterly,0,35-44,Low,Regular (16-30),1,90,0,0,Low (<3.5)
1295,31,Male,Jeans,Clothing,56.0,Idaho,S,Pink,Summer,4.1,No,Cash,No,29,Monthly,0,25-34,Mid-Low,Regular (16-30),1,30,0,0,Medium (3.5-4.4)
1296,43,Male,Jeans,Clothing,32.0,Minnesota,L,Red,Winter,2.9,No,Debit Card,No,48,Annually,0,35-44,Low,Loyal (31+),1,365,0,0,Low (<3.5)
1297,27,Male,Dress,Clothing,73.0,Maine,L,Olive,Spring,5.0,No,Bank Transfer,No,2,Every 3 Months,0,25-34,Mid-High,New (0-5),0,90,0,0,High (4.5+)
1298,37,Male,T-shirt,Clothing,94.0,California,XL,Black,Winter,4.9,No,Bank Transfer,Yes,31,Every 3 Months,0,35-44,High,Loyal (31+),1,90,1,0,High (4.5+)
1299,30,Male,Scarf,Accessories,100.0,California,XL,Teal,Fall,2.6,No,Credit Card,No,4,Annually,0,25-34,High,New (0-5),0,365,0,0,Low (<3.5)
1300,49,Female,Jeans,Clothing,38.0,Ohio,M,Teal,Spring,4.3,No,Debit Card,Yes,1,Annually,0,45-54,Low,New (0-5),0,365,1,0,Medium (3.5-4.4)
1301,53,Male,Jeans,Clothing,78.0,Nevada,S,White,Summer,3.2,Yes,Venmo,Yes,16,Annually,0,45-54,Mid-High,Regular (16-30),1,365,1,1,Low (<3.5)
1302,66,Male,Sandals,Footwear,90.0,Vermont,S,Red,Winter,3.4,No,Credit Card,No,39,Quarterly,0,65+,High,Loyal (31+),1,90,0,0,Low (<3.5)
1303,21,Male,Scarf,Accessories,87.0,Maine,M,White,Fall,3.1,No,Cash,Yes,18,Fortnightly,0,18-24,High,Regular (16-30),1,14,1,0,Low (<3.5)
1304,35,Female,Sweater,Clothing,60.0,Florida,L,Red,Spring,4.6,Yes,PayPal,Yes,19,Fortnightly,0,35-44,Mid-Low,Regular (16-30),1,14,1,1,High (4.5+)
1305,32,Female,Sunglasses,Accessories,34.0,Minnesota,M,Blue,Spring,4.7,Yes,PayPal,Yes,46,Fortnightly,0,25-34,Low,Loyal (31+),1,14,1,1,High (4.5+)
1306,48,Female,Jacket,Outerwear,57.0,Florida,M,Pink,Winter,2.6,No,Venmo,Yes,14,Every 3 Months,0,45-54,Mid-Low,Occasional (6-15),1,90,1,0,Low (<3.5)
1307,46,Male,Shoes,Footwear,82.0,Texas,M,Olive,Spring,3.2,No,Cash,Yes,39,Bi-Weekly,0,45-54,High,Loyal (31+),1,14,1,0,Low (<3.5)
1308,64,Male,Handbag,Accessories,70.0,Alabama,XL,Pink,Fall,3.6,No,Debit Card,Yes,42,Fortnightly,0,55-64,Mid-High,Loyal (31+),1,14,1,0,Medium (3.5-4.4)
1309,66,Female,Pants,Clothing,51.0,Minnesota,M,Pink,Winter,3.8,No,Debit Card,Yes,33,Every 3 Months,0,65+,Mid-Low,Loyal (31+),1,90,1,0,Medium (3.5-4.4)
1310,58,Male,Jacket,Outerwear,37.0,Utah,L,Olive,Spring,2.7,No,Credit Card,No,49,Monthly,0,55-64,Low,Loyal (31+),1,30,0,0,Low (<3.5)
1311,28,Female,Dress,Clothing,72.0,Ohio,M,White,Spring,4.6,Yes,Debit Card,No,50,Fortnightly,0,25-34,Mid-High,Loyal (31+),1,14,0,1,High (4.5+)
1312,20,Male,Hoodie,Outerwear,54.0,Nevada,M,Pink,Winter,4.8,No,Credit Card,No,4,Bi-Weekly,0,18-24,Mid-Low,New (0-5),0,14,0,0,High (4.5+)
1313,65,Male,Slippers,Footwear,58.0,Maine,M,Pink,Winter,3.5,No,Credit Card,No,9,Monthly,0,65+,Mid-Low,Occasional (6-15),0,30,0,0,Medium (3.5-4.4)
1314,67,Male,T-shirt,Clothing,96.0,Alabama,L,Black,Fall,4.6,No,Credit Card,No,20,Every 3 Months,0,65+,High,Regular (16-30),1,90,0,0,High (4.5+)
1315,31,Male,Skirt,Clothing,20.0,Illinois,L,Black,Spring,4.2,No,Credit Card,No,34,Weekly,0,25-34,Low,Loyal (31+),1,7,0,0,Medium (3.5-4.4)
1316,20,Female,Handbag,Accessories,39.0,Vermont,M,Pink,Spring,4.0,No,Cash,Yes,14,Every 3 Months,0,18-24,Low,Occasional (6-15),1,90,1,0,Medium (3.5-4.4)
1317,54,Male,Sneakers,Footwear,94.0,Maine,M,Red,Winter,4.5,Yes,Bank Transfer,Yes,32,Weekly,0,45-54,High,Loyal (31+),1,7,1,1,High (4.5+)
1318,49,Male,Blouse,Clothing,94.0,New York,S,Blue,Winter,3.7,Yes,Debit Card,No,45,Annually,0,45-54,High,Loyal (31+),1,365,0,1,Medium (3.5-4.4)
1319,65,Male,Belt,Accessories,44.0,Vermont,S,Red,Winter,3.9,No,Cash,No,1,Weekly,0,65+,Mid-Low,New (0-5),0,7,0,0,Medium (3.5-4.4)
1320,48,Female,Handbag,Accessories,100.0,Minnesota,S,Pink,Winter,3.2,Yes,Bank Transfer,No,44,Fortnightly,0,45-54,High,Loyal (31+),1,14,0,1,Low (<3.5)
1321,58,Male,Boots,Footwear,37.0,Florida,S,Blue,Summer,4.3,No,Cash,No,25,Bi-Weekly,0,55-64,Low,Regular (16-30),1,14,0,0,Medium (3.5-4.4)
1322,59,Female,Slippers,Footwear,24.0,Montana,L,Blue,Summer,2.9,No,Credit Card,Yes,46,Annually,0,55-64,Low,Loyal (31+),1,365,1,0,Low (<3.5)
1323,18,Female,Shorts,Clothing,44.0,Oregon,L,Red,Summer,3.1,No,Credit Card,Yes,35,Bi-Weekly,0,18-24,Mid-Low,Loyal (31+),1,14,1,0,Low (<3.5)
1324,25,Male,Sunglasses,Accessories,63.0,Idaho,L,Black,Fall,3.7,Yes,Venmo,No,3,Every 3 Months,0,25-34,Mid-High,New (0-5),0,90,0,1,Medium (3.5-4.4)
1325,59,Female,Blouse,Clothing,20.0,Illinois,L,Black,Spring,3.5,No,PayPal,Yes,46,Fortnightly,0,55-64,Low,Loyal (31+),1,14,1,0,Medium (3.5-4.4)
1326,27,Female,Belt,Accessories,33.0,Maine,XL,Red,Spring,3.1,Yes,Cash,No,3,Bi-Weekly,0,25-34,Low,New (0-5),0,14,0,1,Low (<3.5)
1327,28,Male,Socks,Clothing,84.0,Illinois,XL,Black,Winter,3.0,No,PayPal,No,13,Monthly,0,25-34,High,Occasional (6-15),1,30,0,0,Low (<3.5)
1328,57,Male,Slippers,Footwear,70.0,Nevada,M,Pink,Summer,4.7,No,Cash,No,28,Weekly,0,55-64,Mid-High,Regular (16-30),1,7,0,0,High (4.5+)
1329,28,Male,Blouse,Clothing,69.0,Utah,S,Red,Spring,4.0,Yes,Bank Transfer,No,46,Weekly,0,25-34,Mid-High,Loyal (31+),1,7,0,1,Medium (3.5-4.4)
1330,25,Male,Dress,Clothing,100.0,Vermont,S,Gray,Fall,3.4,No,Credit Card,Yes,9,Bi-Weekly,0,25-34,High,Occasional (6-15),0,14,1,0,Low (<3.5)
1331,18,Male,Hat,Accessories,38.0,Nevada,XL,Blue,Summer,4.6,Yes,Credit Card,No,27,Every 3 Months,0,18-24,Low,Regular (16-30),1,90,0,1,High (4.5+)
1332,42,Female,Boots,Footwear,92.0,California,S,Pink,Spring,4.6,No,PayPal,No,6,Weekly,0,35-44,High,Occasional (6-15),0,7,0,0,High (4.5+)
1333,51,Male,Slippers,Footwear,48.0,Alabama,M,Red,Summer,2.8,No,Debit Card,No,17,Every 3 Months,0,45-54,Mid-Low,Regular (16-30),1,90,0,0,Low (<3.5)
1334,56,Male,Hoodie,Outerwear,94.0,Texas,M,Black,Summer,3.9,No,PayPal,No,14,Quarterly,0,55-64,High,Occasional (6-15),1,90,0,0,Medium (3.5-4.4)
1335,65,Male,Jacket,Outerwear,83.0,Minnesota,M,Red,Fall,3.3,No,PayPal,Yes,22,Fortnightly,0,65+,High,Regular (16-30),1,14,1,0,Low (<3.5)
1336,52,Female,Jewelry,Accessories,37.0,Oregon,M,White,Winter,3.9,No,Debit Card,Yes,36,Weekly,0,45-54,Low,Loyal (31+),1,7,1,0,Medium (3.5-4.4)
1337,58,Male,Sweater,Clothing,36.0,Vermont,L,Gray,Winter,4.3,No,Venmo,Yes,37,Monthly,0,55-64,Low,Loyal (31+),1,30,1,0,Medium (3.5-4.4)
1338,29,Male,Shoes,Footwear,63.0,Texas,M,Gray,Winter,2.5,Yes,Venmo,No,34,Monthly,0,25-34,Mid-High,Loyal (31+),1,30,0,1,Low (<3.5)
1339,36,Male,Gloves,Accessories,60.0,Texas,L,Red,Summer,3.8,Yes,Venmo,Yes,2,Weekly,0,35-44,Mid-Low,New (0-5),0,7,1,1,Medium (3.5-4.4)
1340,34,Male,Skirt,Clothing,39.0,Ohio,S,Red,Fall,3.2,Yes,Venmo,Yes,40,Quarterly,0,25-34,Low,Loyal (31+),1,90,1,1,Low (<3.5)
1341,21,Male,Skirt,Clothing,41.0,Idaho,L,Gray,Spring,3.8,No,Venmo,Yes,33,Every 3 Months,0,18-24,Mid-Low,Loyal (31+),1,90,1,0,Medium (3.5-4.4)
1342,69,Female,Belt,Accessories,92.0,Texas,M,Olive,Fall,2.8,Yes,Venmo,Yes,4,Monthly,0,65+,High,New (0-5),0,30,1,1,Low (<3.5)
1343,30,Male,Sandals,Footwear,81.0,Utah,M,Teal,Fall,4.5,No,Debit Card,No,48,Monthly,0,25-34,High,Loyal (31+),1,30,0,0,High (4.5+)
1344,41,Male,Slippers,Footwear,35.0,Oregon,XL,Teal,Winter,3.9,No,Cash,Yes,39,Annually,0,35-44,Low,Loyal (31+),1,365,1,0,Medium (3.5-4.4)
1345,36,Male,Hoodie,Outerwear,78.0,Maine,XL,Black,Spring,3.0,Yes,PayPal,No,35,Bi-Weekly,0,35-44,Mid-High,Loyal (31+),1,14,0,1,Low (<3.5)
1346,20,Female,Sunglasses,Accessories,32.0,Georgia,L,Olive,Winter,4.4,No,PayPal,No,25,Fortnightly,0,18-24,Low,Regular (16-30),1,14,0,0,Medium (3.5-4.4)
1347,65,Male,T-shirt,Clothing,56.0,New York,XL,Black,Fall,2.6,No,Debit Card,Yes,40,Every 3 Months,0,65+,Mid-Low,Loyal (31+),1,90,1,0,Low (<3.5)
1348,29,Male,Pants,Clothing,20.0,Minnesota,M,Red,Spring,4.0,No,Credit Card,Yes,16,Monthly,0,25-34,Low,Regular (16-30),1,30,1,0,Medium (3.5-4.4)
1349,23,Male,Shirt,Clothing,72.0,Vermont,M,Olive,Winter,3.8,No,PayPal,Yes,37,Annually,0,18-24,Mid-High,Loyal (31+),1,365,1,0,Medium (3.5-4.4)
1350,36,Male,Socks,Clothing,34.0,Nevada,M,Gray,Summer,2.6,Yes,Credit Card,Yes,31,Annually,0,35-44,Low,Loyal (31+),1,365,1,1,Low (<3.5)
1351,25,Male,Backpack,Accessories,39.0,Oregon,L,Pink,Summer,3.1,No,Cash,No,31,Every 3 Months,0,25-34,Low,Loyal (31+),1,90,0,0,Low (<3.5)
1352,70,Male,Sunglasses,Accessories,35.0,Florida,L,Teal,Spring,2.7,No,PayPal,No,40,Bi-Weekly,0,65+,Low,Loyal (31+),1,14,0,0,Low (<3.5)
1353,28,Male,Pants,Clothing,34.0,California,XL,Teal,Spring,4.3,Yes,Venmo,Yes,9,Every 3 Months,0,25-34,Low,Occasional (6-15),0,90,1,1,Medium (3.5-4.4)
1354,34,Female,Socks,Clothing,26.0,Minnesota,L,Olive,Spring,4.3,Yes,Bank Transfer,Yes,6,Monthly,0,25-34,Low,Occasional (6-15),0,30,1,1,Medium (3.5-4.4)
1355,32,Male,Gloves,Accessories,64.0,Minnesota,L,Olive,Summer,2.7,No,Cash,No,28,Every 3 Months,0,25-34,Mid-High,Regular (16-30),1,90,0,0,Low (<3.5)
1356,19,Female,Blouse,Clothing,90.0,Idaho,S,Pink,Summer,2.8,Yes,Bank Transfer,No,41,Annually,0,18-24,High,Loyal (31+),1,365,0,1,Low (<3.5)
1357,18,Male,Slippers,Footwear,44.0,Maine,S,White,Summer,4.7,No,PayPal,Yes,13,Every 3 Months,0,18-24,Mid-Low,Occasional (6-15),1,90,1,0,High (4.5+)
1358,45,Male,Shoes,Footwear,83.0,Vermont,M,Blue,Fall,3.0,No,Debit Card,No,29,Monthly,0,45-54,High,Regular (16-30),1,30,0,0,Low (<3.5)
1359,30,Male,Hat,Accessories,64.0,Vermont,L,Blue,Winter,3.3,No,Credit Card,Yes,48,Annually,0,25-34,Mid-High,Loyal (31+),1,365,1,0,Low (<3.5)
1360,22,Male,Blouse,Clothing,40.0,Illinois,M,Olive,Winter,4.2,No,Venmo,Yes,32,Annually,0,18-24,Mid-Low,Loyal (31+),1,365,1,0,Medium (3.5-4.4)
1361,33,Male,Handbag,Accessories,24.0,Nevada,XL,Blue,Summer,2.7,No,Debit Card,No,4,Fortnightly,0,25-34,Low,New (0-5),0,14,0,0,Low (<3.5)
1362,32,Female,Sweater,Clothing,83.0,Illinois,L,White,Winter,4.9,No,Debit Card,No,44,Annually,0,25-34,High,Loyal (31+),1,365,0,0,High (4.5+)
1363,40,Male,Handbag,Accessories,21.0,California,M,Pink,Fall,2.6,No,Bank Transfer,Yes,49,Monthly,0,35-44,Low,Loyal (31+),1,30,1,0,Low (<3.5)
1364,70,Male,T-shirt,Clothing,54.0,Texas,L,Olive,Summer,3.7,Yes,Venmo,No,36,Fortnightly,1,65+,Mid-Low,Loyal (31+),1,14,0,1,Medium (3.5-4.4)
1365,34,Male,Slippers,Footwear,22.0,Georgia,M,Gray,Spring,3.4,No,Venmo,Yes,31,Bi-Weekly,0,25-34,Low,Loyal (31+),1,14,1,0,Low (<3.5)
1366,55,Male,Slippers,Footwear,82.0,California,L,Teal,Summer,2.9,No,Venmo,Yes,30,Every 3 Months,0,55-64,High,Regular (16-30),1,90,1,0,Low (<3.5)
1367,58,Male,T-shirt,Clothing,100.0,Florida,M,Pink,Spring,3.4,No,Cash,No,32,Bi-Weekly,0,55-64,High,Loyal (31+),1,14,0,0,Low (<3.5)
1368,20,Male,Shorts,Clothing,46.0,Montana,M,Teal,Spring,3.7,No,PayPal,No,17,Quarterly,1,18-24,Mid-Low,Regular (16-30),1,90,0,0,Medium (3.5-4.4)
1369,44,Male,Sweater,Clothing,45.0,Georgia,S,Blue,Winter,3.8,Yes,Bank Transfer,No,33,Monthly,0,35-44,Mid-Low,Loyal (31+),1,30,0,1,Medium (3.5-4.4)
1370,41,Male,Sweater,Clothing,65.0,California,M,Black,Spring,2.6,No,Bank Transfer,Yes,26,Annually,0,35-44,Mid-High,Regular (16-30),1,365,1,0,Low (<3.5)
1371,44,Male,Skirt,Clothing,60.0,New York,L,Blue,Fall,4.9,Yes,Bank Transfer,Yes,40,Weekly,0,35-44,Mid-Low,Loyal (31+),1,7,1,1,High (4.5+)
1372,27,Male,Hoodie,Outerwear,50.0,California,XL,Pink,Spring,2.9,No,Debit Card,No,42,Quarterly,0,25-34,Mid-Low,Loyal (31+),1,90,0,0,Low (<3.5)
1373,42,Male,Blouse,Clothing,49.0,New York,XL,Teal,Fall,2.6,No,PayPal,Yes,36,Bi-Weekly,0,35-44,Mid-Low,Loyal (31+),1,14,1,0,Low (<3.5)
1374,24,Male,Hat,Accessories,35.0,New York,S,Black,Winter,2.6,No,PayPal,No,50,Every 3 Months,0,18-24,Low,Loyal (31+),1,90,0,0,Low (<3.5)
1375,68,Female,Coat,Outerwear,40.0,Ohio,XL,Pink,Summer,4.6,No,PayPal,No,23,Annually,0,65+,Mid-Low,Regular (16-30),1,365,0,0,High (4.5+)
1376,49,Female,Shorts,Clothing,67.0,Georgia,S,Red,Spring,2.9,No,Venmo,Yes,38,Bi-Weekly,0,45-54,Mid-High,Loyal (31+),1,14,1,0,Low (<3.5)
1377,19,Male,Jewelry,Accessories,79.0,Vermont,S,Pink,Spring,2.9,No,PayPal,No,18,Annually,0,18-24,Mid-High,Regular (16-30),1,365,0,0,Low (<3.5)
1378,44,Male,Handbag,Accessories,80.0,Minnesota,L,Olive,Winter,4.9,Yes,Debit Card,No,40,Quarterly,0,35-44,Mid-High,Loyal (31+),1,90,0,1,High (4.5+)
1379,67,Female,Sunglasses,Accessories,61.0,Utah,XL,Black,Spring,4.0,No,Credit Card,No,14,Weekly,0,65+,Mid-High,Occasional (6-15),1,7,0,0,Medium (3.5-4.4)
1380,57,Male,Socks,Clothing,81.0,New York,XL,Red,Summer,3.2,No,Bank Transfer,Yes,35,Every 3 Months,0,55-64,High,Loyal (31+),1,90,1,0,Low (<3.5)
1381,32,Male,Socks,Clothing,67.0,California,L,Black,Winter,4.0,No,Cash,No,1,Monthly,0,25-34,Mid-High,New (0-5),0,30,0,0,Medium (3.5-4.4)
1382,65,Male,Jeans,Clothing,48.0,Texas,M,Blue,Fall,3.1,No,Cash,Yes,39,Annually,0,65+,Mid-Low,Loyal (31+),1,365,1,0,Low (<3.5)
1383,27,Male,Slippers,Footwear,48.0,Oregon,S,Pink,Winter,3.8,Yes,Cash,Yes,15,Monthly,1,25-34,Mid-Low,Occasional (6-15),1,30,1,1,Medium (3.5-4.4)
1384,31,Female,Coat,Outerwear,62.0,Alabama,S,Olive,Winter,3.3,Yes,Cash,No,13,Fortnightly,0,25-34,Mid-High,Occasional (6-15),1,14,0,1,Low (<3.5)
1385,26,Female,Hoodie,Outerwear,44.0,Texas,M,Olive,Fall,3.8,No,Venmo,No,17,Fortnightly,1,25-34,Mid-Low,Regular (16-30),1,14,0,0,Medium (3.5-4.4)
1386,66,Female,T-shirt,Clothing,81.0,New York,M,Olive,Winter,4.4,Yes,PayPal,Yes,22,Weekly,0,65+,High,Regular (16-30),1,7,1,1,Medium (3.5-4.4)
1387,55,Female,Jewelry,Accessories,35.0,Idaho,S,Black,Spring,3.4,No,PayPal,No,7,Quarterly,0,55-64,Low,Occasional (6-15),0,90,0,0,Low (<3.5)
1388,45,Male,Jeans,Clothing,24.0,New York,M,Gray,Spring,2.9,No,Cash,No,28,Annually,0,45-54,Low,Regular (16-30),1,365,0,0,Low (<3.5)
1389,53,Female,Scarf,Accessories,59.0,New York,M,Red,Summer,3.4,Yes,Credit Card,No,7,Quarterly,0,45-54,Mid-Low,Occasional (6-15),0,90,0,1,Low (<3.5)
1390,31,Male,Jeans,Clothing,25.0,Minnesota,L,Gray,Winter,4.4,No,PayPal,Yes,28,Quarterly,0,25-34,Low,Regular (16-30),1,90,1,0,Medium (3.5-4.4)
1391,21,Male,Jacket,Outerwear,35.0,Utah,M,White,Fall,4.5,No,Cash,Yes,19,Weekly,0,18-24,Low,Regular (16-30),1,7,1,0,High (4.5+)
1392,62,Male,Gloves,Accessories,50.0,New York,M,Olive,Summer,4.5,No,Credit Card,No,30,Weekly,0,55-64,Mid-Low,Regular (16-30),1,7,0,0,High (4.5+)
1393,69,Male,Socks,Clothing,20.0,Florida,L,Gray,Spring,4.9,Yes,Cash,No,8,Monthly,0,65+,Low,Occasional (6-15),0,30,0,1,High (4.5+)
1394,19,Male,Shirt,Clothing,38.0,Montana,L,Red,Winter,4.6,Yes,Cash,Yes,49,Monthly,0,18-24,Low,Loyal (31+),1,30,1,1,High (4.5+)
1395,20,Male,Sunglasses,Accessories,64.0,Minnesota,M,Black,Winter,4.9,No,Credit Card,Yes,1,Bi-Weekly,0,18-24,Mid-High,New (0-5),0,14,1,0,High (4.5+)
1396,47,Male,Dress,Clothing,50.0,Utah,S,Black,Spring,4.1,No,Cash,No,43,Annually,0,45-54,Mid-Low,Loyal (31+),1,365,0,0,Medium (3.5-4.4)
1397,20,Male,Slippers,Footwear,92.0,Utah,XL,Blue,Summer,3.1,No,Venmo,No,18,Bi-Weekly,0,18-24,High,Regular (16-30),1,14,0,0,Low (<3.5)
1398,56,Male,Belt,Accessories,27.0,Vermont,L,Gray,Fall,4.0,No,Debit Card,No,42,Annually,0,55-64,Low,Loyal (31+),1,365,0,0,Medium (3.5-4.4)
1399,68,Male,Sandals,Footwear,78.0,Montana,M,Teal,Spring,3.0,Yes,Cash,No,30,Fortnightly,0,65+,Mid-High,Regular (16-30),1,14,0,1,Low (<3.5)
1400,32,Male,Pants,Clothing,67.0,Georgia,M,Olive,Fall,2.7,Yes,Venmo,No,42,Bi-Weekly,0,25-34,Mid-High,Loyal (31+),1,14,0,1,Low (<3.5)
1401,33,Male,Shoes,Footwear,72.0,Alabama,M,Red,Winter,3.3,Yes,Credit Card,No,28,Bi-Weekly,0,25-34,Mid-High,Regular (16-30),1,14,0,1,Low (<3.5)
1402,63,Female,Sweater,Clothing,74.0,Montana,S,Blue,Winter,3.4,No,PayPal,No,40,Every 3 Months,0,55-64,Mid-High,Loyal (31+),1,90,0,0,Low (<3.5)
1403,36,Male,Coat,Outerwear,24.0,California,M,White,Winter,4.3,No,Venmo,No,33,Bi-Weekly,0,35-44,Low,Loyal (31+),1,14,0,0,Medium (3.5-4.4)
1404,30,Male,Shorts,Clothing,84.0,Maine,XL,White,Winter,3.4,No,Cash,Yes,34,Monthly,0,25-34,High,Loyal (31+),1,30,1,0,Low (<3.5)
1405,22,Male,Sweater,Clothing,46.0,Texas,M,Black,Summer,2.5,Yes,Bank Transfer,No,29,Weekly,0,18-24,Mid-Low,Regular (16-30),1,7,0,1,Low (<3.5)
1406,62,Female,Shorts,Clothing,72.0,Texas,M,Teal,Summer,4.8,No,Debit Card,Yes,13,Bi-Weekly,0,55-64,Mid-High,Occasional (6-15),1,14,1,0,High (4.5+)
1407,67,Male,Coat,Outerwear,43.0,Utah,L,Black,Summer,4.0,No,Bank Transfer,No,43,Fortnightly,0,65+,Mid-Low,Loyal (31+),1,14,0,0,Medium (3.5-4.4)
1408,22,Male,Sweater,Clothing,52.0,California,M,Pink,Winter,3.0,No,Cash,Yes,43,Every 3 Months,0,18-24,Mid-Low,Loyal (31+),1,90,1,0,Low (<3.5)
1409,60,Male,Belt,Accessories,76.0,California,L,Gray,Fall,3.1,Yes,Credit Card,Yes,37,Every 3 Months,0,55-64,Mid-High,Loyal (31+),1,90,1,1,Low (<3.5)
1410,26,Female,Handbag,Accessories,95.0,Utah,M,Gray,Summer,3.7,No,Venmo,No,14,Fortnightly,1,25-34,High,Occasional (6-15),1,14,0,0,Medium (3.5-4.4)
1411,25,Female,Handbag,Accessories,91.0,Texas,S,Teal,Fall,4.8,Yes,Bank Transfer,No,21,Annually,0,25-34,High,Regular (16-30),1,365,0,1,High (4.5+)
1412,38,Male,Jacket,Outerwear,78.0,Maine,S,Pink,Spring,3.1,Yes,PayPal,No,37,Bi-Weekly,0,35-44,Mid-High,Loyal (31+),1,14,0,1,Low (<3.5)
1413,41,Male,Gloves,Accessories,63.0,Ohio,XL,White,Summer,4.9,No,Bank Transfer,No,10,Every 3 Months,0,35-44,Mid-High,Occasional (6-15),1,90,0,0,High (4.5+)
1414,63,Male,Hoodie,Outerwear,62.0,Idaho,L,Teal,Spring,3.2,No,Credit Card,Yes,6,Fortnightly,0,55-64,Mid-High,Occasional (6-15),0,14,1,0,Low (<3.5)
1415,55,Male,Socks,Clothing,98.0,Ohio,L,White,Winter,4.5,No,Venmo,Yes,21,Annually,0,55-64,High,Regular (16-30),1,365,1,0,High (4.5+)
1416,25,Female,Sunglasses,Accessories,36.0,Vermont,S,Gray,Spring,2.5,No,Bank Transfer,No,28,Weekly,0,25-34,Low,Regular (16-30),1,7,0,0,Low (<3.5)
1417,48,Female,Boots,Footwear,97.0,California,L,Olive,Winter,3.7,Yes,PayPal,No,45,Bi-Weekly,0,45-54,High,Loyal (31+),1,14,0,1,Medium (3.5-4.4)
1418,64,Female,Sandals,Footwear,72.0,Idaho,M,White,Spring,3.4,No,PayPal,Yes,16,Bi-Weekly,0,55-64,Mid-High,Regular (16-30),1,14,1,0,Low (<3.5)
1419,53,Female,Jewelry,Accessories,69.0,Minnesota,L,Olive,Spring,3.3,No,Debit Card,Yes,11,Fortnightly,0,45-54,Mid-High,Occasional (6-15),1,14,1,0,Low (<3.5)
1420,30,Male,Hoodie,Outerwear,67.0,Nevada,M,Olive,Fall,5.0,No,Cash,Yes,36,Annually,0,25-34,Mid-High,Loyal (31+),1,365,1,0,High (4.5+)
1421,24,Female,Sunglasses,Accessories,85.0,Florida,L,Teal,Spring,3.7,No,Venmo,No,44,Bi-Weekly,1,18-24,High,Loyal (31+),1,14,0,0,Medium (3.5-4.4)
1422,41,Male,Slippers,Footwear,75.0,Idaho,S,Teal,Spring,3.1,Yes,Credit Card,Yes,43,Bi-Weekly,0,35-44,Mid-High,Loyal (31+),1,14,1,1,Low (<3.5)
1423,43,Male,Shoes,Footwear,27.0,Utah,S,Red,Summer,4.4,No,Debit Card,Yes,32,Weekly,0,35-44,Low,Loyal (31+),1,7,1,0,Medium (3.5-4.4)
1424,36,Female,Pants,Clothing,83.0,Idaho,L,Olive,Fall,2.8,No,Venmo,Yes,1,Quarterly,0,35-44,High,New (0-5),0,90,1,0,Low (<3.5)
1425,23,Male,Blouse,Clothing,79.0,Illinois,S,Pink,Spring,4.8,Yes,Venmo,No,33,Fortnightly,0,18-24,Mid-High,Loyal (31+),1,14,0,1,High (4.5+)
1426,24,Female,Sweater,Clothing,94.0,Vermont,S,Black,Spring,3.6,No,Debit Card,No,6,Fortnightly,0,18-24,High,Occasional (6-15),0,14,0,0,Medium (3.5-4.4)
1427,46,Female,T-shirt,Clothing,95.0,New York,XL,Olive,Summer,3.0,Yes,Cash,Yes,40,Annually,0,45-54,High,Loyal (31+),1,365,1,1,Low (<3.5)
1428,68,Female,Shirt,Clothing,96.0,Texas,M,Teal,Fall,3.2,No,Debit Card,Yes,47,Annually,0,65+,High,Loyal (31+),1,365,1,0,Low (<3.5)
1429,49,Female,Backpack,Accessories,23.0,New York,M,Black,Spring,2.9,No,Cash,Yes,31,Weekly,0,45-54,Low,Loyal (31+),1,7,1,0,Low (<3.5)
1430,41,Male,Sneakers,Footwear,71.0,Alabama,L,Pink,Summer,4.8,No,Bank Transfer,No,12,Quarterly,0,35-44,Mid-High,Occasional (6-15),1,90,0,0,High (4.5+)
1431,67,Male,Coat,Outerwear,95.0,Ohio,L,Black,Spring,3.3,Yes,Venmo,Yes,15,Every 3 Months,0,65+,High,Occasional (6-15),1,90,1,1,Low (<3.5)
1432,54,Female,Belt,Accessories,98.0,Maine,S,Red,Summer,2.9,No,PayPal,No,37,Annually,0,45-54,High,Loyal (31+),1,365,0,0,Low (<3.5)
1433,56,Male,Skirt,Clothing,64.0,Montana,M,Pink,Summer,4.5,Yes,Bank Transfer,Yes,38,Fortnightly,0,55-64,Mid-High,Loyal (31+),1,14,1,1,High (4.5+)
1434,48,Female,Dress,Clothing,93.0,Utah,M,Teal,Fall,3.0,No,PayPal,No,41,Bi-Weekly,0,45-54,High,Loyal (31+),1,14,0,0,Low (<3.5)
1435,58,Male,Shirt,Clothing,91.0,Idaho,M,Olive,Spring,2.7,No,Bank Transfer,Yes,6,Fortnightly,0,55-64,High,Occasional (6-15),0,14,1,0,Low (<3.5)
1436,44,Male,Coat,Outerwear,20.0,Utah,L,Olive,Winter,4.2,Yes,Bank Transfer,No,38,Monthly,0,35-44,Low,Loyal (31+),1,30,0,1,Medium (3.5-4.4)
1437,50,Male,Skirt,Clothing,91.0,Vermont,XL,Blue,Spring,2.5,No,Venmo,No,49,Quarterly,0,45-54,High,Loyal (31+),1,90,0,0,Low (<3.5)
1438,50,Female,Shoes,Footwear,71.0,Utah,S,Pink,Winter,4.6,No,Cash,Yes,2,Fortnightly,0,45-54,Mid-High,New (0-5),0,14,1,0,High (4.5+)
1439,57,Female,Coat,Outerwear,66.0,Florida,S,Olive,Fall,3.9,No,PayPal,Yes,22,Weekly,0,55-64,Mid-High,Regular (16-30),1,7,1,0,Medium (3.5-4.4)
1440,65,Female,Coat,Outerwear,34.0,Utah,L,Teal,Summer,3.1,Yes,Bank Transfer,Yes,37,Weekly,0,65+,Low,Loyal (31+),1,7,1,1,Low (<3.5)
1441,33,Male,Jeans,Clothing,94.0,Georgia,M,Gray,Summer,3.7,No,PayPal,No,27,Fortnightly,0,25-34,High,Regular (16-30),1,14,0,0,Medium (3.5-4.4)
1442,55,Male,Jeans,Clothing,43.0,Florida,L,Black,Winter,3.2,Yes,Venmo,No,49,Quarterly,0,55-64,Mid-Low,Loyal (31+),1,90,0,1,Low (<3.5)
1443,19,Male,Sweater,Clothing,53.0,Utah,S,Gray,Winter,3.8,Yes,Debit Card,No,34,Fortnightly,0,18-24,Mid-Low,Loyal (31+),1,14,0,1,Medium (3.5-4.4)
1444,46,Male,Shorts,Clothing,44.0,Minnesota,S,Pink,Fall,3.9,Yes,PayPal,No,19,Every 3 Months,0,45-54,Mid-Low,Regular (16-30),1,90,0,1,Medium (3.5-4.4)
1445,65,Male,T-shirt,Clothing,98.0,Georgia,L,Pink,Spring,4.4,No,PayPal,Yes,32,Quarterly,0,65+,High,Loyal (31+),1,90,1,0,Medium (3.5-4.4)
1446,52,Male,Boots,Footwear,59.0,Utah,XL,Red,Winter,3.7,Yes,Bank Transfer,No,36,Fortnightly,0,45-54,Mid-Low,Loyal (31+),1,14,0,1,Medium (3.5-4.4)
1447,32,Male,Gloves,Accessories,29.0,Florida,S,White,Summer,4.5,No,Bank Transfer,No,40,Annually,0,25-34,Low,Loyal (31+),1,365,0,0,High (4.5+)
1448,50,Male,Slippers,Footwear,20.0,California,L,Pink,Spring,2.7,No,PayPal,Yes,14,Quarterly,0,45-54,Low,Occasional (6-15),1,90,1,0,Low (<3.5)
1449,36,Male,Hat,Accessories,99.0,Illinois,M,Pink,Winter,4.8,No,PayPal,Yes,46,Annually,0,35-44,High,Loyal (31+),1,365,1,0,High (4.5+)
1450,40,Female,Dress,Clothing,39.0,Idaho,S,Teal,Spring,3.0,Yes,Venmo,Yes,50,Quarterly,0,35-44,Low,Loyal (31+),1,90,1,1,Low (<3.5)
1451,30,Male,Handbag,Accessories,82.0,Ohio,M,Olive,Summer,4.6,No,Venmo,Yes,11,Quarterly,0,25-34,High,Occasional (6-15),1,90,1,0,High (4.5+)
1452,51,Male,Hat,Accessories,22.0,New York,M,Pink,Spring,3.7,No,PayPal,No,11,Monthly,0,45-54,Low,Occasional (6-15),1,30,0,0,Medium (3.5-4.4)
1453,28,Female,Belt,Accessories,92.0,Georgia,L,Red,Summer,2.8,No,PayPal,Yes,20,Quarterly,0,25-34,High,Regular (16-30),1,90,1,0,Low (<3.5)
1454,41,Female,Hoodie,Outerwear,72.0,Alabama,M,Pink,Winter,3.4,No,Venmo,Yes,16,Every 3 Months,0,35-44,Mid-High,Regular (16-30),1,90,1,0,Low (<3.5)
1455,67,Female,Socks,Clothing,38.0,Idaho,M,Red,Spring,4.8,No,PayPal,Yes,10,Annually,0,65+,Low,Occasional (6-15),1,365,1,0,High (4.5+)
1456,58,Male,Pants,Clothing,92.0,Texas,M,Pink,Spring,4.6,No,Venmo,Yes,9,Quarterly,0,55-64,High,Occasional (6-15),0,90,1,0,High (4.5+)
1457,39,Male,Shirt,Clothing,44.0,Idaho,L,White,Winter,4.3,No,Debit Card,Yes,36,Every 3 Months,0,35-44,Mid-Low,Loyal (31+),1,90,1,0,Medium (3.5-4.4)
1458,69,Female,Dress,Clothing,100.0,Utah,XL,Blue,Spring,3.4,Yes,PayPal,Yes,48,Annually,0,65+,High,Loyal (31+),1,365,1,1,Low (<3.5)
1459,18,Male,Jacket,Outerwear,68.0,California,M,White,Spring,4.0,No,Venmo,Yes,5,Quarterly,0,18-24,Mid-High,New (0-5),0,90,1,0,Medium (3.5-4.4)
1460,68,Male,Jeans,Clothing,56.0,Nevada,M,Red,Fall,3.1,No,Bank Transfer,Yes,29,Every 3 Months,0,65+,Mid-Low,Regular (16-30),1,90,1,0,Low (<3.5)
1461,36,Female,Belt,Accessories,24.0,Vermont,XL,Pink,Summer,4.1,No,Venmo,No,14,Fortnightly,0,35-44,Low,Occasional (6-15),1,14,0,0,Medium (3.5-4.4)
1462,61,Male,Sneakers,Footwear,41.0,Ohio,S,Black,Winter,3.2,No,Credit Card,No,13,Annually,0,55-64,Mid-Low,Occasional (6-15),1,365,0,0,Low (<3.5)
1463,68,Female,Dress,Clothing,24.0,Maine,L,Olive,Spring,4.6,No,Debit Card,No,29,Annually,0,65+,Low,Regular (16-30),1,365,0,0,High (4.5+)
1464,49,Female,Shirt,Clothing,89.0,New York,M,Pink,Fall,4.3,No,Cash,Yes,7,Bi-Weekly,0,45-54,High,Occasional (6-15),0,14,1,0,Medium (3.5-4.4)
1465,50,Male,Hat,Accessories,28.0,Maine,L,Olive,Winter,3.5,Yes,Debit Card,Yes,5,Annually,0,45-54,Low,New (0-5),0,365,1,1,Medium (3.5-4.4)
1466,57,Female,Belt,Accessories,29.0,Oregon,M,Olive,Fall,4.1,Yes,Credit Card,No,44,Every 3 Months,0,55-64,Low,Loyal (31+),1,90,0,1,Medium (3.5-4.4)
1467,30,Male,Skirt,Clothing,30.0,Ohio,M,White,Spring,3.3,Yes,Debit Card,Yes,23,Fortnightly,0,25-34,Low,Regular (16-30),1,14,1,1,Low (<3.5)
1468,27,Female,Jeans,Clothing,98.0,California,M,Gray,Spring,2.9,Yes,Debit Card,No,4,Annually,0,25-34,High,New (0-5),0,365,0,1,Low (<3.5)
1469,36,Female,Handbag,Accessories,98.0,Vermont,S,White,Spring,3.1,No,Credit Card,Yes,44,Quarterly,0,35-44,High,Loyal (31+),1,90,1,0,Low (<3.5)
1470,43,Female,Sweater,Clothing,77.0,Montana,S,White,Winter,3.2,No,Cash,Yes,33,Fortnightly,0,35-44,Mid-High,Loyal (31+),1,14,1,0,Low (<3.5)
1471,57,Male,Hoodie,Outerwear,25.0,Minnesota,XL,Pink,Spring,3.1,No,Cash,No,37,Weekly,0,55-64,Low,Loyal (31+),1,7,0,0,Low (<3.5)
1472,31,Female,Blouse,Clothing,60.0,Florida,M,Gray,Spring,4.2,No,Venmo,No,31,Monthly,0,25-34,Mid-Low,Loyal (31+),1,30,0,0,Medium (3.5-4.4)
1473,47,Female,Socks,Clothing,96.0,Maine,S,Teal,Summer,4.3,No,Venmo,Yes,24,Monthly,0,45-54,High,Regular (16-30),1,30,1,0,Medium (3.5-4.4)
1474,18,Male,Sneakers,Footwear,27.0,Ohio,M,Red,Summer,3.6,No,Debit Card,No,39,Annually,0,18-24,Low,Loyal (31+),1,365,0,0,Medium (3.5-4.4)
1475,19,Male,Sandals,Footwear,84.0,New York,M,Blue,Spring,5.0,No,Bank Transfer,Yes,18,Monthly,0,18-24,High,Regular (16-30),1,30,1,0,High (4.5+)
1476,69,Male,Boots,Footwear,21.0,New York,M,Teal,Summer,4.7,No,Debit Card,No,35,Bi-Weekly,0,65+,Low,Loyal (31+),1,14,0,0,High (4.5+)
1477,63,Female,Dress,Clothing,85.0,Vermont,S,Gray,Winter,2.7,No,PayPal,No,45,Bi-Weekly,0,55-64,High,Loyal (31+),1,14,0,0,Low (<3.5)
1478,63,Male,Jacket,Outerwear,64.0,Minnesota,L,Pink,Spring,3.7,No,Bank Transfer,No,42,Monthly,0,55-64,Mid-High,Loyal (31+),1,30,0,0,Medium (3.5-4.4)
1479,35,Male,Slippers,Footwear,91.0,Georgia,L,Black,Winter,4.8,Yes,Cash,Yes,28,Fortnightly,0,35-44,High,Regular (16-30),1,14,1,1,High (4.5+)
1480,45,Female,Sneakers,Footwear,53.0,Montana,M,Gray,Fall,3.1,No,Bank Transfer,Yes,2,Every 3 Months,0,45-54,Mid-Low,New (0-5),0,90,1,0,Low (<3.5)
1481,53,Female,Skirt,Clothing,83.0,Florida,L,Pink,Summer,3.4,No,Cash,No,1,Weekly,0,45-54,High,New (0-5),0,7,0,0,Low (<3.5)
1482,31,Female,Jeans,Clothing,88.0,Florida,M,Pink,Fall,4.9,Yes,PayPal,Yes,22,Every 3 Months,0,25-34,High,Regular (16-30),1,90,1,1,High (4.5+)
1483,57,Male,Sandals,Footwear,46.0,Florida,M,Olive,Summer,4.4,No,Debit Card,No,34,Fortnightly,0,55-64,Mid-Low,Loyal (31+),1,14,0,0,Medium (3.5-4.4)
1484,54,Male,Blouse,Clothing,72.0,New York,XL,White,Spring,4.6,No,Debit Card,No,5,Fortnightly,0,45-54,Mid-High,New (0-5),0,14,0,0,High (4.5+)
1485,39,Male,Jewelry,Accessories,57.0,Oregon,XL,Gray,Spring,4.7,No,Credit Card,Yes,21,Annually,0,35-44,Mid-Low,Regular (16-30),1,365,1,0,High (4.5+)
1486,41,Male,Shirt,Clothing,54.0,Nevada,M,Black,Spring,2.9,Yes,Credit Card,No,21,Bi-Weekly,0,35-44,Mid-Low,Regular (16-30),1,14,0,1,Low (<3.5)
1487,34,Female,Coat,Outerwear,84.0,Texas,M,Pink,Fall,4.2,Yes,Debit Card,Yes,23,Quarterly,0,25-34,High,Regular (16-30),1,90,1,1,Medium (3.5-4.4)
1488,60,Male,Sandals,Footwear,38.0,Utah,M,Olive,Spring,4.5,No,Credit Card,Yes,29,Bi-Weekly,0,55-64,Low,Regular (16-30),1,14,1,0,High (4.5+)
1489,70,Male,Belt,Accessories,29.0,Florida,M,White,Spring,3.7,No,Cash,No,14,Annually,1,65+,Low,Occasional (6-15),1,365,0,0,Medium (3.5-4.4)
1490,70,Male,Sneakers,Footwear,58.0,Oregon,L,Olive,Spring,2.6,Yes,Cash,No,30,Fortnightly,0,65+,Mid-Low,Regular (16-30),1,14,0,1,Low (<3.5)
1491,58,Male,Skirt,Clothing,86.0,Vermont,S,Olive,Spring,2.9,No,Cash,No,23,Monthly,0,55-64,High,Regular (16-30),1,30,0,0,Low (<3.5)
1492,36,Female,Gloves,Accessories,33.0,Illinois,XL,Black,Winter,4.4,No,Cash,No,47,Weekly,0,35-44,Low,Loyal (31+),1,7,0,0,Medium (3.5-4.4)
1493,59,Female,Handbag,Accessories,47.0,Texas,L,Black,Spring,4.2,No,Bank Transfer,Yes,17,Monthly,0,55-64,Mid-Low,Regular (16-30),1,30,1,0,Medium (3.5-4.4)
1494,30,Male,Gloves,Accessories,74.0,Florida,S,White,Fall,4.7,No,Venmo,No,47,Every 3 Months,0,25-34,Mid-High,Loyal (31+),1,90,0,0,High (4.5+)
1495,65,Male,Dress,Clothing,58.0,Oregon,L,Black,Summer,3.3,No,Bank Transfer,No,49,Monthly,0,65+,Mid-Low,Loyal (31+),1,30,0,0,Low (<3.5)
1496,32,Male,Sunglasses,Accessories,69.0,Idaho,L,Gray,Spring,4.1,Yes,Cash,No,16,Every 3 Months,0,25-34,Mid-High,Regular (16-30),1,90,0,1,Medium (3.5-4.4)
1497,39,Male,Backpack,Accessories,62.0,Maine,M,Teal,Summer,2.6,No,Cash,No,21,Every 3 Months,0,35-44,Mid-High,Regular (16-30),1,90,0,0,Low (<3.5)
1498,22,Female,Belt,Accessories,85.0,Illinois,M,Black,Spring,4.8,No,Venmo,Yes,35,Annually,0,18-24,High,Loyal (31+),1,365,1,0,High (4.5+)
1499,22,Male,Socks,Clothing,90.0,New York,L,Gray,Summer,3.9,No,PayPal,No,23,Annually,0,18-24,High,Regular (16-30),1,365,0,0,Medium (3.5-4.4)
1500,38,Male,Scarf,Accessories,56.0,Oregon,XL,Red,Winter,4.4,No,Bank Transfer,Yes,36,Annually,0,35-44,Mid-Low,Loyal (31+),1,365,1,0,Medium (3.5-4.4)
1501,47,Female,Sunglasses,Accessories,54.0,Alabama,M,Pink,Fall,3.2,No,Bank Transfer,No,13,Monthly,0,45-54,Mid-Low,Occasional (6-15),1,30,0,0,Low (<3.5)
1502,18,Male,Hoodie,Outerwear,42.0,Idaho,L,Red,Winter,2.7,Yes,PayPal,Yes,48,Annually,0,18-24,Mid-Low,Loyal (31+),1,365,1,1,Low (<3.5)
1503,62,Male,Skirt,Clothing,55.0,Florida,L,Olive,Fall,2.7,Yes,Credit Card,Yes,35,Quarterly,0,55-64,Mid-Low,Loyal (31+),1,90,1,1,Low (<3.5)
1504,24,Male,Socks,Clothing,87.0,Alabama,XL,Teal,Winter,4.5,No,Cash,Yes,5,Weekly,0,18-24,High,New (0-5),0,7,1,0,High (4.5+)
1505,70,Male,Scarf,Accessories,60.0,Georgia,S,White,Spring,2.9,Yes,PayPal,No,13,Weekly,0,65+,Mid-Low,Occasional (6-15),1,7,0,1,Low (<3.5)
1506,32,Male,Sandals,Footwear,75.0,Utah,M,Blue,Spring,4.6,No,Credit Card,Yes,31,Bi-Weekly,0,25-34,Mid-High,Loyal (31+),1,14,1,0,High (4.5+)
1507,38,Female,Handbag,Accessories,53.0,Minnesota,L,Blue,Summer,3.2,Yes,Debit Card,Yes,15,Monthly,0,35-44,Mid-Low,Occasional (6-15),1,30,1,1,Low (<3.5)
1508,26,Female,Sandals,Footwear,77.0,Oregon,S,White,Fall,3.9,No,PayPal,No,21,Weekly,0,25-34,Mid-High,Regular (16-30),1,7,0,0,Medium (3.5-4.4)
1509,61,Male,Sweater,Clothing,77.0,Illinois,M,Olive,Winter,3.2,No,Cash,Yes,33,Quarterly,0,55-64,Mid-High,Loyal (31+),1,90,1,0,Low (<3.5)
1510,56,Male,Scarf,Accessories,62.0,Utah,M,Black,Spring,2.6,Yes,Bank Transfer,No,18,Quarterly,0,55-64,Mid-High,Regular (16-30),1,90,0,1,Low (<3.5)
1511,22,Male,T-shirt,Clothing,95.0,Illinois,M,Red,Spring,3.9,Yes,Cash,Yes,46,Quarterly,0,18-24,High,Loyal (31+),1,90,1,1,Medium (3.5-4.4)
1512,23,Male,Socks,Clothing,90.0,Utah,L,Black,Winter,3.4,Yes,Credit Card,No,31,Annually,0,18-24,High,Loyal (31+),1,365,0,1,Low (<3.5)
1513,50,Male,Scarf,Accessories,32.0,Maine,S,Gray,Fall,3.6,Yes,PayPal,No,21,Bi-Weekly,0,45-54,Low,Regular (16-30),1,14,0,1,Medium (3.5-4.4)
1514,63,Male,Gloves,Accessories,38.0,Minnesota,L,Pink,Summer,4.0,Yes,PayPal,No,14,Weekly,0,55-64,Low,Occasional (6-15),1,7,0,1,Medium (3.5-4.4)
1515,23,Male,Jewelry,Accessories,97.0,Georgia,M,Red,Spring,3.3,No,Venmo,Yes,15,Annually,0,18-24,High,Occasional (6-15),1,365,1,0,Low (<3.5)
1516,29,Female,Dress,Clothing,52.0,Florida,L,Red,Fall,3.9,No,Cash,No,2,Monthly,0,25-34,Mid-Low,New (0-5),0,30,0,0,Medium (3.5-4.4)
1517,46,Female,Shorts,Clothing,45.0,Florida,M,Red,Winter,4.1,No,Credit Card,Yes,5,Quarterly,0,45-54,Mid-Low,New (0-5),0,90,1,0,Medium (3.5-4.4)
1518,23,Male,Coat,Outerwear,84.0,New York,S,White,Spring,2.7,No,PayPal,No,39,Monthly,0,18-24,High,Loyal (31+),1,30,0,0,Low (<3.5)
1519,34,Female,Shirt,Clothing,68.0,Illinois,XL,Red,Spring,3.4,No,Cash,Yes,39,Monthly,0,25-34,Mid-High,Loyal (31+),1,30,1,0,Low (<3.5)
1520,18,Male,Dress,Clothing,30.0,Oregon,L,Teal,Winter,2.7,No,Venmo,No,5,Fortnightly,0,18-24,Low,New (0-5),0,14,0,0,Low (<3.5)
1521,44,Female,Jeans,Clothing,27.0,Montana,M,Black,Winter,2.5,No,Cash,Yes,28,Monthly,0,35-44,Low,Regular (16-30),1,30,1,0,Low (<3.5)
1522,55,Male,Boots,Footwear,85.0,Minnesota,M,Pink,Spring,2.6,No,Bank Transfer,No,17,Every 3 Months,0,55-64,High,Regular (16-30),1,90,0,0,Low (<3.5)
1523,39,Male,Backpack,Accessories,81.0,Idaho,M,White,Fall,4.0,No,Cash,Yes,35,Weekly,0,35-44,High,Loyal (31+),1,7,1,0,Medium (3.5-4.4)
1524,31,Male,Gloves,Accessories,48.0,Montana,XL,Black,Winter,2.7,No,Debit Card,No,30,Bi-Weekly,0,25-34,Mid-Low,Regular (16-30),1,14,0,0,Low (<3.5)
1525,40,Male,Scarf,Accessories,89.0,Montana,M,Blue,Spring,4.7,No,Venmo,Yes,40,Annually,0,35-44,High,Loyal (31+),1,365,1,0,High (4.5+)
1526,45,Male,Shirt,Clothing,30.0,California,XL,Blue,Spring,4.4,No,Cash,No,32,Bi-Weekly,0,45-54,Low,Loyal (31+),1,14,0,0,Medium (3.5-4.4)
1527,26,Male,Dress,Clothing,90.0,Vermont,M,Blue,Spring,2.5,No,Credit Card,No,10,Fortnightly,0,25-34,High,Occasional (6-15),1,14,0,0,Low (<3.5)
1528,23,Male,Sandals,Footwear,26.0,Maine,L,Pink,Winter,3.9,No,Debit Card,No,34,Annually,0,18-24,Low,Loyal (31+),1,365,0,0,Medium (3.5-4.4)
1529,27,Male,Shirt,Clothing,71.0,Vermont,M,Teal,Winter,2.5,No,Bank Transfer,Yes,42,Weekly,0,25-34,Mid-High,Loyal (31+),1,7,1,0,Low (<3.5)
1530,70,Male,Skirt,Clothing,88.0,California,S,Olive,Spring,2.8,Yes,Bank Transfer,No,50,Fortnightly,0,65+,High,Loyal (31+),1,14,0,1,Low (<3.5)
1531,56,Male,Dress,Clothing,70.0,Vermont,XL,White,Spring,5.0,No,Debit Card,Yes,36,Monthly,0,55-64,Mid-High,Loyal (31+),1,30,1,0,High (4.5+)
1532,24,Male,Shirt,Clothing,83.0,Texas,S,Teal,Fall,3.6,No,PayPal,No,21,Bi-Weekly,0,18-24,High,Regular (16-30),1,14,0,0,Medium (3.5-4.4)
1533,33,Male,Boots,Footwear,47.0,Maine,XL,Pink,Winter,2.6,Yes,Cash,Yes,26,Bi-Weekly,0,25-34,Mid-Low,Regular (16-30),1,14,1,1,Low (<3.5)
1534,39,Male,Backpack,Accessories,43.0,Georgia,S,Black,Winter,4.6,Yes,Debit Card,No,7,Every 3 Months,0,35-44,Mid-Low,Occasional (6-15),0,90,0,1,High (4.5+)
1535,27,Male,Shorts,Clothing,41.0,Alabama,M,Red,Spring,4.8,No,Debit Card,No,32,Monthly,0,25-34,Mid-Low,Loyal (31+),1,30,0,0,High (4.5+)
1536,63,Female,Sneakers,Footwear,29.0,Oregon,XL,Pink,Summer,3.9,No,Venmo,Yes,7,Monthly,0,55-64,Low,Occasional (6-15),0,30,1,0,Medium (3.5-4.4)
1537,67,Male,Scarf,Accessories,42.0,Florida,L,Black,Spring,4.3,No,Credit Card,No,14,Quarterly,0,65+,Mid-Low,Occasional (6-15),1,90,0,0,Medium (3.5-4.4)
1538,30,Male,Backpack,Accessories,40.0,New York,M,Black,Spring,4.5,Yes,Debit Card,Yes,26,Quarterly,0,25-34,Mid-Low,Regular (16-30),1,90,1,1,High (4.5+)
1539,18,Male,Handbag,Accessories,81.0,Nevada,M,Gray,Fall,4.3,Yes,Venmo,Yes,24,Quarterly,0,18-24,High,Regular (16-30),1,90,1,1,Medium (3.5-4.4)
1540,32,Male,Sneakers,Footwear,37.0,Illinois,M,Blue,Summer,3.7,No,Credit Card,No,20,Monthly,0,25-34,Low,Regular (16-30),1,30,0,0,Medium (3.5-4.4)
1541,48,Male,Handbag,Accessories,33.0,Idaho,L,Red,Fall,4.6,No,Venmo,No,33,Monthly,0,45-54,Low,Loyal (31+),1,30,0,0,High (4.5+)
1542,60,Male,Dress,Clothing,79.0,Utah,S,Pink,Summer,3.8,No,Debit Card,No,46,Fortnightly,0,55-64,Mid-High,Loyal (31+),1,14,0,0,Medium (3.5-4.4)
1543,35,Female,Shirt,Clothing,63.0,Oregon,M,Gray,Fall,3.1,Yes,Bank Transfer,Yes,47,Bi-Weekly,0,35-44,Mid-High,Loyal (31+),1,14,1,1,Low (<3.5)
1544,32,Male,Pants,Clothing,37.0,Texas,S,Olive,Fall,2.5,Yes,Debit Card,Yes,26,Fortnightly,0,25-34,Low,Regular (16-30),1,14,1,1,Low (<3.5)
1545,31,Male,Slippers,Footwear,77.0,Oregon,L,White,Spring,3.4,Yes,PayPal,No,28,Weekly,0,25-34,Mid-High,Regular (16-30),1,7,0,1,Low (<3.5)
1546,18,Male,Blouse,Clothing,37.0,New York,XL,Black,Spring,2.7,No,Debit Card,No,23,Every 3 Months,0,18-24,Low,Regular (16-30),1,90,0,0,Low (<3.5)
1547,18,Male,Socks,Clothing,83.0,Illinois,L,Blue,Summer,2.7,No,Debit Card,No,45,Every 3 Months,0,18-24,High,Loyal (31+),1,90,0,0,Low (<3.5)
1548,40,Female,Belt,Accessories,22.0,Vermont,M,White,Spring,3.7,No,PayPal,No,44,Fortnightly,0,35-44,Low,Loyal (31+),1,14,0,0,Medium (3.5-4.4)
1549,50,Female,Blouse,Clothing,67.0,Vermont,M,Blue,Spring,4.9,No,Debit Card,No,3,Monthly,0,45-54,Mid-High,New (0-5),0,30,0,0,High (4.5+)
1550,18,Male,Sweater,Clothing,68.0,Illinois,S,Pink,Summer,2.8,No,Credit Card,Yes,40,Annually,0,18-24,Mid-High,Loyal (31+),1,365,1,0,Low (<3.5)
1551,28,Female,Sweater,Clothing,50.0,Maine,L,White,Summer,3.2,Yes,Debit Card,No,2,Monthly,0,25-34,Mid-Low,New (0-5),0,30,0,1,Low (<3.5)
1552,66,Male,Dress,Clothing,75.0,Nevada,S,White,Summer,4.6,No,Debit Card,No,36,Weekly,0,65+,Mid-High,Loyal (31+),1,7,0,0,High (4.5+)
1553,70,Male,Blouse,Clothing,50.0,Oregon,L,White,Spring,3.5,Yes,Bank Transfer,Yes,17,Quarterly,0,65+,Mid-Low,Regular (16-30),1,90,1,1,Medium (3.5-4.4)
1554,52,Female,Dress,Clothing,72.0,California,M,Blue,Spring,4.4,No,Venmo,Yes,27,Annually,0,45-54,Mid-High,Regular (16-30),1,365,1,0,Medium (3.5-4.4)
1555,45,Female,Shirt,Clothing,38.0,Nevada,XL,White,Winter,3.9,No,Credit Card,No,40,Fortnightly,0,45-54,Low,Loyal (31+),1,14,0,0,Medium (3.5-4.4)
1556,48,Male,Sunglasses,Accessories,66.0,California,M,White,Fall,4.0,No,Bank Transfer,No,12,Annually,0,45-54,Mid-High,Occasional (6-15),1,365,0,0,Medium (3.5-4.4)
1557,37,Female,Hoodie,Outerwear,81.0,Georgia,M,Gray,Summer,2.9,No,Cash,Yes,7,Every 3 Months,0,35-44,High,Occasional (6-15),0,90,1,0,Low (<3.5)
1558,28,Male,Sandals,Footwear,98.0,New York,XL,Black,Spring,3.4,No,Cash,Yes,29,Weekly,0,25-34,High,Regular (16-30),1,7,1,0,Low (<3.5)
1559,37,Male,Backpack,Accessories,49.0,Alabama,XL,White,Summer,4.1,No,Bank Transfer,No,42,Annually,0,35-44,Mid-Low,Loyal (31+),1,365,0,0,Medium (3.5-4.4)
1560,55,Male,Backpack,Accessories,58.0,Oregon,M,Pink,Winter,2.6,No,PayPal,No,6,Quarterly,0,55-64,Mid-Low,Occasional (6-15),0,90,0,0,Low (<3.5)
1561,53,Male,Hoodie,Outerwear,58.0,Vermont,L,Black,Winter,3.0,Yes,Venmo,No,20,Fortnightly,0,45-54,Mid-Low,Regular (16-30),1,14,0,1,Low (<3.5)
1562,53,Male,Gloves,Accessories,89.0,Minnesota,L,Black,Winter,3.5,No,Debit Card,No,27,Every 3 Months,0,45-54,High,Regular (16-30),1,90,0,0,Medium (3.5-4.4)
1563,50,Male,Gloves,Accessories,97.0,Oregon,M,Black,Spring,4.2,No,Venmo,No,12,Every 3 Months,0,45-54,High,Occasional (6-15),1,90,0,0,Medium (3.5-4.4)
1564,21,Male,Jewelry,Accessories,72.0,Oregon,S,Gray,Summer,3.8,No,Debit Card,No,43,Quarterly,0,18-24,Mid-High,Loyal (31+),1,90,0,0,Medium (3.5-4.4)
1565,51,Female,Belt,Accessories,86.0,Nevada,L,Olive,Spring,4.3,No,Debit Card,Yes,30,Annually,0,45-54,High,Regular (16-30),1,365,1,0,Medium (3.5-4.4)
1566,64,Male,Boots,Footwear,26.0,Maine,L,Olive,Winter,4.3,No,Venmo,No,26,Annually,0,55-64,Low,Regular (16-30),1,365,0,0,Medium (3.5-4.4)
1567,52,Female,Pants,Clothing,81.0,Idaho,S,Olive,Spring,2.6,No,Credit Card,No,7,Bi-Weekly,0,45-54,High,Occasional (6-15),0,14,0,0,Low (<3.5)
1568,48,Female,T-shirt,Clothing,85.0,Utah,M,Black,Fall,4.8,No,Debit Card,No,4,Weekly,0,45-54,High,New (0-5),0,7,0,0,High (4.5+)
1569,29,Female,Boots,Footwear,77.0,New York,L,Blue,Summer,4.6,Yes,Debit Card,No,9,Every 3 Months,0,25-34,Mid-High,Occasional (6-15),0,90,0,1,High (4.5+)
1570,60,Female,Slippers,Footwear,67.0,Montana,S,Olive,Fall,3.2,Yes,PayPal,Yes,2,Annually,0,55-64,Mid-High,New (0-5),0,365,1,1,Low (<3.5)
1571,41,Female,Pants,Clothing,92.0,Vermont,L,Olive,Winter,3.7,No,Debit Card,Yes,27,Bi-Weekly,0,35-44,High,Regular (16-30),1,14,1,0,Medium (3.5-4.4)
1572,31,Male,Sneakers,Footwear,72.0,Maine,L,Blue,Summer,3.3,No,PayPal,No,44,Monthly,0,25-34,Mid-High,Loyal (31+),1,30,0,0,Low (<3.5)
1573,43,Female,Sandals,Footwear,88.0,Georgia,M,Pink,Spring,4.8,No,PayPal,Yes,38,Monthly,0,35-44,High,Loyal (31+),1,30,1,0,High (4.5+)
1574,24,Female,Belt,Accessories,34.0,Idaho,M,Pink,Fall,3.5,No,Credit Card,Yes,12,Bi-Weekly,0,18-24,Low,Occasional (6-15),1,14,1,0,Medium (3.5-4.4)
1575,67,Male,Jeans,Clothing,73.0,Maine,M,Pink,Fall,3.5,Yes,Venmo,No,10,Monthly,0,65+,Mid-High,Occasional (6-15),1,30,0,1,Medium (3.5-4.4)
1576,55,Male,Shirt,Clothing,55.0,Oregon,M,Pink,Spring,4.8,No,PayPal,Yes,27,Monthly,0,55-64,Mid-Low,Regular (16-30),1,30,1,0,High (4.5+)
1577,35,Female,Scarf,Accessories,90.0,Utah,M,Teal,Spring,4.0,No,Debit Card,Yes,39,Annually,0,35-44,High,Loyal (31+),1,365,1,0,Medium (3.5-4.4)
1578,60,Male,Backpack,Accessories,91.0,Minnesota,L,Pink,Fall,2.8,No,Venmo,Yes,39,Bi-Weekly,0,55-64,High,Loyal (31+),1,14,1,0,Low (<3.5)
1579,20,Male,Hoodie,Outerwear,88.0,Utah,L,Gray,Fall,4.1,No,Cash,Yes,27,Fortnightly,0,18-24,High,Regular (16-30),1,14,1,0,Medium (3.5-4.4)
1580,38,Male,Handbag,Accessories,37.0,Oregon,S,Red,Spring,4.5,No,PayPal,Yes,13,Monthly,0,35-44,Low,Occasional (6-15),1,30,1,0,High (4.5+)
1581,52,Male,Jewelry,Accessories,59.0,Alabama,L,Blue,Fall,3.3,No,Bank Transfer,Yes,25,Weekly,0,45-54,Mid-Low,Regular (16-30),1,7,1,0,Low (<3.5)
1582,19,Male,Shirt,Clothing,20.0,Illinois,M,Pink,Summer,3.8,No,Bank Transfer,No,37,Fortnightly,0,18-24,Low,Loyal (31+),1,14,0,0,Medium (3.5-4.4)
1583,55,Male,T-shirt,Clothing,99.0,Utah,L,Blue,Spring,4.1,No,Cash,No,44,Quarterly,0,55-64,High,Loyal (31+),1,90,0,0,Medium (3.5-4.4)
1584,61,Female,Jeans,Clothing,40.0,Florida,S,Olive,Fall,3.8,No,PayPal,No,4,Every 3 Months,0,55-64,Mid-Low,New (0-5),0,90,0,0,Medium (3.5-4.4)
1585,49,Male,Scarf,Accessories,70.0,California,M,Gray,Fall,5.0,No,Debit Card,No,39,Weekly,0,45-54,Mid-High,Loyal (31+),1,7,0,0,High (4.5+)
1586,28,Male,Hoodie,Outerwear,59.0,Idaho,M,Red,Spring,3.8,No,Debit Card,No,38,Bi-Weekly,0,25-34,Mid-Low,Loyal (31+),1,14,0,0,Medium (3.5-4.4)
1587,57,Female,T-shirt,Clothing,93.0,Georgia,M,Red,Fall,4.1,No,Cash,No,11,Fortnightly,0,55-64,High,Occasional (6-15),1,14,0,0,Medium (3.5-4.4)
1588,35,Female,Slippers,Footwear,86.0,Idaho,XL,Black,Spring,4.5,Yes,Venmo,No,4,Monthly,0,35-44,High,New (0-5),0,30,0,1,High (4.5+)
1589,57,Male,Shirt,Clothing,82.0,Illinois,S,Olive,Fall,2.8,No,Debit Card,No,16,Quarterly,0,55-64,High,Regular (16-30),1,90,0,0,Low (<3.5)
1590,51,Male,Pants,Clothing,72.0,Texas,S,Black,Winter,2.6,No,PayPal,Yes,14,Annually,0,45-54,Mid-High,Occasional (6-15),1,365,1,0,Low (<3.5)
1591,22,Male,Pants,Clothing,29.0,Georgia,L,Black,Winter,4.9,No,Bank Transfer,No,6,Annually,0,18-24,Low,Occasional (6-15),0,365,0,0,High (4.5+)
1592,23,Female,Sweater,Clothing,94.0,Minnesota,M,Blue,Summer,4.3,No,Venmo,No,13,Annually,0,18-24,High,Occasional (6-15),1,365,0,0,Medium (3.5-4.4)
1593,18,Male,Coat,Outerwear,25.0,Florida,M,Gray,Summer,3.5,Yes,Credit Card,No,10,Bi-Weekly,0,18-24,Low,Occasional (6-15),1,14,0,1,Medium (3.5-4.4)
1594,21,Male,Shirt,Clothing,56.0,Oregon,M,Blue,Spring,2.5,Yes,Bank Transfer,No,45,Every 3 Months,0,18-24,Mid-Low,Loyal (31+),1,90,0,1,Low (<3.5)
1595,33,Female,Sunglasses,Accessories,50.0,Texas,S,Teal,Winter,2.9,No,Bank Transfer,No,5,Bi-Weekly,0,25-34,Mid-Low,New (0-5),0,14,0,0,Low (<3.5)
1596,19,Male,Scarf,Accessories,51.0,Florida,L,Teal,Summer,2.5,No,Bank Transfer,No,27,Weekly,0,18-24,Mid-Low,Regular (16-30),1,7,0,0,Low (<3.5)
1597,67,Male,Jeans,Clothing,99.0,Illinois,M,Red,Winter,3.5,No,Debit Card,No,17,Annually,0,65+,High,Regular (16-30),1,365,0,0,Medium (3.5-4.4)
1598,66,Female,Skirt,Clothing,38.0,Texas,M,Teal,Winter,3.9,Yes,PayPal,No,43,Annually,0,65+,Low,Loyal (31+),1,365,0,1,Medium (3.5-4.4)
1599,27,Female,Gloves,Accessories,66.0,Montana,M,Black,Summer,2.9,No,Venmo,No,24,Fortnightly,0,25-34,Mid-High,Regular (16-30),1,14,0,0,Low (<3.5)
1600,34,Male,T-shirt,Clothing,37.0,Oregon,XL,White,Fall,4.1,No,Venmo,Yes,30,Fortnightly,0,25-34,Low,Regular (16-30),1,14,1,0,Medium (3.5-4.4)
1601,57,Male,Scarf,Accessories,93.0,Maine,L,Blue,Summer,4.9,No,Venmo,No,20,Annually,0,55-64,High,Regular (16-30),1,365,0,0,High (4.5+)
1602,53,Male,Shorts,Clothing,79.0,Maine,S,Teal,Fall,5.0,No,Credit Card,No,41,Monthly,0,45-54,Mid-High,Loyal (31+),1,30,0,0,High (4.5+)
1603,48,Male,Gloves,Accessories,53.0,Montana,L,Gray,Spring,4.6,No,PayPal,Yes,34,Every 3 Months,0,45-54,Mid-Low,Loyal (31+),1,90,1,0,High (4.5+)
1604,70,Male,Scarf,Accessories,26.0,Utah,S,Olive,Winter,3.6,No,Cash,Yes,28,Annually,0,65+,Low,Regular (16-30),1,365,1,0,Medium (3.5-4.4)
1605,51,Female,T-shirt,Clothing,32.0,New York,M,Olive,Spring,3.9,No,Venmo,No,20,Monthly,0,45-54,Low,Regular (16-30),1,30,0,0,Medium (3.5-4.4)
1606,53,Male,Pants,Clothing,39.0,California,L,Red,Fall,3.8,No,PayPal,Yes,23,Weekly,0,45-54,Low,Regular (16-30),1,7,1,0,Medium (3.5-4.4)
1607,44,Male,Hoodie,Outerwear,52.0,Ohio,XL,Teal,Winter,2.9,Yes,Debit Card,Yes,13,Quarterly,0,35-44,Mid-Low,Occasional (6-15),1,90,1,1,Low (<3.5)
1608,45,Male,Pants,Clothing,91.0,Texas,S,Teal,Winter,4.6,No,Bank Transfer,Yes,33,Weekly,0,45-54,High,Loyal (31+),1,7,1,0,High (4.5+)
1609,33,Female,Jeans,Clothing,29.0,New York,L,Red,Winter,4.2,Yes,Cash,Yes,15,Quarterly,0,25-34,Low,Occasional (6-15),1,90,1,1,Medium (3.5-4.4)
1610,45,Male,Dress,Clothing,66.0,Oregon,L,Olive,Fall,4.1,Yes,Venmo,No,15,Quarterly,0,45-54,Mid-High,Occasional (6-15),1,90,0,1,Medium (3.5-4.4)
1611,66,Male,Socks,Clothing,48.0,Ohio,L,Gray,Winter,3.1,Yes,PayPal,No,24,Monthly,0,65+,Mid-Low,Regular (16-30),1,30,0,1,Low (<3.5)
1612,37,Male,Belt,Accessories,23.0,Illinois,L,Gray,Winter,2.9,Yes,PayPal,No,46,Monthly,0,35-44,Low,Loyal (31+),1,30,0,1,Low (<3.5)
1613,25,Male,Backpack,Accessories,70.0,Texas,M,Black,Summer,4.7,No,Credit Card,Yes,22,Annually,0,25-34,Mid-High,Regular (16-30),1,365,1,0,High (4.5+)
1614,49,Female,Blouse,Clothing,77.0,Alabama,XL,White,Fall,2.9,Yes,Bank Transfer,No,46,Bi-Weekly,0,45-54,Mid-High,Loyal (31+),1,14,0,1,Low (<3.5)
1615,59,Female,Hat,Accessories,97.0,California,M,Teal,Summer,2.7,Yes,PayPal,Yes,27,Every 3 Months,0,55-64,High,Regular (16-30),1,90,1,1,Low (<3.5)
1616,68,Male,Shirt,Clothing,61.0,Alabama,M,White,Summer,4.1,Yes,Debit Card,No,4,Every 3 Months,0,65+,Mid-High,New (0-5),0,90,0,1,Medium (3.5-4.4)
1617,46,Male,Shirt,Clothing,46.0,Utah,M,Olive,Winter,4.3,Yes,Venmo,Yes,30,Annually,0,45-54,Mid-Low,Regular (16-30),1,365,1,1,Medium (3.5-4.4)
1618,59,Female,Sandals,Footwear,89.0,Texas,L,Teal,Spring,2.8,No,Credit Card,No,46,Annually,0,55-64,High,Loyal (31+),1,365,0,0,Low (<3.5)
1619,31,Male,Jacket,Outerwear,40.0,Minnesota,S,Gray,Spring,3.0,No,Credit Card,No,45,Quarterly,0,25-34,Mid-Low,Loyal (31+),1,90,0,0,Low (<3.5)
1620,40,Female,Pants,Clothing,75.0,Minnesota,M,White,Spring,4.5,No,Debit Card,No,10,Annually,0,35-44,Mid-High,Occasional (6-15),1,365,0,0,High (4.5+)
1621,40,Male,Shirt,Clothing,96.0,Georgia,L,Pink,Spring,4.8,Yes,Debit Card,No,14,Quarterly,0,35-44,High,Occasional (6-15),1,90,0,1,High (4.5+)
1622,35,Male,Boots,Footwear,20.0,Florida,M,Black,Fall,3.7,No,Venmo,No,35,Weekly,0,35-44,Low,Loyal (31+),1,7,0,0,Medium (3.5-4.4)
1623,55,Male,Scarf,Accessories,94.0,Maine,M,Olive,Winter,4.5,No,Cash,No,22,Weekly,0,55-64,High,Regular (16-30),1,7,0,0,High (4.5+)
1624,64,Male,Jeans,Clothing,36.0,Texas,M,Blue,Winter,3.3,Yes,Cash,No,42,Quarterly,0,55-64,Low,Loyal (31+),1,90,0,1,Low (<3.5)
1625,35,Male,Jeans,Clothing,59.0,Vermont,L,Olive,Winter,4.3,No,Debit Card,No,27,Monthly,0,35-44,Mid-Low,Regular (16-30),1,30,0,0,Medium (3.5-4.4)
1626,25,Female,Hat,Accessories,40.0,Florida,M,Red,Winter,3.9,No,PayPal,No,13,Annually,0,25-34,Mid-Low,Occasional (6-15),1,365,0,0,Medium (3.5-4.4)
1627,61,Male,Shirt,Clothing,31.0,New York,M,Gray,Summer,4.6,No,Credit Card,No,17,Monthly,0,55-64,Low,Regular (16-30),1,30,0,0,High (4.5+)
1628,63,Male,Shorts,Clothing,76.0,Alabama,M,Red,Winter,4.4,No,PayPal,No,6,Fortnightly,0,55-64,Mid-High,Occasional (6-15),0,14,0,0,Medium (3.5-4.4)
1629,67,Female,Shirt,Clothing,59.0,Montana,XL,Gray,Summer,3.2,No,PayPal,Yes,15,Every 3 Months,0,65+,Mid-Low,Occasional (6-15),1,90,1,0,Low (<3.5)
1630,31,Female,Skirt,Clothing,61.0,Maine,L,Teal,Fall,2.9,Yes,PayPal,Yes,38,Monthly,0,25-34,Mid-High,Loyal (31+),1,30,1,1,Low (<3.5)
1631,56,Male,Sandals,Footwear,59.0,Utah,M,Pink,Spring,4.5,Yes,Cash,No,12,Annually,0,55-64,Mid-Low,Occasional (6-15),1,365,0,1,High (4.5+)
1632,55,Male,Sunglasses,Accessories,80.0,Florida,L,Red,Winter,2.6,No,Debit Card,No,23,Weekly,0,55-64,Mid-High,Regular (16-30),1,7,0,0,Low (<3.5)
1633,59,Male,Backpack,Accessories,98.0,Nevada,L,Teal,Winter,4.2,No,Debit Card,No,9,Weekly,0,55-64,High,Occasional (6-15),0,7,0,0,Medium (3.5-4.4)
1634,60,Male,Belt,Accessories,61.0,Idaho,L,Teal,Fall,3.7,No,PayPal,No,25,Weekly,0,55-64,Mid-High,Regular (16-30),1,7,0,0,Medium (3.5-4.4)
1635,68,Female,Coat,Outerwear,32.0,Florida,M,Olive,Spring,2.7,No,Cash,Yes,49,Annually,0,65+,Low,Loyal (31+),1,365,1,0,Low (<3.5)
1636,43,Male,Skirt,Clothing,46.0,Illinois,S,Gray,Summer,4.2,No,Cash,No,39,Weekly,0,35-44,Mid-Low,Loyal (31+),1,7,0,0,Medium (3.5-4.4)
1637,22,Male,Blouse,Clothing,60.0,Texas,L,Black,Fall,3.7,Yes,Cash,No,39,Quarterly,0,18-24,Mid-Low,Loyal (31+),1,90,0,1,Medium (3.5-4.4)
1638,28,Female,Coat,Outerwear,28.0,Alabama,M,Gray,Summer,4.7,No,Bank Transfer,No,13,Quarterly,0,25-34,Low,Occasional (6-15),1,90,0,0,High (4.5+)
1639,64,Male,Pants,Clothing,38.0,Georgia,M,White,Fall,3.0,Yes,Bank Transfer,Yes,16,Annually,0,55-64,Low,Regular (16-30),1,365,1,1,Low (<3.5)
1640,62,Male,Sunglasses,Accessories,36.0,Utah,S,White,Summer,2.5,No,Bank Transfer,No,5,Quarterly,0,55-64,Low,New (0-5),0,90,0,0,Low (<3.5)
1641,18,Male,Scarf,Accessories,98.0,Illinois,M,Pink,Winter,2.8,No,Cash,Yes,47,Weekly,0,18-24,High,Loyal (31+),1,7,1,0,Low (<3.5)
1642,37,Female,Shirt,Clothing,52.0,Minnesota,M,Blue,Spring,3.2,Yes,Debit Card,No,48,Weekly,0,35-44,Mid-Low,Loyal (31+),1,7,0,1,Low (<3.5)
1643,30,Female,Sandals,Footwear,91.0,Utah,S,Gray,Summer,4.1,Yes,Debit Card,No,17,Weekly,0,25-34,High,Regular (16-30),1,7,0,1,Medium (3.5-4.4)
1644,34,Male,Skirt,Clothing,64.0,Montana,L,Pink,Spring,3.4,No,Debit Card,No,35,Quarterly,0,25-34,Mid-High,Loyal (31+),1,90,0,0,Low (<3.5)
1645,51,Female,T-shirt,Clothing,60.0,Ohio,L,Gray,Fall,2.8,No,Credit Card,Yes,11,Monthly,0,45-54,Mid-Low,Occasional (6-15),1,30,1,0,Low (<3.5)
1646,45,Male,Sneakers,Footwear,96.0,Idaho,M,Pink,Summer,5.0,Yes,Bank Transfer,No,33,Weekly,0,45-54,High,Loyal (31+),1,7,0,1,High (4.5+)
1647,43,Male,Shorts,Clothing,76.0,New York,S,Pink,Summer,2.8,Yes,Bank Transfer,No,5,Weekly,0,35-44,Mid-High,New (0-5),0,7,0,1,Low (<3.5)
1648,41,Male,Hat,Accessories,39.0,Montana,S,Red,Spring,3.4,No,Debit Card,No,17,Fortnightly,0,35-44,Low,Regular (16-30),1,14,0,0,Low (<3.5)
1649,52,Male,Backpack,Accessories,42.0,Idaho,M,Teal,Winter,4.7,No,Venmo,Yes,20,Monthly,0,45-54,Mid-Low,Regular (16-30),1,30,1,0,High (4.5+)
1650,54,Male,Jewelry,Accessories,73.0,New York,L,Teal,Spring,4.1,No,Cash,No,50,Annually,0,45-54,Mid-High,Loyal (31+),1,365,0,0,Medium (3.5-4.4)
1651,20,Female,T-shirt,Clothing,20.0,Montana,L,Blue,Winter,3.3,No,PayPal,No,24,Every 3 Months,0,18-24,Low,Regular (16-30),1,90,0,0,Low (<3.5)
1652,25,Male,Pants,Clothing,32.0,Maine,L,Pink,Winter,4.9,No,Credit Card,Yes,12,Monthly,0,25-34,Low,Occasional (6-15),1,30,1,0,High (4.5+)
1653,36,Female,T-shirt,Clothing,26.0,Texas,XL,White,Winter,3.8,No,Bank Transfer,No,3,Bi-Weekly,0,35-44,Low,New (0-5),0,14,0,0,Medium (3.5-4.4)
1654,41,Male,Socks,Clothing,77.0,Nevada,M,Black,Summer,2.5,Yes,PayPal,No,9,Every 3 Months,0,35-44,Mid-High,Occasional (6-15),0,90,0,1,Low (<3.5)
1655,70,Male,Jacket,Outerwear,55.0,Nevada,L,Gray,Fall,2.5,Yes,Cash,No,13,Annually,0,65+,Mid-Low,Occasional (6-15),1,365,0,1,Low (<3.5)
1656,65,Male,Jeans,Clothing,20.0,Georgia,M,Gray,Winter,4.9,Yes,Cash,No,16,Bi-Weekly,0,65+,Low,Regular (16-30),1,14,0,1,High (4.5+)
1657,52,Male,Blouse,Clothing,80.0,Georgia,M,Gray,Spring,3.2,No,Debit Card,No,7,Monthly,0,45-54,Mid-High,Occasional (6-15),0,30,0,0,Low (<3.5)
1658,19,Male,Hat,Accessories,73.0,Montana,M,Pink,Spring,4.5,No,PayPal,No,37,Weekly,0,18-24,Mid-High,Loyal (31+),1,7,0,0,High (4.5+)
1659,23,Male,T-shirt,Clothing,78.0,Florida,M,Red,Spring,2.6,Yes,PayPal,No,20,Weekly,0,18-24,Mid-High,Regular (16-30),1,7,0,1,Low (<3.5)
1660,42,Female,Shirt,Clothing,33.0,Nevada,L,Pink,Winter,2.9,No,PayPal,Yes,12,Annually,0,35-44,Low,Occasional (6-15),1,365,1,0,Low (<3.5)
1661,49,Female,Dress,Clothing,90.0,Maine,L,Teal,Spring,4.6,Yes,PayPal,Yes,27,Fortnightly,0,45-54,High,Regular (16-30),1,14,1,1,High (4.5+)
1662,53,Male,Belt,Accessories,34.0,Maine,M,Black,Winter,5.0,No,Credit Card,No,16,Fortnightly,0,45-54,Low,Regular (16-30),1,14,0,0,High (4.5+)
1663,25,Male,Scarf,Accessories,66.0,Oregon,S,Red,Winter,2.6,No,Cash,Yes,35,Bi-Weekly,0,25-34,Mid-High,Loyal (31+),1,14,1,0,Low (<3.5)
1664,65,Male,Shorts,Clothing,65.0,Florida,M,White,Winter,2.9,No,Venmo,Yes,27,Bi-Weekly,0,65+,Mid-High,Regular (16-30),1,14,1,0,Low (<3.5)
1665,44,Female,Jewelry,Accessories,37.0,Illinois,L,Olive,Fall,4.3,No,Cash,No,47,Fortnightly,0,35-44,Low,Loyal (31+),1,14,0,0,Medium (3.5-4.4)
1666,49,Male,Belt,Accessories,50.0,Georgia,M,Red,Fall,3.8,No,Cash,Yes,33,Quarterly,0,45-54,Mid-Low,Loyal (31+),1,90,1,0,Medium (3.5-4.4)
1667,20,Male,Handbag,Accessories,24.0,Oregon,S,Blue,Fall,3.5,Yes,Bank Transfer,Yes,19,Quarterly,0,18-24,Low,Regular (16-30),1,90,1,1,Medium (3.5-4.4)
1668,61,Male,Jeans,Clothing,58.0,Alabama,M,Blue,Fall,3.0,No,PayPal,No,8,Quarterly,0,55-64,Mid-Low,Occasional (6-15),0,90,0,0,Low (<3.5)
1669,46,Male,Socks,Clothing,74.0,Illinois,L,Blue,Winter,4.9,No,Bank Transfer,Yes,6,Annually,0,45-54,Mid-High,Occasional (6-15),0,365,1,0,High (4.5+)
1670,29,Male,Gloves,Accessories,45.0,Ohio,L,Black,Summer,2.9,No,Venmo,No,33,Annually,0,25-34,Mid-Low,Loyal (31+),1,365,0,0,Low (<3.5)
1671,34,Male,Pants,Clothing,63.0,Minnesota,S,Black,Winter,3.2,No,Venmo,Yes,2,Fortnightly,0,25-34,Mid-High,New (0-5),0,14,1,0,Low (<3.5)
1672,36,Male,Handbag,Accessories,97.0,Florida,M,Olive,Summer,3.3,No,PayPal,No,20,Annually,0,35-44,High,Regular (16-30),1,365,0,0,Low (<3.5)
1673,19,Male,Backpack,Accessories,39.0,New York,M,Teal,Spring,2.8,No,Bank Transfer,No,2,Quarterly,0,18-24,Low,New (0-5),0,90,0,0,Low (<3.5)
1674,67,Male,Sweater,Clothing,43.0,Idaho,L,Gray,Winter,3.8,Yes,Cash,No,18,Fortnightly,0,65+,Mid-Low,Regular (16-30),1,14,0,1,Medium (3.5-4.4)
1675,60,Male,Sunglasses,Accessories,29.0,New York,S,Teal,Fall,3.4,Yes,Venmo,Yes,45,Bi-Weekly,0,55-64,Low,Loyal (31+),1,14,1,1,Low (<3.5)
1676,64,Female,Jacket,Outerwear,63.0,Georgia,L,White,Spring,4.0,No,PayPal,No,4,Fortnightly,0,55-64,Mid-High,New (0-5),0,14,0,0,Medium (3.5-4.4)
1677,36,Male,Belt,Accessories,36.0,Georgia,XL,Teal,Spring,3.4,No,Cash,Yes,49,Every 3 Months,0,35-44,Low,Loyal (31+),1,90,1,0,Low (<3.5)
1678,47,Female,Sandals,Footwear,89.0,Alabama,M,Gray,Spring,2.8,Yes,Debit Card,No,49,Quarterly,0,45-54,High,Loyal (31+),1,90,0,1,Low (<3.5)
1679,42,Male,Belt,Accessories,43.0,Maine,M,Olive,Fall,4.7,No,Bank Transfer,Yes,44,Every 3 Months,0,35-44,Mid-Low,Loyal (31+),1,90,1,0,High (4.5+)
1680,43,Female,Boots,Footwear,73.0,California,S,Black,Winter,3.8,Yes,Bank Transfer,Yes,35,Fortnightly,0,35-44,Mid-High,Loyal (31+),1,14,1,1,Medium (3.5-4.4)
1681,49,Female,Hat,Accessories,35.0,Vermont,S,Gray,Summer,3.3,No,Credit Card,Yes,9,Monthly,0,45-54,Low,Occasional (6-15),0,30,1,0,Low (<3.5)
1682,41,Male,Sunglasses,Accessories,46.0,Maine,XL,Red,Spring,2.5,No,Credit Card,Yes,5,Monthly,0,35-44,Mid-Low,New (0-5),0,30,1,0,Low (<3.5)
1683,58,Female,Jewelry,Accessories,33.0,Montana,XL,Teal,Winter,4.0,No,Bank Transfer,Yes,46,Quarterly,0,55-64,Low,Loyal (31+),1,90,1,0,Medium (3.5-4.4)
1684,21,Male,Jeans,Clothing,64.0,Oregon,S,Pink,Fall,4.5,No,Debit Card,Yes,19,Bi-Weekly,0,18-24,Mid-High,Regular (16-30),1,14,1,0,High (4.5+)
1685,28,Female,Shirt,Clothing,22.0,Nevada,XL,Pink,Fall,4.1,No,Credit Card,No,23,Weekly,0,25-34,Low,Regular (16-30),1,7,0,0,Medium (3.5-4.4)
1686,65,Male,T-shirt,Clothing,26.0,Utah,M,Teal,Spring,4.5,No,Bank Transfer,No,5,Annually,0,65+,Low,New (0-5),0,365,0,0,High (4.5+)
1687,64,Male,Sneakers,Footwear,60.0,Illinois,M,Olive,Fall,2.9,No,Debit Card,No,3,Bi-Weekly,0,55-64,Mid-Low,New (0-5),0,14,0,0,Low (<3.5)
1688,61,Male,Sneakers,Footwear,64.0,Utah,L,White,Summer,4.9,Yes,Bank Transfer,Yes,28,Annually,0,55-64,Mid-High,Regular (16-30),1,365,1,1,High (4.5+)
1689,37,Female,Shoes,Footwear,46.0,Georgia,M,Blue,Spring,3.0,Yes,Credit Card,Yes,21,Bi-Weekly,0,35-44,Mid-Low,Regular (16-30),1,14,1,1,Low (<3.5)
1690,42,Female,Blouse,Clothing,54.0,Alabama,M,Pink,Summer,3.2,No,Debit Card,No,36,Fortnightly,0,35-44,Mid-Low,Loyal (31+),1,14,0,0,Low (<3.5)
1691,19,Male,Sunglasses,Accessories,53.0,New York,L,Gray,Spring,3.8,No,Cash,Yes,42,Monthly,0,18-24,Mid-Low,Loyal (31+),1,30,1,0,Medium (3.5-4.4)
1692,32,Female,Jewelry,Accessories,81.0,Florida,M,Teal,Summer,2.5,No,Venmo,No,3,Weekly,0,25-34,High,New (0-5),0,7,0,0,Low (<3.5)
1693,56,Female,Skirt,Clothing,56.0,Illinois,XL,Pink,Winter,3.6,No,PayPal,No,49,Monthly,0,55-64,Mid-Low,Loyal (31+),1,30,0,0,Medium (3.5-4.4)
1694,36,Male,Scarf,Accessories,88.0,Vermont,M,Gray,Winter,3.0,No,Credit Card,Yes,47,Annually,0,35-44,High,Loyal (31+),1,365,1,0,Low (<3.5)
1695,43,Male,Hat,Accessories,37.0,Illinois,S,White,Fall,4.4,Yes,Debit Card,No,29,Fortnightly,0,35-44,Low,Regular (16-30),1,14,0,1,Medium (3.5-4.4)
1696,24,Male,Boots,Footwear,36.0,Illinois,XL,Teal,Winter,4.4,No,Credit Card,No,19,Fortnightly,0,18-24,Low,Regular (16-30),1,14,0,0,Medium (3.5-4.4)
1697,44,Male,Pants,Clothing,52.0,Ohio,M,White,Winter,4.0,Yes,Cash,No,9,Weekly,0,35-44,Mid-Low,Occasional (6-15),0,7,0,1,Medium (3.5-4.4)
1698,56,Male,Backpack,Accessories,26.0,Nevada,M,White,Spring,3.6,No,PayPal,No,12,Fortnightly,0,55-64,Low,Occasional (6-15),1,14,0,0,Medium (3.5-4.4)
1699,48,Female,Hoodie,Outerwear,74.0,Montana,M,White,Summer,3.3,No,Bank Transfer,Yes,36,Bi-Weekly,0,45-54,Mid-High,Loyal (31+),1,14,1,0,Low (<3.5)
1700,47,Male,Jewelry,Accessories,51.0,Utah,S,Black,Summer,4.6,No,Cash,No,7,Fortnightly,0,45-54,Mid-Low,Occasional (6-15),0,14,0,0,High (4.5+)
1701,66,Female,Gloves,Accessories,49.0,Illinois,M,Red,Fall,3.8,No,PayPal,Yes,49,Quarterly,0,65+,Mid-Low,Loyal (31+),1,90,1,0,Medium (3.5-4.4)
1702,30,Male,Jacket,Outerwear,63.0,California,M,Pink,Winter,3.7,No,Bank Transfer,Yes,8,Bi-Weekly,0,25-34,Mid-High,Occasional (6-15),0,14,1,0,Medium (3.5-4.4)
1703,33,Male,Jeans,Clothing,26.0,Ohio,M,Pink,Winter,2.8,No,Debit Card,No,38,Bi-Weekly,0,25-34,Low,Loyal (31+),1,14,0,0,Low (<3.5)
1704,51,Male,Hat,Accessories,50.0,Utah,M,Red,Spring,3.0,Yes,PayPal,Yes,43,Fortnightly,0,45-54,Mid-Low,Loyal (31+),1,14,1,1,Low (<3.5)
1705,43,Male,Sandals,Footwear,98.0,Montana,L,Blue,Fall,3.4,No,Cash,No,15,Quarterly,0,35-44,High,Occasional (6-15),1,90,0,0,Low (<3.5)
1706,69,Male,Coat,Outerwear,70.0,Nevada,XL,Blue,Spring,4.2,No,Venmo,No,25,Bi-Weekly,0,65+,Mid-High,Regular (16-30),1,14,0,0,Medium (3.5-4.4)
1707,21,Male,Dress,Clothing,66.0,Utah,M,Teal,Summer,4.6,No,Debit Card,Yes,29,Quarterly,0,18-24,Mid-High,Regular (16-30),1,90,1,0,High (4.5+)
1708,24,Male,Shirt,Clothing,60.0,Utah,XL,Black,Summer,5.0,No,Bank Transfer,Yes,40,Weekly,0,18-24,Mid-Low,Loyal (31+),1,7,1,0,High (4.5+)
1709,36,Female,Backpack,Accessories,57.0,Idaho,L,Black,Fall,3.6,No,Bank Transfer,No,3,Quarterly,0,35-44,Mid-Low,New (0-5),0,90,0,0,Medium (3.5-4.4)
1710,42,Male,Shorts,Clothing,95.0,Texas,XL,Black,Winter,3.6,No,Credit Card,Yes,12,Every 3 Months,0,35-44,High,Occasional (6-15),1,90,1,0,Medium (3.5-4.4)
1711,65,Male,Sunglasses,Accessories,95.0,Georgia,L,Teal,Winter,4.4,No,Cash,Yes,8,Quarterly,0,65+,High,Occasional (6-15),0,90,1,0,Medium (3.5-4.4)
1712,44,Male,Skirt,Clothing,53.0,Florida,M,Black,Summer,3.3,Yes,Credit Card,No,16,Fortnightly,0,35-44,Mid-Low,Regular (16-30),1,14,0,1,Low (<3.5)
1713,41,Male,Coat,Outerwear,94.0,Florida,M,Teal,Fall,3.9,No,PayPal,Yes,34,Quarterly,0,35-44,High,Loyal (31+),1,90,1,0,Medium (3.5-4.4)
1714,26,Female,Scarf,Accessories,26.0,Maine,XL,White,Spring,4.2,No,PayPal,Yes,21,Every 3 Months,0,25-34,Low,Regular (16-30),1,90,1,0,Medium (3.5-4.4)
1715,41,Male,Sweater,Clothing,45.0,Nevada,M,Gray,Spring,3.1,No,PayPal,Yes,25,Monthly,0,35-44,Mid-Low,Regular (16-30),1,30,1,0,Low (<3.5)
1716,46,Female,Gloves,Accessories,44.0,California,XL,Teal,Winter,3.2,No,PayPal,Yes,23,Quarterly,0,45-54,Mid-Low,Regular (16-30),1,90,1,0,Low (<3.5)
1717,48,Female,Shirt,Clothing,76.0,Florida,L,Black,Winter,3.4,No,Cash,No,1,Every 3 Months,0,45-54,Mid-High,New (0-5),0,90,0,0,Low (<3.5)
1718,50,Male,Jewelry,Accessories,69.0,Florida,M,Blue,Winter,3.9,No,Cash,No,5,Monthly,0,45-54,Mid-High,New (0-5),0,30,0,0,Medium (3.5-4.4)
1719,40,Male,Gloves,Accessories,58.0,Georgia,M,Olive,Summer,3.2,Yes,Bank Transfer,Yes,12,Fortnightly,0,35-44,Mid-Low,Occasional (6-15),1,14,1,1,Low (<3.5)
1720,26,Male,Gloves,Accessories,40.0,Utah,XL,Pink,Fall,3.0,No,Cash,Yes,3,Annually,0,25-34,Mid-Low,New (0-5),0,365,1,0,Low (<3.5)
1721,26,Female,Pants,Clothing,61.0,Minnesota,S,Teal,Spring,2.9,No,Credit Card,No,42,Bi-Weekly,0,25-34,Mid-High,Loyal (31+),1,14,0,0,Low (<3.5)
1722,26,Male,Skirt,Clothing,41.0,Vermont,L,Black,Fall,4.5,No,Venmo,No,50,Bi-Weekly,0,25-34,Mid-Low,Loyal (31+),1,14,0,0,High (4.5+)
1723,50,Male,Backpack,Accessories,60.0,Montana,XL,Pink,Summer,4.7,No,PayPal,No,25,Quarterly,0,45-54,Mid-Low,Regular (16-30),1,90,0,0,High (4.5+)
1724,63,Male,Shoes,Footwear,47.0,Vermont,S,Blue,Winter,4.8,No,Credit Card,Yes,34,Fortnightly,0,55-64,Mid-Low,Loyal (31+),1,14,1,0,High (4.5+)
1725,64,Male,Shoes,Footwear,91.0,Idaho,M,Gray,Summer,4.6,Yes,Debit Card,No,3,Bi-Weekly,0,55-64,High,New (0-5),0,14,0,1,High (4.5+)
1726,34,Male,Shorts,Clothing,80.0,Florida,M,Teal,Fall,2.8,No,Debit Card,Yes,3,Quarterly,0,25-34,Mid-High,New (0-5),0,90,1,0,Low (<3.5)
1727,22,Male,Socks,Clothing,34.0,Florida,L,Teal,Fall,2.7,No,Cash,No,31,Every 3 Months,0,18-24,Low,Loyal (31+),1,90,0,0,Low (<3.5)
1728,51,Male,Hat,Accessories,96.0,Florida,M,White,Winter,3.7,No,PayPal,No,39,Weekly,0,45-54,High,Loyal (31+),1,7,0,0,Medium (3.5-4.4)
1729,20,Female,Dress,Clothing,73.0,Vermont,S,Red,Spring,3.8,No,Cash,Yes,47,Every 3 Months,0,18-24,Mid-High,Loyal (31+),1,90,1,0,Medium (3.5-4.4)
1730,51,Male,Shirt,Clothing,48.0,Ohio,S,Blue,Summer,4.3,No,Cash,No,19,Fortnightly,0,45-54,Mid-Low,Regular (16-30),1,14,0,0,Medium (3.5-4.4)
1731,38,Male,Hoodie,Outerwear,62.0,Idaho,M,Gray,Summer,3.1,No,Bank Transfer,No,21,Annually,0,35-44,Mid-High,Regular (16-30),1,365,0,0,Low (<3.5)
1732,62,Male,Jeans,Clothing,35.0,Texas,M,Pink,Spring,4.8,No,Credit Card,No,40,Annually,0,55-64,Low,Loyal (31+),1,365,0,0,High (4.5+)
1733,51,Female,Hat,Accessories,23.0,Alabama,M,Blue,Winter,3.3,No,PayPal,No,8,Quarterly,0,45-54,Low,Occasional (6-15),0,90,0,0,Low (<3.5)
1734,57,Male,Sweater,Clothing,54.0,Texas,L,Black,Winter,3.9,No,Debit Card,Yes,48,Annually,0,55-64,Mid-Low,Loyal (31+),1,365,1,0,Medium (3.5-4.4)
1735,39,Female,Jewelry,Accessories,83.0,New York,S,Black,Spring,4.7,No,Bank Transfer,No,15,Fortnightly,0,35-44,High,Occasional (6-15),1,14,0,0,High (4.5+)
1736,62,Male,Hat,Accessories,48.0,Montana,L,Black,Fall,3.8,No,Venmo,No,2,Monthly,0,55-64,Mid-Low,New (0-5),0,30,0,0,Medium (3.5-4.4)
1737,45,Female,Handbag,Accessories,51.0,Florida,XL,Blue,Winter,4.4,No,PayPal,Yes,40,Weekly,0,45-54,Mid-Low,Loyal (31+),1,7,1,0,Medium (3.5-4.4)
1738,51,Male,Jeans,Clothing,100.0,California,L,Teal,Summer,4.4,Yes,PayPal,No,49,Monthly,0,45-54,High,Loyal (31+),1,30,0,1,Medium (3.5-4.4)
1739,37,Female,Shoes,Footwear,99.0,Minnesota,L,Blue,Fall,4.5,Yes,Bank Transfer,No,25,Quarterly,0,35-44,High,Regular (16-30),1,90,0,1,High (4.5+)
1740,41,Male,Handbag,Accessories,57.0,Texas,S,Red,Fall,4.5,No,Venmo,No,9,Monthly,0,35-44,Mid-Low,Occasional (6-15),0,30,0,0,High (4.5+)
1741,62,Female,Blouse,Clothing,23.0,Utah,M,Olive,Spring,3.5,No,Cash,Yes,8,Weekly,0,55-64,Low,Occasional (6-15),0,7,1,0,Medium (3.5-4.4)
1742,38,Female,Sweater,Clothing,75.0,Minnesota,M,Olive,Winter,3.4,No,Cash,No,15,Weekly,0,35-44,Mid-High,Occasional (6-15),1,7,0,0,Low (<3.5)
1743,19,Male,Jeans,Clothing,77.0,Alabama,M,Blue,Winter,4.5,No,Credit Card,Yes,27,Annually,0,18-24,Mid-High,Regular (16-30),1,365,1,0,High (4.5+)
1744,38,Male,Coat,Outerwear,94.0,Alabama,M,White,Summer,3.9,No,Debit Card,Yes,32,Fortnightly,0,35-44,High,Loyal (31+),1,14,1,0,Medium (3.5-4.4)
1745,38,Male,Handbag,Accessories,96.0,Texas,S,White,Summer,4.0,No,Credit Card,Yes,35,Monthly,0,35-44,High,Loyal (31+),1,30,1,0,Medium (3.5-4.4)
1746,40,Male,Jewelry,Accessories,70.0,Illinois,M,White,Winter,3.5,No,Bank Transfer,No,36,Quarterly,0,35-44,Mid-High,Loyal (31+),1,90,0,0,Medium (3.5-4.4)
1747,21,Male,Jewelry,Accessories,28.0,Ohio,L,Black,Winter,3.0,No,PayPal,No,13,Fortnightly,0,18-24,Low,Occasional (6-15),1,14,0,0,Low (<3.5)
1748,24,Female,Shoes,Footwear,40.0,Maine,M,Red,Spring,3.6,No,Credit Card,No,9,Bi-Weekly,0,18-24,Mid-Low,Occasional (6-15),0,14,0,0,Medium (3.5-4.4)
1749,35,Male,Slippers,Footwear,78.0,California,S,Olive,Summer,4.9,No,Credit Card,Yes,48,Quarterly,0,35-44,Mid-High,Loyal (31+),1,90,1,0,High (4.5+)
1750,40,Male,Sandals,Footwear,69.0,Vermont,S,Olive,Fall,3.2,No,Cash,Yes,7,Fortnightly,0,35-44,Mid-High,Occasional (6-15),0,14,1,0,Low (<3.5)
1751,19,Female,Backpack,Accessories,55.0,Ohio,M,Teal,Spring,3.2,Yes,Credit Card,No,26,Every 3 Months,0,18-24,Mid-Low,Regular (16-30),1,90,0,1,Low (<3.5)
1752,38,Male,Blouse,Clothing,52.0,Florida,M,Blue,Winter,2.8,No,PayPal,No,15,Quarterly,0,35-44,Mid-Low,Occasional (6-15),1,90,0,0,Low (<3.5)
1753,34,Male,Scarf,Accessories,77.0,Texas,M,Olive,Spring,3.7,Yes,Debit Card,Yes,37,Annually,0,25-34,Mid-High,Loyal (31+),1,365,1,1,Medium (3.5-4.4)
1754,19,Male,Scarf,Accessories,54.0,Vermont,S,Teal,Winter,3.2,No,Debit Card,Yes,17,Monthly,0,18-24,Mid-Low,Regular (16-30),1,30,1,0,Low (<3.5)
1755,31,Male,Shirt,Clothing,32.0,Florida,M,Black,Spring,4.2,No,Cash,Yes,6,Every 3 Months,0,25-34,Low,Occasional (6-15),0,90,1,0,Medium (3.5-4.4)
1756,32,Male,Sandals,Footwear,99.0,Utah,XL,Pink,Winter,2.8,No,Credit Card,No,16,Bi-Weekly,0,25-34,High,Regular (16-30),1,14,0,0,Low (<3.5)
1757,25,Male,T-shirt,Clothing,48.0,Alabama,M,Black,Spring,3.1,No,Credit Card,No,6,Quarterly,0,25-34,Mid-Low,Occasional (6-15),0,90,0,0,Low (<3.5)
1758,57,Male,Jacket,Outerwear,42.0,Illinois,M,Gray,Fall,2.7,Yes,Venmo,No,9,Annually,0,55-64,Mid-Low,Occasional (6-15),0,365,0,1,Low (<3.5)
1759,21,Male,Backpack,Accessories,25.0,Florida,L,Pink,Summer,2.6,Yes,Cash,Yes,24,Every 3 Months,0,18-24,Low,Regular (16-30),1,90,1,1,Low (<3.5)
1760,48,Male,Coat,Outerwear,57.0,Idaho,L,Red,Summer,4.5,Yes,Bank Transfer,Yes,49,Every 3 Months,0,45-54,Mid-Low,Loyal (31+),1,90,1,1,High (4.5+)
1761,53,Male,Skirt,Clothing,99.0,California,XL,Gray,Spring,4.8,No,Cash,Yes,11,Monthly,0,45-54,High,Occasional (6-15),1,30,1,0,High (4.5+)
1762,60,Male,Pants,Clothing,32.0,Illinois,S,Gray,Fall,4.4,Yes,Cash,Yes,40,Quarterly,0,55-64,Low,Loyal (31+),1,90,1,1,Medium (3.5-4.4)
1763,46,Male,Sweater,Clothing,39.0,Alabama,M,Gray,Fall,4.7,Yes,Venmo,No,27,Quarterly,0,45-54,Low,Regular (16-30),1,90,0,1,High (4.5+)
1764,46,Male,Shorts,Clothing,34.0,California,S,Olive,Summer,2.7,Yes,Bank Transfer,No,50,Fortnightly,0,45-54,Low,Loyal (31+),1,14,0,1,Low (<3.5)
1765,58,Male,Shorts,Clothing,27.0,Oregon,L,Pink,Summer,4.7,No,Debit Card,Yes,27,Fortnightly,0,55-64,Low,Regular (16-30),1,14,1,0,High (4.5+)
1766,63,Male,Shorts,Clothing,68.0,Texas,S,White,Fall,3.7,No,Credit Card,Yes,6,Quarterly,0,55-64,Mid-High,Occasional (6-15),0,90,1,0,Medium (3.5-4.4)
1767,29,Male,Jacket,Outerwear,44.0,Illinois,XL,Red,Fall,4.4,Yes,Cash,Yes,21,Quarterly,0,25-34,Mid-Low,Regular (16-30),1,90,1,1,Medium (3.5-4.4)
1768,60,Female,Skirt,Clothing,80.0,Alabama,S,Pink,Fall,4.0,No,Bank Transfer,Yes,4,Quarterly,0,55-64,Mid-High,New (0-5),0,90,1,0,Medium (3.5-4.4)
1769,42,Male,Pants,Clothing,52.0,Utah,M,Red,Spring,3.4,No,Debit Card,No,12,Quarterly,0,35-44,Mid-Low,Occasional (6-15),1,90,0,0,Low (<3.5)
1770,23,Male,Gloves,Accessories,71.0,Utah,M,Red,Fall,3.2,No,Debit Card,Yes,27,Quarterly,0,18-24,Mid-High,Regular (16-30),1,90,1,0,Low (<3.5)
1771,50,Male,Slippers,Footwear,27.0,California,M,Olive,Summer,2.8,No,Credit Card,Yes,46,Monthly,0,45-54,Low,Loyal (31+),1,30,1,0,Low (<3.5)
1772,69,Male,Backpack,Accessories,46.0,Texas,M,Teal,Summer,3.5,No,Cash,No,31,Quarterly,0,65+,Mid-Low,Loyal (31+),1,90,0,0,Medium (3.5-4.4)
1773,25,Male,Sunglasses,Accessories,53.0,Minnesota,L,Blue,Summer,3.7,No,Debit Card,Yes,19,Bi-Weekly,0,25-34,Mid-Low,Regular (16-30),1,14,1,0,Medium (3.5-4.4)
1774,18,Female,Belt,Accessories,24.0,Minnesota,M,Teal,Summer,5.0,Yes,Credit Card,Yes,32,Fortnightly,0,18-24,Low,Loyal (31+),1,14,1,1,High (4.5+)
1775,66,Male,Handbag,Accessories,53.0,Texas,M,Olive,Spring,2.6,No,Debit Card,No,13,Quarterly,0,65+,Mid-Low,Occasional (6-15),1,90,0,0,Low (<3.5)
1776,49,Male,Boots,Footwear,58.0,Vermont,L,Black,Summer,4.0,No,Venmo,Yes,5,Bi-Weekly,0,45-54,Mid-Low,New (0-5),0,14,1,0,Medium (3.5-4.4)
1777,29,Male,Belt,Accessories,52.0,Texas,XL,Pink,Fall,3.8,Yes,Debit Card,No,37,Every 3 Months,0,25-34,Mid-Low,Loyal (31+),1,90,0,1,Medium (3.5-4.4)
1778,60,Female,Sandals,Footwear,60.0,Vermont,L,Red,Spring,2.6,No,Debit Card,No,43,Annually,0,55-64,Mid-Low,Loyal (31+),1,365,0,0,Low (<3.5)
1779,38,Male,Dress,Clothing,84.0,Georgia,L,Blue,Winter,3.3,Yes,Credit Card,Yes,31,Bi-Weekly,0,35-44,High,Loyal (31+),1,14,1,1,Low (<3.5)
1780,35,Male,Boots,Footwear,82.0,Maine,M,Gray,Summer,3.6,No,Credit Card,No,25,Weekly,0,35-44,High,Regular (16-30),1,7,0,0,Medium (3.5-4.4)
1781,33,Female,Shirt,Clothing,21.0,Maine,XL,Gray,Fall,3.7,No,Cash,Yes,23,Weekly,0,25-34,Low,Regular (16-30),1,7,1,0,Medium (3.5-4.4)
1782,49,Male,Scarf,Accessories,71.0,Maine,M,Gray,Spring,3.1,No,Bank Transfer,No,19,Quarterly,0,45-54,Mid-High,Regular (16-30),1,90,0,0,Low (<3.5)
1783,25,Male,Socks,Clothing,93.0,Alabama,XL,Black,Spring,2.6,Yes,Bank Transfer,Yes,49,Annually,0,25-34,High,Loyal (31+),1,365,1,1,Low (<3.5)
1784,37,Female,Blouse,Clothing,90.0,Vermont,L,Pink,Winter,3.2,No,Debit Card,No,26,Annually,0,35-44,High,Regular (16-30),1,365,0,0,Low (<3.5)
1785,34,Female,T-shirt,Clothing,46.0,Utah,S,Blue,Winter,4.6,Yes,PayPal,Yes,44,Annually,0,25-34,Mid-Low,Loyal (31+),1,365,1,1,High (4.5+)
1786,21,Female,Belt,Accessories,83.0,Texas,S,White,Spring,4.5,No,Bank Transfer,No,3,Weekly,0,18-24,High,New (0-5),0,7,0,0,High (4.5+)
1787,58,Male,Shorts,Clothing,84.0,Oregon,L,Gray,Winter,3.0,No,Debit Card,No,18,Weekly,0,55-64,High,Regular (16-30),1,7,0,0,Low (<3.5)
1788,18,Male,Gloves,Accessories,49.0,Utah,L,Gray,Winter,4.1,Yes,PayPal,Yes,11,Annually,0,18-24,Mid-Low,Occasional (6-15),1,365,1,1,Medium (3.5-4.4)
1789,68,Female,Hat,Accessories,90.0,Idaho,M,Black,Spring,4.8,No,Debit Card,No,6,Quarterly,0,65+,High,Occasional (6-15),0,90,0,0,High (4.5+)
1790,23,Male,Pants,Clothing,71.0,California,XL,Teal,Spring,2.9,No,Cash,No,50,Annually,0,18-24,Mid-High,Loyal (31+),1,365,0,0,Low (<3.5)
1791,36,Female,Sunglasses,Accessories,80.0,Vermont,M,Gray,Spring,2.8,No,Cash,No,3,Annually,0,35-44,Mid-High,New (0-5),0,365,0,0,Low (<3.5)
1792,23,Male,Dress,Clothing,80.0,Ohio,M,Teal,Winter,2.6,Yes,PayPal,Yes,28,Every 3 Months,0,18-24,Mid-High,Regular (16-30),1,90,1,1,Low (<3.5)
1793,37,Female,Shorts,Clothing,83.0,Oregon,M,Olive,Winter,2.9,Yes,Venmo,No,11,Bi-Weekly,0,35-44,High,Occasional (6-15),1,14,0,1,Low (<3.5)
1794,50,Male,Sunglasses,Accessories,97.0,Ohio,S,Black,Fall,4.5,Yes,PayPal,No,4,Quarterly,0,45-54,High,New (0-5),0,90,0,1,High (4.5+)
1795,22,Male,Scarf,Accessories,89.0,Ohio,M,White,Summer,4.5,No,Bank Transfer,No,50,Quarterly,0,18-24,High,Loyal (31+),1,90,0,0,High (4.5+)
1796,45,Male,Shirt,Clothing,54.0,Montana,XL,Teal,Winter,3.9,Yes,Credit Card,No,15,Annually,0,45-54,Mid-Low,Occasional (6-15),1,365,0,1,Medium (3.5-4.4)
1797,58,Male,Boots,Footwear,65.0,Alabama,S,Gray,Winter,3.3,Yes,PayPal,No,18,Annually,0,55-64,Mid-High,Regular (16-30),1,365,0,1,Low (<3.5)
1798,42,Male,Socks,Clothing,72.0,California,L,Black,Winter,4.5,No,Credit Card,Yes,10,Fortnightly,0,35-44,Mid-High,Occasional (6-15),1,14,1,0,High (4.5+)
1799,23,Female,Shoes,Footwear,89.0,New York,L,Black,Summer,3.0,No,PayPal,Yes,35,Annually,0,18-24,High,Loyal (31+),1,365,1,0,Low (<3.5)
1800,54,Male,Backpack,Accessories,51.0,Montana,S,Gray,Fall,2.8,No,Debit Card,No,47,Quarterly,0,45-54,Mid-Low,Loyal (31+),1,90,0,0,Low (<3.5)
1801,27,Male,Hat,Accessories,45.0,Maine,L,Gray,Fall,2.7,No,Bank Transfer,No,17,Every 3 Months,0,25-34,Mid-Low,Regular (16-30),1,90,0,0,Low (<3.5)
1802,18,Male,Scarf,Accessories,79.0,Alabama,L,White,Spring,4.6,Yes,Credit Card,No,41,Bi-Weekly,0,18-24,Mid-High,Loyal (31+),1,14,0,1,High (4.5+)
1803,41,Female,Dress,Clothing,97.0,Oregon,M,White,Fall,4.3,No,PayPal,No,21,Monthly,0,35-44,High,Regular (16-30),1,30,0,0,Medium (3.5-4.4)
1804,32,Male,Sunglasses,Accessories,93.0,Montana,M,Gray,Fall,4.1,No,Credit Card,Yes,28,Annually,0,25-34,High,Regular (16-30),1,365,1,0,Medium (3.5-4.4)
1805,19,Male,Scarf,Accessories,31.0,Montana,M,Red,Fall,4.3,No,Debit Card,Yes,41,Weekly,0,18-24,Low,Loyal (31+),1,7,1,0,Medium (3.5-4.4)
1806,59,Female,Jewelry,Accessories,94.0,New York,M,Black,Summer,2.9,No,Venmo,No,48,Monthly,0,55-64,High,Loyal (31+),1,30,0,0,Low (<3.5)
1807,49,Male,Pants,Clothing,83.0,Maine,M,Black,Fall,3.5,Yes,Cash,Yes,31,Annually,0,45-54,High,Loyal (31+),1,365,1,1,Medium (3.5-4.4)
1808,66,Male,Shoes,Footwear,32.0,Georgia,M,White,Winter,4.5,No,Debit Card,Yes,19,Every 3 Months,0,65+,Low,Regular (16-30),1,90,1,0,High (4.5+)
1809,43,Female,Shirt,Clothing,20.0,Ohio,XL,Gray,Fall,4.8,Yes,Credit Card,Yes,24,Fortnightly,0,35-44,Low,Regular (16-30),1,14,1,1,High (4.5+)
1810,41,Male,Socks,Clothing,36.0,Texas,L,Blue,Winter,3.8,Yes,Debit Card,Yes,44,Fortnightly,0,35-44,Low,Loyal (31+),1,14,1,1,Medium (3.5-4.4)
1811,62,Female,Shorts,Clothing,95.0,Oregon,L,Black,Winter,2.8,No,Credit Card,Yes,18,Monthly,0,55-64,High,Regular (16-30),1,30,1,0,Low (<3.5)
1812,22,Female,Boots,Footwear,81.0,Florida,XL,Teal,Summer,4.9,No,Venmo,No,24,Fortnightly,0,18-24,High,Regular (16-30),1,14,0,0,High (4.5+)
1813,37,Male,Jewelry,Accessories,66.0,Oregon,S,Olive,Fall,3.5,No,Credit Card,No,39,Annually,0,35-44,Mid-High,Loyal (31+),1,365,0,0,Medium (3.5-4.4)
1814,60,Male,Shirt,Clothing,71.0,Montana,M,Gray,Fall,3.3,Yes,PayPal,Yes,43,Every 3 Months,0,55-64,Mid-High,Loyal (31+),1,90,1,1,Low (<3.5)
1815,33,Male,Handbag,Accessories,53.0,New York,L,White,Winter,2.8,No,Venmo,No,23,Annually,0,25-34,Mid-Low,Regular (16-30),1,365,0,0,Low (<3.5)
1816,64,Male,Shoes,Footwear,93.0,Georgia,M,Olive,Summer,2.5,No,Venmo,No,46,Bi-Weekly,0,55-64,High,Loyal (31+),1,14,0,0,Low (<3.5)
1817,33,Male,Scarf,Accessories,32.0,Nevada,S,Teal,Spring,4.0,No,Cash,No,44,Fortnightly,0,25-34,Low,Loyal (31+),1,14,0,0,Medium (3.5-4.4)
1818,39,Male,Shoes,Footwear,45.0,Idaho,L,Olive,Fall,4.0,Yes,Venmo,No,24,Monthly,0,35-44,Mid-Low,Regular (16-30),1,30,0,1,Medium (3.5-4.4)
1819,65,Male,Shoes,Footwear,36.0,Florida,S,Blue,Fall,3.1,No,Bank Transfer,Yes,14,Weekly,0,65+,Low,Occasional (6-15),1,7,1,0,Low (<3.5)
1820,30,Female,Hat,Accessories,88.0,Alabama,M,Red,Fall,2.9,No,PayPal,Yes,9,Every 3 Months,0,25-34,High,Occasional (6-15),0,90,1,0,Low (<3.5)
1821,69,Male,Jacket,Outerwear,63.0,Ohio,M,Teal,Fall,3.8,Yes,Bank Transfer,No,7,Annually,0,65+,Mid-High,Occasional (6-15),0,365,0,1,Medium (3.5-4.4)
1822,20,Female,Shoes,Footwear,75.0,Ohio,L,Black,Fall,3.6,No,Credit Card,No,10,Fortnightly,0,18-24,Mid-High,Occasional (6-15),1,14,0,0,Medium (3.5-4.4)
1823,32,Female,Sneakers,Footwear,94.0,Oregon,M,White,Spring,3.3,No,Bank Transfer,No,4,Fortnightly,0,25-34,High,New (0-5),0,14,0,0,Low (<3.5)
1824,49,Female,Handbag,Accessories,35.0,Utah,S,Black,Winter,3.0,Yes,Bank Transfer,No,15,Bi-Weekly,0,45-54,Low,Occasional (6-15),1,14,0,1,Low (<3.5)
1825,49,Female,Backpack,Accessories,98.0,Oregon,L,Olive,Summer,4.6,No,Cash,No,50,Every 3 Months,0,45-54,High,Loyal (31+),1,90,0,0,High (4.5+)
1826,66,Female,Skirt,Clothing,30.0,Vermont,XL,Red,Spring,5.0,No,Credit Card,No,12,Bi-Weekly,0,65+,Low,Occasional (6-15),1,14,0,0,High (4.5+)
1827,68,Male,Sneakers,Footwear,81.0,Montana,M,White,Winter,3.4,No,Cash,No,20,Every 3 Months,0,65+,High,Regular (16-30),1,90,0,0,Low (<3.5)
1828,53,Male,Slippers,Footwear,76.0,Maine,S,Teal,Winter,4.2,No,PayPal,Yes,20,Annually,0,45-54,Mid-High,Regular (16-30),1,365,1,0,Medium (3.5-4.4)
1829,52,Female,Coat,Outerwear,86.0,New York,M,Gray,Fall,4.7,No,Venmo,Yes,26,Monthly,0,45-54,High,Regular (16-30),1,30,1,0,High (4.5+)
1830,34,Male,Shoes,Footwear,32.0,Oregon,M,White,Fall,2.6,Yes,PayPal,No,26,Weekly,0,25-34,Low,Regular (16-30),1,7,0,1,Low (<3.5)
1831,60,Female,Sandals,Footwear,97.0,California,M,Teal,Spring,4.8,No,Credit Card,Yes,30,Annually,0,55-64,High,Regular (16-30),1,365,1,0,High (4.5+)
1832,52,Female,Jacket,Outerwear,84.0,Ohio,S,Olive,Summer,3.7,No,Bank Transfer,No,5,Bi-Weekly,0,45-54,High,New (0-5),0,14,0,0,Medium (3.5-4.4)
1833,19,Male,Sneakers,Footwear,28.0,Montana,M,White,Spring,3.9,No,Bank Transfer,No,17,Quarterly,0,18-24,Low,Regular (16-30),1,90,0,0,Medium (3.5-4.4)
1834,62,Male,Jeans,Clothing,65.0,Florida,M,Pink,Summer,3.8,No,Venmo,Yes,46,Annually,0,55-64,Mid-High,Loyal (31+),1,365,1,0,Medium (3.5-4.4)
1835,37,Male,T-shirt,Clothing,86.0,Illinois,M,Black,Summer,3.1,No,Bank Transfer,No,49,Annually,0,35-44,High,Loyal (31+),1,365,0,0,Low (<3.5)
1836,43,Male,Skirt,Clothing,58.0,Idaho,L,Teal,Spring,4.5,No,Bank Transfer,No,1,Every 3 Months,0,35-44,Mid-Low,New (0-5),0,90,0,0,High (4.5+)
1837,43,Male,Shorts,Clothing,50.0,California,M,Red,Fall,4.3,No,Bank Transfer,No,32,Bi-Weekly,0,35-44,Mid-Low,Loyal (31+),1,14,0,0,Medium (3.5-4.4)
1838,61,Female,Skirt,Clothing,42.0,Alabama,M,Blue,Fall,2.7,No,Debit Card,Yes,7,Quarterly,0,55-64,Mid-Low,Occasional (6-15),0,90,1,0,Low (<3.5)
1839,32,Male,Gloves,Accessories,61.0,Vermont,S,Black,Summer,3.9,No,Credit Card,Yes,27,Bi-Weekly,0,25-34,Mid-High,Regular (16-30),1,14,1,0,Medium (3.5-4.4)
1840,38,Male,Hat,Accessories,99.0,Vermont,L,Teal,Winter,4.9,No,Debit Card,No,1,Monthly,0,35-44,High,New (0-5),0,30,0,0,High (4.5+)
1841,20,Female,Pants,Clothing,69.0,California,S,Gray,Summer,4.7,No,Bank Transfer,No,38,Bi-Weekly,0,18-24,Mid-High,Loyal (31+),1,14,0,0,High (4.5+)
1842,36,Male,Boots,Footwear,78.0,Vermont,M,Gray,Spring,4.1,No,PayPal,No,50,Every 3 Months,0,35-44,Mid-High,Loyal (31+),1,90,0,0,Medium (3.5-4.4)
1843,22,Female,Shirt,Clothing,83.0,Texas,L,Pink,Winter,3.0,No,Credit Card,Yes,7,Every 3 Months,0,18-24,High,Occasional (6-15),0,90,1,0,Low (<3.5)
1844,48,Male,Jacket,Outerwear,83.0,Minnesota,L,Gray,Spring,3.8,No,Cash,Yes,21,Annually,1,45-54,High,Regular (16-30),1,365,1,0,Medium (3.5-4.4)
1845,65,Female,Shirt,Clothing,52.0,Vermont,L,Blue,Spring,2.9,No,Debit Card,No,10,Fortnightly,0,65+,Mid-Low,Occasional (6-15),1,14,0,0,Low (<3.5)
1846,42,Male,Handbag,Accessories,82.0,Illinois,M,Pink,Summer,4.6,No,Debit Card,No,10,Annually,0,35-44,High,Occasional (6-15),1,365,0,0,High (4.5+)
1847,66,Male,Pants,Clothing,46.0,Idaho,M,Gray,Fall,4.4,No,Venmo,No,40,Fortnightly,0,65+,Mid-Low,Loyal (31+),1,14,0,0,Medium (3.5-4.4)
1848,69,Male,Handbag,Accessories,67.0,Illinois,M,White,Summer,4.8,Yes,Bank Transfer,No,6,Quarterly,0,65+,Mid-High,Occasional (6-15),0,90,0,1,High (4.5+)
1849,20,Male,Shorts,Clothing,44.0,Idaho,M,Pink,Winter,2.7,No,Credit Card,Yes,7,Fortnightly,0,18-24,Mid-Low,Occasional (6-15),0,14,1,0,Low (<3.5)
1850,45,Male,Scarf,Accessories,96.0,Nevada,M,Pink,Summer,4.9,No,Bank Transfer,Yes,19,Every 3 Months,0,45-54,High,Regular (16-30),1,90,1,0,High (4.5+)
1851,45,Female,Jeans,Clothing,79.0,Idaho,M,White,Winter,4.9,No,Bank Transfer,Yes,16,Every 3 Months,0,45-54,Mid-High,Regular (16-30),1,90,1,0,High (4.5+)
1852,38,Female,Scarf,Accessories,67.0,Illinois,S,Olive,Fall,4.2,No,Bank Transfer,Yes,49,Every 3 Months,0,35-44,Mid-High,Loyal (31+),1,90,1,0,Medium (3.5-4.4)
1853,62,Male,Slippers,Footwear,56.0,Minnesota,XL,Teal,Spring,4.7,Yes,PayPal,Yes,20,Fortnightly,0,55-64,Mid-Low,Regular (16-30),1,14,1,1,High (4.5+)
1854,38,Male,Sunglasses,Accessories,62.0,Florida,S,Pink,Summer,3.6,No,Venmo,No,28,Every 3 Months,0,35-44,Mid-High,Regular (16-30),1,90,0,0,Medium (3.5-4.4)
1855,20,Female,Gloves,Accessories,83.0,Georgia,M,White,Spring,3.3,No,PayPal,Yes,6,Fortnightly,0,18-24,High,Occasional (6-15),0,14,1,0,Low (<3.5)
1856,47,Female,Coat,Outerwear,42.0,California,XL,Pink,Winter,2.9,No,Cash,No,18,Every 3 Months,0,45-54,Mid-Low,Regular (16-30),1,90,0,0,Low (<3.5)
1857,28,Male,Socks,Clothing,87.0,Florida,L,Black,Fall,2.6,Yes,Bank Transfer,No,11,Monthly,0,25-34,High,Occasional (6-15),1,30,0,1,Low (<3.5)
1858,36,Male,T-shirt,Clothing,42.0,California,M,Gray,Summer,2.6,No,Venmo,Yes,19,Fortnightly,0,35-44,Mid-Low,Regular (16-30),1,14,1,0,Low (<3.5)
1859,44,Female,T-shirt,Clothing,31.0,Vermont,L,Gray,Fall,4.2,No,Debit Card,No,16,Annually,0,35-44,Low,Regular (16-30),1,365,0,0,Medium (3.5-4.4)
1860,56,Male,Shorts,Clothing,79.0,Alabama,S,Black,Fall,3.3,No,Cash,Yes,6,Every 3 Months,0,55-64,Mid-High,Occasional (6-15),0,90,1,0,Low (<3.5)
1861,32,Male,Sandals,Footwear,77.0,Georgia,L,Olive,Fall,2.6,No,Credit Card,Yes,28,Fortnightly,0,25-34,Mid-High,Regular (16-30),1,14,1,0,Low (<3.5)
1862,38,Female,Coat,Outerwear,47.0,Maine,M,Blue,Summer,2.8,No,Credit Card,Yes,26,Bi-Weekly,0,35-44,Mid-Low,Regular (16-30),1,14,1,0,Low (<3.5)
1863,21,Male,Jacket,Outerwear,72.0,Minnesota,XL,Pink,Summer,4.2,No,Debit Card,Yes,26,Every 3 Months,0,18-24,Mid-High,Regular (16-30),1,90,1,0,Medium (3.5-4.4)
1864,38,Female,Sneakers,Footwear,79.0,Minnesota,M,Teal,Summer,4.8,No,PayPal,No,22,Fortnightly,0,35-44,Mid-High,Regular (16-30),1,14,0,0,High (4.5+)
1865,48,Male,Jewelry,Accessories,83.0,Minnesota,L,Gray,Winter,3.7,Yes,PayPal,No,27,Monthly,1,45-54,High,Regular (16-30),1,30,0,1,Medium (3.5-4.4)
1866,50,Female,Handbag,Accessories,97.0,Nevada,M,Olive,Summer,4.4,Yes,Credit Card,No,37,Weekly,0,45-54,High,Loyal (31+),1,7,0,1,Medium (3.5-4.4)
1867,33,Female,Coat,Outerwear,89.0,Nevada,S,Black,Summer,4.9,Yes,Debit Card,No,14,Weekly,0,25-34,High,Occasional (6-15),1,7,0,1,High (4.5+)
1868,21,Female,T-shirt,Clothing,55.0,Florida,M,Teal,Fall,4.3,No,Credit Card,No,10,Fortnightly,0,18-24,Mid-Low,Occasional (6-15),1,14,0,0,Medium (3.5-4.4)
1869,48,Female,Sandals,Footwear,38.0,Nevada,L,Olive,Fall,4.3,No,Venmo,No,34,Quarterly,0,45-54,Low,Loyal (31+),1,90,0,0,Medium (3.5-4.4)
1870,52,Female,Belt,Accessories,27.0,Maine,M,Red,Winter,4.0,No,PayPal,No,7,Monthly,0,45-54,Low,Occasional (6-15),0,30,0,0,Medium (3.5-4.4)
1871,22,Male,Sweater,Clothing,66.0,Nevada,XL,Black,Spring,4.9,No,Bank Transfer,No,18,Bi-Weekly,0,18-24,Mid-High,Regular (16-30),1,14,0,0,High (4.5+)
1872,44,Female,Socks,Clothing,73.0,Alabama,M,Gray,Spring,3.2,Yes,Venmo,Yes,30,Fortnightly,0,35-44,Mid-High,Regular (16-30),1,14,1,1,Low (<3.5)
1873,23,Female,Hoodie,Outerwear,75.0,Minnesota,L,Teal,Summer,4.5,No,Credit Card,No,30,Every 3 Months,0,18-24,Mid-High,Regular (16-30),1,90,0,0,High (4.5+)
1874,42,Male,Jacket,Outerwear,20.0,Oregon,M,Pink,Fall,3.5,Yes,Venmo,No,38,Quarterly,0,35-44,Low,Loyal (31+),1,90,0,1,Medium (3.5-4.4)
1875,51,Male,Scarf,Accessories,76.0,Idaho,M,Black,Winter,2.9,No,Credit Card,Yes,24,Annually,0,45-54,Mid-High,Regular (16-30),1,365,1,0,Low (<3.5)
1876,56,Male,Jewelry,Accessories,83.0,Alabama,L,Pink,Fall,4.3,No,Venmo,No,25,Annually,0,55-64,High,Regular (16-30),1,365,0,0,Medium (3.5-4.4)
1877,55,Male,Socks,Clothing,78.0,Alabama,L,Black,Winter,4.6,Yes,PayPal,No,3,Quarterly,0,55-64,Mid-High,New (0-5),0,90,0,1,High (4.5+)
1878,58,Female,Dress,Clothing,62.0,Florida,M,Red,Spring,4.7,No,Debit Card,No,40,Weekly,0,55-64,Mid-High,Loyal (31+),1,7,0,0,High (4.5+)
1879,30,Male,Slippers,Footwear,21.0,Idaho,M,Red,Fall,4.8,No,Cash,Yes,12,Annually,0,25-34,Low,Occasional (6-15),1,365,1,0,High (4.5+)
1880,62,Male,Sandals,Footwear,59.0,Nevada,M,Black,Winter,4.4,No,Cash,Yes,43,Weekly,0,55-64,Mid-Low,Loyal (31+),1,7,1,0,Medium (3.5-4.4)
1881,36,Male,Sandals,Footwear,72.0,Florida,M,White,Fall,3.8,Yes,Bank Transfer,Yes,33,Quarterly,0,35-44,Mid-High,Loyal (31+),1,90,1,1,Medium (3.5-4.4)
1882,37,Male,Gloves,Accessories,66.0,Utah,S,Teal,Summer,4.8,No,Cash,No,46,Fortnightly,0,35-44,Mid-High,Loyal (31+),1,14,0,0,High (4.5+)
1883,59,Female,Shirt,Clothing,66.0,Nevada,S,Olive,Winter,3.0,Yes,PayPal,No,44,Every 3 Months,0,55-64,Mid-High,Loyal (31+),1,90,0,1,Low (<3.5)
1884,35,Male,Scarf,Accessories,61.0,Vermont,M,Pink,Winter,2.7,No,Venmo,No,19,Every 3 Months,0,35-44,Mid-High,Regular (16-30),1,90,0,0,Low (<3.5)
1885,21,Male,Sweater,Clothing,64.0,Texas,XL,Gray,Summer,3.6,No,Debit Card,No,20,Every 3 Months,0,18-24,Mid-High,Regular (16-30),1,90,0,0,Medium (3.5-4.4)
1886,55,Male,Jeans,Clothing,46.0,Maine,S,Red,Fall,4.0,Yes,Credit Card,Yes,46,Fortnightly,0,55-64,Mid-Low,Loyal (31+),1,14,1,1,Medium (3.5-4.4)
1887,53,Female,Sweater,Clothing,69.0,Illinois,M,Black,Winter,4.2,No,PayPal,Yes,45,Quarterly,0,45-54,Mid-High,Loyal (31+),1,90,1,0,Medium (3.5-4.4)
1888,48,Female,Shirt,Clothing,42.0,Utah,M,Gray,Spring,4.5,Yes,Venmo,No,36,Fortnightly,0,45-54,Mid-Low,Loyal (31+),1,14,0,1,High (4.5+)
1889,25,Male,Belt,Accessories,59.0,Alabama,M,Pink,Spring,2.6,No,PayPal,Yes,47,Annually,0,25-34,Mid-Low,Loyal (31+),1,365,1,0,Low (<3.5)
1890,51,Male,Sneakers,Footwear,53.0,Idaho,L,White,Fall,4.5,No,Debit Card,No,32,Fortnightly,0,45-54,Mid-Low,Loyal (31+),1,14,0,0,High (4.5+)
1891,28,Male,Blouse,Clothing,77.0,California,L,Red,Winter,4.0,No,Credit Card,No,2,Every 3 Months,0,25-34,Mid-High,New (0-5),0,90,0,0,Medium (3.5-4.4)
1892,47,Male,Belt,Accessories,92.0,Florida,L,Red,Spring,4.9,Yes,PayPal,No,28,Fortnightly,0,45-54,High,Regular (16-30),1,14,0,1,High (4.5+)
1893,44,Female,Shoes,Footwear,71.0,Florida,L,Pink,Fall,3.4,No,Venmo,No,19,Bi-Weekly,0,35-44,Mid-High,Regular (16-30),1,14,0,0,Low (<3.5)
1894,58,Male,Dress,Clothing,30.0,Illinois,S,White,Fall,4.0,No,Bank Transfer,Yes,1,Every 3 Months,0,55-64,Low,New (0-5),0,90,1,0,Medium (3.5-4.4)
1895,69,Male,Dress,Clothing,74.0,Utah,M,Black,Winter,4.4,No,Cash,No,28,Annually,0,65+,Mid-High,Regular (16-30),1,365,0,0,Medium (3.5-4.4)
1896,28,Male,Sweater,Clothing,46.0,Alabama,M,White,Winter,3.8,No,PayPal,No,29,Quarterly,0,25-34,Mid-Low,Regular (16-30),1,90,0,0,Medium (3.5-4.4)
1897,24,Male,Scarf,Accessories,24.0,Texas,XL,White,Spring,2.9,No,Bank Transfer,Yes,37,Bi-Weekly,0,18-24,Low,Loyal (31+),1,14,1,0,Low (<3.5)
1898,47,Male,Dress,Clothing,35.0,Ohio,L,Pink,Fall,2.6,No,Venmo,No,39,Bi-Weekly,0,45-54,Low,Loyal (31+),1,14,0,0,Low (<3.5)
1899,68,Male,T-shirt,Clothing,100.0,Texas,S,Blue,Fall,2.8,No,PayPal,No,17,Quarterly,0,65+,High,Regular (16-30),1,90,0,0,Low (<3.5)
1900,26,Male,T-shirt,Clothing,54.0,Oregon,M,Blue,Summer,3.7,No,Bank Transfer,Yes,50,Monthly,0,25-34,Mid-Low,Loyal (31+),1,30,1,0,Medium (3.5-4.4)
1901,43,Male,Sandals,Footwear,36.0,Utah,M,Blue,Spring,4.1,No,Credit Card,Yes,23,Fortnightly,0,35-44,Low,Regular (16-30),1,14,1,0,Medium (3.5-4.4)
1902,39,Male,Jeans,Clothing,30.0,Oregon,XL,Pink,Summer,3.9,No,Debit Card,Yes,22,Quarterly,0,35-44,Low,Regular (16-30),1,90,1,0,Medium (3.5-4.4)
1903,34,Female,Belt,Accessories,72.0,Utah,S,Olive,Fall,4.3,No,Bank Transfer,Yes,10,Monthly,0,25-34,Mid-High,Occasional (6-15),1,30,1,0,Medium (3.5-4.4)
1904,53,Male,T-shirt,Clothing,81.0,Georgia,M,Red,Fall,2.6,No,Venmo,Yes,50,Annually,0,45-54,High,Loyal (31+),1,365,1,0,Low (<3.5)
1905,33,Male,Jewelry,Accessories,48.0,Minnesota,M,Pink,Fall,2.8,No,Bank Transfer,Yes,20,Weekly,0,25-34,Mid-Low,Regular (16-30),1,7,1,0,Low (<3.5)
1906,44,Male,Slippers,Footwear,28.0,Ohio,L,Black,Fall,4.4,Yes,Venmo,Yes,9,Every 3 Months,0,35-44,Low,Occasional (6-15),0,90,1,1,Medium (3.5-4.4)
1907,62,Female,Sneakers,Footwear,48.0,Illinois,L,Olive,Winter,4.5,No,Venmo,No,43,Every 3 Months,0,55-64,Mid-Low,Loyal (31+),1,90,0,0,High (4.5+)
1908,38,Female,Dress,Clothing,73.0,Utah,M,Blue,Fall,4.3,No,Credit Card,Yes,48,Every 3 Months,0,35-44,Mid-High,Loyal (31+),1,90,1,0,Medium (3.5-4.4)
1909,19,Female,Backpack,Accessories,29.0,Vermont,L,Red,Spring,4.4,No,PayPal,No,11,Quarterly,0,18-24,Low,Occasional (6-15),1,90,0,0,Medium (3.5-4.4)
1910,64,Male,Jewelry,Accessories,41.0,Utah,S,White,Summer,4.9,No,Debit Card,Yes,30,Annually,0,55-64,Mid-Low,Regular (16-30),1,365,1,0,High (4.5+)
1911,32,Female,Dress,Clothing,20.0,Oregon,L,Black,Spring,4.9,Yes,Debit Card,No,46,Bi-Weekly,0,25-34,Low,Loyal (31+),1,14,0,1,High (4.5+)
1912,58,Male,Shorts,Clothing,58.0,Georgia,M,Olive,Winter,4.1,No,Venmo,Yes,34,Bi-Weekly,0,55-64,Mid-Low,Loyal (31+),1,14,1,0,Medium (3.5-4.4)
1913,58,Female,Hat,Accessories,33.0,Maine,M,Pink,Winter,3.3,No,PayPal,Yes,22,Annually,0,55-64,Low,Regular (16-30),1,365,1,0,Low (<3.5)
1914,45,Female,Shoes,Footwear,36.0,Illinois,M,Teal,Winter,2.5,No,Credit Card,No,29,Weekly,0,45-54,Low,Regular (16-30),1,7,0,0,Low (<3.5)
1915,22,Male,Sweater,Clothing,29.0,Alabama,M,White,Spring,4.1,Yes,Credit Card,No,6,Every 3 Months,0,18-24,Low,Occasional (6-15),0,90,0,1,Medium (3.5-4.4)
1916,68,Male,Sweater,Clothing,79.0,Ohio,M,Pink,Fall,3.6,No,Credit Card,No,50,Every 3 Months,0,65+,Mid-High,Loyal (31+),1,90,0,0,Medium (3.5-4.4)
1917,54,Male,Hat,Accessories,59.0,New York,M,Black,Spring,2.9,No,PayPal,No,26,Quarterly,0,45-54,Mid-Low,Regular (16-30),1,90,0,0,Low (<3.5)
1918,40,Male,Jewelry,Accessories,96.0,Oregon,S,Pink,Summer,3.0,Yes,Bank Transfer,Yes,3,Weekly,0,35-44,High,New (0-5),0,7,1,1,Low (<3.5)
1919,63,Female,Shoes,Footwear,51.0,Oregon,M,Gray,Summer,4.8,No,Debit Card,Yes,17,Quarterly,0,55-64,Mid-Low,Regular (16-30),1,90,1,0,High (4.5+)
1920,59,Male,Jacket,Outerwear,37.0,Vermont,L,Pink,Summer,2.7,No,PayPal,No,21,Monthly,0,55-64,Low,Regular (16-30),1,30,0,0,Low (<3.5)
1921,58,Female,Slippers,Footwear,36.0,Maine,M,Black,Summer,4.5,Yes,PayPal,No,50,Weekly,0,55-64,Low,Loyal (31+),1,7,0,1,High (4.5+)
1922,26,Female,Skirt,Clothing,97.0,Montana,M,Pink,Summer,4.8,No,Bank Transfer,No,44,Every 3 Months,0,25-34,High,Loyal (31+),1,90,0,0,High (4.5+)
1923,51,Male,Sandals,Footwear,67.0,Minnesota,L,Red,Spring,4.2,Yes,Cash,No,16,Every 3 Months,0,45-54,Mid-High,Regular (16-30),1,90,0,1,Medium (3.5-4.4)
1924,33,Male,Socks,Clothing,46.0,Minnesota,M,Gray,Winter,2.7,No,PayPal,Yes,9,Monthly,0,25-34,Mid-Low,Occasional (6-15),0,30,1,0,Low (<3.5)
1925,22,Male,Jeans,Clothing,72.0,Florida,L,Gray,Summer,4.6,No,PayPal,No,3,Fortnightly,0,18-24,Mid-High,New (0-5),0,14,0,0,High (4.5+)
1926,35,Female,Jeans,Clothing,65.0,Minnesota,M,Olive,Winter,4.1,No,Cash,No,29,Bi-Weekly,0,35-44,Mid-High,Regular (16-30),1,14,0,0,Medium (3.5-4.4)
1927,23,Male,Shorts,Clothing,29.0,Vermont,XL,Gray,Spring,3.2,No,Venmo,Yes,23,Monthly,0,18-24,Low,Regular (16-30),1,30,1,0,Low (<3.5)
1928,23,Male,Backpack,Accessories,76.0,Alabama,L,Red,Winter,4.1,No,Venmo,No,27,Monthly,0,18-24,Mid-High,Regular (16-30),1,30,0,0,Medium (3.5-4.4)
1929,56,Male,Socks,Clothing,29.0,Nevada,M,Red,Fall,2.8,No,Venmo,Yes,14,Quarterly,0,55-64,Low,Occasional (6-15),1,90,1,0,Low (<3.5)
1930,44,Female,Sweater,Clothing,36.0,Georgia,M,Black,Spring,4.3,No,Venmo,Yes,41,Fortnightly,0,35-44,Low,Loyal (31+),1,14,1,0,Medium (3.5-4.4)
1931,39,Male,Gloves,Accessories,77.0,Minnesota,L,Olive,Winter,4.8,No,PayPal,No,26,Every 3 Months,0,35-44,Mid-High,Regular (16-30),1,90,0,0,High (4.5+)
1932,28,Male,Jewelry,Accessories,56.0,Montana,L,Olive,Fall,3.8,No,Cash,Yes,46,Weekly,0,25-34,Mid-Low,Loyal (31+),1,7,1,0,Medium (3.5-4.4)
1933,58,Female,Hat,Accessories,37.0,Minnesota,M,Gray,Fall,4.9,No,Debit Card,No,12,Annually,0,55-64,Low,Occasional (6-15),1,365,0,0,High (4.5+)
1934,51,Male,Belt,Accessories,25.0,Minnesota,M,Olive,Winter,3.6,Yes,Cash,Yes,13,Bi-Weekly,0,45-54,Low,Occasional (6-15),1,14,1,1,Medium (3.5-4.4)
1935,49,Male,Scarf,Accessories,68.0,Texas,S,Blue,Winter,4.6,Yes,Bank Transfer,Yes,30,Every 3 Months,0,45-54,Mid-High,Regular (16-30),1,90,1,1,High (4.5+)
1936,28,Male,Jeans,Clothing,76.0,Oregon,L,White,Spring,4.4,Yes,Cash,No,35,Weekly,0,25-34,Mid-High,Loyal (31+),1,7,0,1,Medium (3.5-4.4)
1937,24,Male,Sneakers,Footwear,36.0,Ohio,L,Teal,Summer,2.7,Yes,Cash,No,15,Quarterly,0,18-24,Low,Occasional (6-15),1,90,0,1,Low (<3.5)
1938,24,Male,Scarf,Accessories,53.0,New York,M,Teal,Spring,4.8,No,Debit Card,No,28,Annually,0,18-24,Mid-Low,Regular (16-30),1,365,0,0,High (4.5+)
1939,19,Male,Shorts,Clothing,47.0,Ohio,M,Pink,Spring,4.8,No,Cash,No,26,Annually,0,18-24,Mid-Low,Regular (16-30),1,365,0,0,High (4.5+)
1940,69,Male,Sweater,Clothing,92.0,Idaho,L,Black,Spring,3.4,No,Cash,No,34,Monthly,0,65+,High,Loyal (31+),1,30,0,0,Low (<3.5)
1941,37,Male,Pants,Clothing,84.0,Idaho,XL,Gray,Fall,4.5,Yes,Cash,Yes,32,Bi-Weekly,0,35-44,High,Loyal (31+),1,14,1,1,High (4.5+)
1942,52,Male,Shoes,Footwear,42.0,Texas,M,Olive,Fall,3.1,No,Venmo,No,11,Annually,0,45-54,Mid-Low,Occasional (6-15),1,365,0,0,Low (<3.5)
1943,70,Male,Skirt,Clothing,61.0,Georgia,M,Black,Spring,2.6,Yes,Credit Card,Yes,6,Quarterly,0,65+,Mid-High,Occasional (6-15),0,90,1,1,Low (<3.5)
1944,67,Male,Jeans,Clothing,94.0,Ohio,M,Teal,Summer,3.0,Yes,Cash,No,14,Annually,0,65+,High,Occasional (6-15),1,365,0,1,Low (<3.5)
1945,34,Female,Hat,Accessories,48.0,Montana,L,Pink,Spring,3.7,No,Debit Card,No,7,Fortnightly,0,25-34,Mid-Low,Occasional (6-15),0,14,0,0,Medium (3.5-4.4)
1946,43,Female,Hoodie,Outerwear,31.0,Vermont,S,Blue,Spring,2.6,Yes,PayPal,Yes,28,Monthly,0,35-44,Low,Regular (16-30),1,30,1,1,Low (<3.5)
1947,42,Male,Jeans,Clothing,44.0,Minnesota,M,Gray,Spring,2.9,No,Venmo,No,26,Bi-Weekly,0,35-44,Mid-Low,Regular (16-30),1,14,0,0,Low (<3.5)
1948,19,Female,Coat,Outerwear,69.0,Oregon,L,Teal,Fall,4.9,No,PayPal,No,1,Bi-Weekly,0,18-24,Mid-High,New (0-5),0,14,0,0,High (4.5+)
1949,58,Female,T-shirt,Clothing,100.0,Utah,M,Pink,Spring,3.7,No,Bank Transfer,Yes,42,Annually,0,55-64,High,Loyal (31+),1,365,1,0,Medium (3.5-4.4)
1950,48,Male,Coat,Outerwear,44.0,Vermont,S,Pink,Winter,4.6,Yes,PayPal,No,36,Annually,0,45-54,Mid-Low,Loyal (31+),1,365,0,1,High (4.5+)
1951,37,Female,Jacket,Outerwear,24.0,California,M,Teal,Winter,3.0,No,Debit Card,No,24,Quarterly,0,35-44,Low,Regular (16-30),1,90,0,0,Low (<3.5)
1952,47,Female,Skirt,Clothing,34.0,Idaho,S,Olive,Winter,2.7,No,Debit Card,Yes,9,Weekly,0,45-54,Low,Occasional (6-15),0,7,1,0,Low (<3.5)
1953,56,Male,Backpack,Accessories,53.0,Florida,M,Teal,Winter,4.5,No,Cash,No,9,Monthly,0,55-64,Mid-Low,Occasional (6-15),0,30,0,0,High (4.5+)
1954,18,Male,Jacket,Outerwear,27.0,Maine,M,Teal,Winter,3.4,No,Bank Transfer,No,47,Monthly,0,18-24,Low,Loyal (31+),1,30,0,0,Low (<3.5)
1955,52,Male,Hat,Accessories,22.0,Georgia,S,Black,Winter,3.6,Yes,Bank Transfer,Yes,12,Quarterly,0,45-54,Low,Occasional (6-15),1,90,1,1,Medium (3.5-4.4)
1956,63,Male,Hoodie,Outerwear,73.0,Ohio,S,Olive,Winter,5.0,No,Credit Card,Yes,44,Fortnightly,0,55-64,Mid-High,Loyal (31+),1,14,1,0,High (4.5+)
1957,56,Female,Sneakers,Footwear,86.0,Idaho,L,Blue,Spring,3.3,Yes,Venmo,No,34,Quarterly,0,55-64,High,Loyal (31+),1,90,0,1,Low (<3.5)
1958,50,Male,Pants,Clothing,38.0,Oregon,L,Red,Fall,3.7,No,PayPal,No,32,Every 3 Months,0,45-54,Low,Loyal (31+),1,90,0,0,Medium (3.5-4.4)
1959,22,Male,Gloves,Accessories,62.0,Florida,S,White,Summer,4.1,No,Bank Transfer,No,42,Monthly,0,18-24,Mid-High,Loyal (31+),1,30,0,0,Medium (3.5-4.4)
1960,57,Male,Belt,Accessories,66.0,Nevada,L,Olive,Winter,2.7,Yes,Bank Transfer,No,45,Every 3 Months,0,55-64,Mid-High,Loyal (31+),1,90,0,1,Low (<3.5)
1961,57,Female,Hat,Accessories,74.0,Florida,S,Pink,Spring,4.3,Yes,Cash,No,14,Fortnightly,0,55-64,Mid-High,Occasional (6-15),1,14,0,1,Medium (3.5-4.4)
1962,44,Male,Dress,Clothing,99.0,Illinois,L,Red,Summer,3.6,No,Cash,No,50,Quarterly,0,35-44,High,Loyal (31+),1,90,0,0,Medium (3.5-4.4)
1963,48,Female,Slippers,Footwear,91.0,Maine,L,Olive,Summer,2.9,No,Debit Card,Yes,7,Monthly,0,45-54,High,Occasional (6-15),0,30,1,0,Low (<3.5)
1964,50,Male,Skirt,Clothing,45.0,Montana,M,Blue,Winter,3.6,No,Cash,No,39,Bi-Weekly,0,45-54,Mid-Low,Loyal (31+),1,14,0,0,Medium (3.5-4.4)
1965,24,Male,Backpack,Accessories,99.0,Georgia,M,Olive,Summer,3.7,No,Debit Card,Yes,20,Bi-Weekly,0,18-24,High,Regular (16-30),1,14,1,0,Medium (3.5-4.4)
1966,31,Male,Sweater,Clothing,22.0,Georgia,M,Black,Winter,4.1,No,Venmo,No,32,Monthly,0,25-34,Low,Loyal (31+),1,30,0,0,Medium (3.5-4.4)
1967,59,Male,Belt,Accessories,97.0,Florida,M,Teal,Summer,4.8,No,PayPal,Yes,42,Monthly,0,55-64,High,Loyal (31+),1,30,1,0,High (4.5+)
1968,69,Male,Belt,Accessories,31.0,Georgia,M,Red,Fall,4.4,No,Cash,Yes,23,Quarterly,0,65+,Low,Regular (16-30),1,90,1,0,Medium (3.5-4.4)
1969,32,Female,Boots,Footwear,29.0,Utah,S,Gray,Fall,3.5,No,Bank Transfer,No,5,Annually,0,25-34,Low,New (0-5),0,365,0,0,Medium (3.5-4.4)
1970,39,Male,Slippers,Footwear,29.0,Idaho,L,Pink,Summer,4.9,No,Cash,Yes,41,Quarterly,0,35-44,Low,Loyal (31+),1,90,1,0,High (4.5+)
1971,66,Male,Dress,Clothing,29.0,Ohio,M,Black,Summer,4.5,No,Cash,Yes,7,Monthly,0,65+,Low,Occasional (6-15),0,30,1,0,High (4.5+)
1972,26,Female,Hoodie,Outerwear,57.0,Florida,M,Teal,Summer,2.6,No,Bank Transfer,No,36,Annually,0,25-34,Mid-Low,Loyal (31+),1,365,0,0,Low (<3.5)
1973,31,Female,Backpack,Accessories,71.0,Vermont,M,Gray,Fall,2.8,Yes,Venmo,No,23,Fortnightly,0,25-34,Mid-High,Regular (16-30),1,14,0,1,Low (<3.5)
1974,20,Male,Dress,Clothing,80.0,Oregon,L,Teal,Summer,3.0,No,Venmo,Yes,24,Fortnightly,0,18-24,Mid-High,Regular (16-30),1,14,1,0,Low (<3.5)
1975,30,Female,Dress,Clothing,21.0,Texas,M,Gray,Winter,2.7,Yes,Cash,Yes,14,Weekly,0,25-34,Low,Occasional (6-15),1,7,1,1,Low (<3.5)
1976,51,Male,Sweater,Clothing,44.0,Ohio,M,White,Spring,3.7,No,Debit Card,No,26,Fortnightly,0,45-54,Mid-Low,Regular (16-30),1,14,0,0,Medium (3.5-4.4)
1977,36,Male,Slippers,Footwear,30.0,Idaho,L,Gray,Spring,3.4,No,Credit Card,No,10,Weekly,0,35-44,Low,Occasional (6-15),1,7,0,0,Low (<3.5)
1978,70,Male,Coat,Outerwear,31.0,Minnesota,S,Gray,Spring,4.9,Yes,PayPal,Yes,12,Fortnightly,0,65+,Low,Occasional (6-15),1,14,1,1,High (4.5+)
1979,65,Female,Handbag,Accessories,80.0,New York,M,Teal,Winter,3.7,No,Debit Card,Yes,24,Quarterly,0,65+,Mid-High,Regular (16-30),1,90,1,0,Medium (3.5-4.4)
1980,65,Female,Shorts,Clothing,71.0,Utah,M,Gray,Summer,3.0,No,PayPal,No,40,Quarterly,0,65+,Mid-High,Loyal (31+),1,90,0,0,Low (<3.5)
1981,56,Male,Belt,Accessories,37.0,Georgia,M,Red,Spring,4.9,Yes,Bank Transfer,Yes,26,Quarterly,0,55-64,Low,Regular (16-30),1,90,1,1,High (4.5+)
1982,55,Male,Jeans,Clothing,44.0,Florida,XL,White,Spring,3.8,No,Bank Transfer,No,44,Annually,0,55-64,Mid-Low,Loyal (31+),1,365,0,0,Medium (3.5-4.4)
1983,45,Male,Gloves,Accessories,94.0,California,M,Blue,Winter,2.7,No,Cash,Yes,14,Annually,0,45-54,High,Occasional (6-15),1,365,1,0,Low (<3.5)
1984,70,Male,Jeans,Clothing,66.0,Oregon,M,Gray,Winter,2.7,No,Bank Transfer,No,1,Bi-Weekly,0,65+,Mid-High,New (0-5),0,14,0,0,Low (<3.5)
1985,23,Male,Scarf,Accessories,39.0,Nevada,S,Blue,Summer,4.2,No,Debit Card,No,16,Fortnightly,0,18-24,Low,Regular (16-30),1,14,0,0,Medium (3.5-4.4)
1986,56,Male,Coat,Outerwear,95.0,Florida,XL,Blue,Fall,3.7,No,Debit Card,Yes,6,Bi-Weekly,0,55-64,High,Occasional (6-15),0,14,1,0,Medium (3.5-4.4)
1987,25,Male,Skirt,Clothing,36.0,New York,L,Black,Summer,4.1,No,Cash,No,27,Annually,0,25-34,Low,Regular (16-30),1,365,0,0,Medium (3.5-4.4)
1988,35,Male,Belt,Accessories,43.0,Oregon,S,Teal,Winter,4.6,No,Credit Card,Yes,50,Annually,0,35-44,Mid-Low,Loyal (31+),1,365,1,0,High (4.5+)
1989,31,Male,Hoodie,Outerwear,76.0,Illinois,M,Pink,Fall,4.2,Yes,Venmo,No,25,Fortnightly,0,25-34,Mid-High,Regular (16-30),1,14,0,1,Medium (3.5-4.4)
1990,49,Female,Sweater,Clothing,61.0,Idaho,S,Blue,Summer,4.7,No,Debit Card,No,9,Fortnightly,0,45-54,Mid-High,Occasional (6-15),0,14,0,0,High (4.5+)
1991,59,Male,Jeans,Clothing,25.0,Illinois,L,White,Winter,4.4,No,Credit Card,Yes,30,Every 3 Months,0,55-64,Low,Regular (16-30),1,90,1,0,Medium (3.5-4.4)
1992,22,Male,Scarf,Accessories,85.0,Utah,M,Pink,Spring,4.2,Yes,Credit Card,No,37,Annually,0,18-24,High,Loyal (31+),1,365,0,1,Medium (3.5-4.4)
1993,49,Male,Blouse,Clothing,38.0,California,S,Pink,Winter,2.8,No,Debit Card,No,44,Annually,0,45-54,Low,Loyal (31+),1,365,0,0,Low (<3.5)
1994,29,Male,Jeans,Clothing,76.0,Alabama,M,Teal,Summer,3.7,Yes,Venmo,Yes,25,Annually,0,25-34,Mid-High,Regular (16-30),1,365,1,1,Medium (3.5-4.4)
1995,22,Male,Slippers,Footwear,47.0,Minnesota,XL,Gray,Winter,3.6,No,Venmo,Yes,22,Fortnightly,0,18-24,Mid-Low,Regular (16-30),1,14,1,0,Medium (3.5-4.4)
1996,40,Male,Hat,Accessories,80.0,Georgia,M,Olive,Winter,3.9,Yes,Debit Card,No,27,Every 3 Months,0,35-44,Mid-High,Regular (16-30),1,90,0,1,Medium (3.5-4.4)
1997,48,Male,Sweater,Clothing,92.0,Minnesota,S,Olive,Fall,3.5,No,Debit Card,Yes,11,Quarterly,0,45-54,High,Occasional (6-15),1,90,1,0,Medium (3.5-4.4)
1998,28,Male,Socks,Clothing,82.0,Utah,XL,White,Spring,4.1,No,Cash,No,6,Bi-Weekly,0,25-34,High,Occasional (6-15),0,14,0,0,Medium (3.5-4.4)
1999,38,Male,Handbag,Accessories,94.0,Vermont,S,Gray,Winter,3.5,No,Venmo,Yes,39,Weekly,0,35-44,High,Loyal (31+),1,7,1,0,Medium (3.5-4.4)
2000,68,Male,Boots,Footwear,63.0,Florida,M,Blue,Fall,3.9,No,Cash,No,7,Quarterly,0,65+,Mid-High,Occasional (6-15),0,90,0,0,Medium (3.5-4.4)
2001,36,Male,Handbag,Accessories,25.0,Minnesota,M,Pink,Winter,3.7,Yes,PayPal,No,35,Bi-Weekly,1,35-44,Low,Loyal (31+),1,14,0,1,Medium (3.5-4.4)
2002,70,Male,Shoes,Footwear,63.0,Texas,M,Teal,Spring,4.8,Yes,Debit Card,Yes,29,Bi-Weekly,0,65+,Mid-High,Regular (16-30),1,14,1,1,High (4.5+)
2003,62,Female,Coat,Outerwear,57.0,Florida,M,Black,Spring,3.4,No,Cash,No,24,Weekly,0,55-64,Mid-Low,Regular (16-30),1,7,0,0,Low (<3.5)
2004,37,Female,Belt,Accessories,78.0,California,S,Black,Summer,4.3,Yes,Bank Transfer,No,19,Weekly,0,35-44,Mid-High,Regular (16-30),1,7,0,1,Medium (3.5-4.4)
2005,48,Male,Socks,Clothing,40.0,Georgia,S,Blue,Summer,4.0,Yes,Cash,Yes,50,Fortnightly,0,45-54,Mid-Low,Loyal (31+),1,14,1,1,Medium (3.5-4.4)
2006,55,Female,Sunglasses,Accessories,76.0,New York,M,Black,Spring,3.5,No,PayPal,No,40,Weekly,0,55-64,Mid-High,Loyal (31+),1,7,0,0,Medium (3.5-4.4)
2007,42,Female,Slippers,Footwear,55.0,Georgia,L,Black,Spring,4.5,No,Debit Card,No,9,Annually,0,35-44,Mid-Low,Occasional (6-15),0,365,0,0,High (4.5+)
2008,39,Male,Socks,Clothing,74.0,Texas,S,Teal,Summer,4.8,Yes,Credit Card,Yes,49,Weekly,0,35-44,Mid-High,Loyal (31+),1,7,1,1,High (4.5+)
2009,35,Male,Dress,Clothing,54.0,Georgia,L,Gray,Winter,4.4,No,Bank Transfer,No,7,Bi-Weekly,0,35-44,Mid-Low,Occasional (6-15),0,14,0,0,Medium (3.5-4.4)
2010,25,Female,Handbag,Accessories,50.0,California,M,Pink,Spring,4.9,Yes,Venmo,No,41,Annually,0,25-34,Mid-Low,Loyal (31+),1,365,0,1,High (4.5+)
2011,19,Male,Shorts,Clothing,37.0,Montana,S,Gray,Spring,3.6,No,Cash,Yes,22,Weekly,0,18-24,Low,Regular (16-30),1,7,1,0,Medium (3.5-4.4)
2012,35,Male,Skirt,Clothing,87.0,California,M,Olive,Winter,4.8,Yes,PayPal,No,21,Quarterly,0,35-44,High,Regular (16-30),1,90,0,1,High (4.5+)
2013,60,Male,Pants,Clothing,25.0,Georgia,M,Olive,Spring,4.7,No,PayPal,No,26,Fortnightly,0,55-64,Low,Regular (16-30),1,14,0,0,High (4.5+)
2014,30,Male,Slippers,Footwear,39.0,Vermont,M,White,Spring,4.4,Yes,PayPal,Yes,25,Bi-Weekly,0,25-34,Low,Regular (16-30),1,14,1,1,Medium (3.5-4.4)
2015,27,Female,Skirt,Clothing,54.0,Vermont,M,White,Winter,4.6,No,Debit Card,No,7,Monthly,0,25-34,Mid-Low,Occasional (6-15),0,30,0,0,High (4.5+)
2016,35,Male,Sandals,Footwear,32.0,Minnesota,L,Red,Summer,4.3,Yes,PayPal,No,8,Quarterly,0,35-44,Low,Occasional (6-15),0,90,0,1,Medium (3.5-4.4)
2017,49,Male,Jeans,Clothing,94.0,Alabama,XL,Blue,Summer,3.8,No,Credit Card,No,37,Every 3 Months,0,45-54,High,Loyal (31+),1,90,0,0,Medium (3.5-4.4)
2018,29,Male,Sweater,Clothing,47.0,Minnesota,M,Pink,Spring,3.9,No,PayPal,No,35,Quarterly,0,25-34,Mid-Low,Loyal (31+),1,90,0,0,Medium (3.5-4.4)
2019,29,Male,Scarf,Accessories,39.0,Georgia,XL,Blue,Summer,3.5,No,Venmo,Yes,20,Weekly,0,25-34,Low,Regular (16-30),1,7,1,0,Medium (3.5-4.4)
2020,23,Female,Jeans,Clothing,40.0,Alabama,M,Blue,Winter,4.2,Yes,Cash,Yes,23,Fortnightly,0,18-24,Mid-Low,Regular (16-30),1,14,1,1,Medium (3.5-4.4)
2021,35,Female,Backpack,Accessories,35.0,Ohio,S,Gray,Winter,3.3,No,Cash,Yes,20,Quarterly,0,35-44,Low,Regular (16-30),1,90,1,0,Low (<3.5)
2022,29,Female,Dress,Clothing,73.0,Florida,M,White,Fall,4.3,No,Bank Transfer,No,43,Bi-Weekly,0,25-34,Mid-High,Loyal (31+),1,14,0,0,Medium (3.5-4.4)
2023,62,Male,Jeans,Clothing,58.0,Minnesota,L,Pink,Fall,3.8,Yes,Cash,No,4,Weekly,0,55-64,Mid-Low,New (0-5),0,7,0,1,Medium (3.5-4.4)
2024,66,Male,Shirt,Clothing,38.0,Nevada,L,Black,Fall,3.4,Yes,Debit Card,No,33,Monthly,0,65+,Low,Loyal (31+),1,30,0,1,Low (<3.5)
2025,37,Male,Sandals,Footwear,90.0,Florida,XL,Pink,Fall,2.9,No,Credit Card,No,16,Bi-Weekly,0,35-44,High,Regular (16-30),1,14,0,0,Low (<3.5)
2026,22,Male,Pants,Clothing,73.0,Maine,L,Gray,Fall,3.1,No,Venmo,No,9,Every 3 Months,0,18-24,Mid-High,Occasional (6-15),0,90,0,0,Low (<3.5)
2027,22,Female,Gloves,Accessories,52.0,Illinois,M,Teal,Spring,4.1,No,Credit Card,Yes,8,Annually,0,18-24,Mid-Low,Occasional (6-15),0,365,1,0,Medium (3.5-4.4)
2028,35,Male,Shorts,Clothing,61.0,Ohio,XL,Blue,Winter,3.4,No,Credit Card,No,21,Weekly,0,35-44,Mid-High,Regular (16-30),1,7,0,0,Low (<3.5)
2029,42,Male,Slippers,Footwear,73.0,Idaho,XL,Teal,Winter,2.6,No,Debit Card,Yes,8,Every 3 Months,0,35-44,Mid-High,Occasional (6-15),0,90,1,0,Low (<3.5)
2030,46,Male,Sneakers,Footwear,32.0,Montana,L,Pink,Spring,3.3,Yes,Debit Card,Yes,34,Annually,0,45-54,Low,Loyal (31+),1,365,1,1,Low (<3.5)
2031,34,Female,Blouse,Clothing,85.0,Florida,M,Red,Spring,3.4,No,Venmo,Yes,17,Quarterly,0,25-34,High,Regular (16-30),1,90,1,0,Low (<3.5)
2032,36,Male,Slippers,Footwear,40.0,Nevada,L,Blue,Winter,3.1,No,Cash,No,43,Quarterly,0,35-44,Mid-Low,Loyal (31+),1,90,0,0,Low (<3.5)
2033,33,Female,Pants,Clothing,22.0,Alabama,M,White,Spring,3.2,No,PayPal,No,8,Monthly,0,25-34,Low,Occasional (6-15),0,30,0,0,Low (<3.5)
2034,45,Female,T-shirt,Clothing,62.0,Montana,XL,White,Winter,4.3,No,Debit Card,Yes,18,Monthly,0,45-54,Mid-High,Regular (16-30),1,30,1,0,Medium (3.5-4.4)
2035,54,Female,Dress,Clothing,90.0,Vermont,XL,Gray,Winter,4.4,No,PayPal,No,20,Weekly,0,45-54,High,Regular (16-30),1,7,0,0,Medium (3.5-4.4)
2036,20,Male,Handbag,Accessories,79.0,Georgia,L,Teal,Spring,4.9,No,Cash,No,34,Fortnightly,0,18-24,Mid-High,Loyal (31+),1,14,0,0,High (4.5+)
2037,43,Male,Coat,Outerwear,44.0,Utah,M,Gray,Winter,2.8,Yes,Bank Transfer,No,15,Quarterly,0,35-44,Mid-Low,Occasional (6-15),1,90,0,1,Low (<3.5)
2038,52,Male,Shorts,Clothing,52.0,California,S,Teal,Spring,3.3,No,Debit Card,Yes,9,Monthly,0,45-54,Mid-Low,Occasional (6-15),0,30,1,0,Low (<3.5)
2039,53,Female,Jewelry,Accessories,68.0,Montana,XL,Pink,Summer,2.7,Yes,Bank Transfer,Yes,21,Fortnightly,0,45-54,Mid-High,Regular (16-30),1,14,1,1,Low (<3.5)
2040,47,Female,Scarf,Accessories,38.0,Illinois,L,Olive,Fall,4.0,Yes,PayPal,Yes,46,Bi-Weekly,0,45-54,Low,Loyal (31+),1,14,1,1,Medium (3.5-4.4)
2041,45,Male,Shorts,Clothing,86.0,California,L,Olive,Fall,2.5,No,Credit Card,No,41,Quarterly,0,45-54,High,Loyal (31+),1,90,0,0,Low (<3.5)
2042,54,Male,Scarf,Accessories,43.0,Nevada,XL,Teal,Spring,3.0,No,Debit Card,No,29,Fortnightly,0,45-54,Mid-Low,Regular (16-30),1,14,0,0,Low (<3.5)
2043,38,Male,Handbag,Accessories,37.0,Florida,M,Pink,Spring,4.0,No,Venmo,Yes,50,Fortnightly,0,35-44,Low,Loyal (31+),1,14,1,0,Medium (3.5-4.4)
2044,48,Male,Jacket,Outerwear,27.0,Illinois,L,White,Summer,3.4,No,Debit Card,Yes,39,Annually,0,45-54,Low,Loyal (31+),1,365,1,0,Low (<3.5)
2045,34,Male,Hoodie,Outerwear,76.0,New York,S,Gray,Fall,3.9,No,Bank Transfer,No,39,Monthly,0,25-34,Mid-High,Loyal (31+),1,30,0,0,Medium (3.5-4.4)
2046,41,Male,Jeans,Clothing,22.0,Ohio,M,Red,Summer,4.1,No,Cash,No,20,Monthly,0,35-44,Low,Regular (16-30),1,30,0,0,Medium (3.5-4.4)
2047,24,Female,Shoes,Footwear,85.0,Minnesota,M,Teal,Summer,4.6,No,Credit Card,Yes,25,Weekly,0,18-24,High,Regular (16-30),1,7,1,0,High (4.5+)
2048,36,Male,Slippers,Footwear,98.0,Nevada,M,White,Spring,3.5,No,Bank Transfer,No,48,Weekly,0,35-44,High,Loyal (31+),1,7,0,0,Medium (3.5-4.4)
2049,25,Male,Sweater,Clothing,29.0,Texas,M,Pink,Winter,3.2,No,PayPal,No,47,Quarterly,0,25-34,Low,Loyal (31+),1,90,0,0,Low (<3.5)
2050,30,Male,Shirt,Clothing,27.0,Vermont,L,Red,Fall,3.8,Yes,Credit Card,No,37,Bi-Weekly,0,25-34,Low,Loyal (31+),1,14,0,1,Medium (3.5-4.4)
2051,40,Male,Jacket,Outerwear,95.0,Alabama,S,Teal,Winter,2.7,No,Venmo,No,5,Fortnightly,0,35-44,High,New (0-5),0,14,0,0,Low (<3.5)
2052,44,Female,Pants,Clothing,30.0,California,L,Pink,Summer,2.6,Yes,Credit Card,No,8,Fortnightly,0,35-44,Low,Occasional (6-15),0,14,0,1,Low (<3.5)
2053,67,Male,Slippers,Footwear,53.0,Georgia,S,Blue,Winter,3.6,No,Credit Card,No,23,Every 3 Months,0,65+,Mid-Low,Regular (16-30),1,90,0,0,Medium (3.5-4.4)
2054,19,Male,Sunglasses,Accessories,90.0,Texas,L,Pink,Fall,3.0,No,Debit Card,No,28,Annually,0,18-24,High,Regular (16-30),1,365,0,0,Low (<3.5)
2055,65,Male,Sweater,Clothing,31.0,Nevada,M,White,Fall,2.5,Yes,Credit Card,Yes,32,Fortnightly,0,65+,Low,Loyal (31+),1,14,1,1,Low (<3.5)
2056,35,Male,Shoes,Footwear,73.0,Oregon,L,Black,Summer,4.2,Yes,Venmo,Yes,14,Fortnightly,0,35-44,Mid-High,Occasional (6-15),1,14,1,1,Medium (3.5-4.4)
2057,56,Male,Jacket,Outerwear,50.0,Vermont,M,Gray,Fall,4.5,No,Cash,Yes,40,Every 3 Months,0,55-64,Mid-Low,Loyal (31+),1,90,1,0,High (4.5+)
2058,53,Male,Boots,Footwear,55.0,Idaho,M,Red,Summer,2.9,No,Credit Card,Yes,42,Monthly,0,45-54,Mid-Low,Loyal (31+),1,30,1,0,Low (<3.5)
2059,69,Male,Pants,Clothing,95.0,Georgia,M,White,Fall,3.9,No,Bank Transfer,No,11,Every 3 Months,0,65+,High,Occasional (6-15),1,90,0,0,Medium (3.5-4.4)
2060,23,Male,Jeans,Clothing,72.0,Florida,S,Teal,Summer,5.0,No,Credit Card,Yes,40,Every 3 Months,0,18-24,Mid-High,Loyal (31+),1,90,1,0,High (4.5+)
2061,69,Male,Coat,Outerwear,45.0,Texas,M,Black,Winter,3.2,No,Venmo,No,8,Every 3 Months,0,65+,Mid-Low,Occasional (6-15),0,90,0,0,Low (<3.5)
2062,21,Male,T-shirt,Clothing,95.0,Georgia,M,Gray,Winter,4.3,No,Credit Card,No,25,Fortnightly,0,18-24,High,Regular (16-30),1,14,0,0,Medium (3.5-4.4)
2063,64,Male,Slippers,Footwear,67.0,Alabama,S,Blue,Summer,2.9,No,Venmo,No,44,Monthly,0,55-64,Mid-High,Loyal (31+),1,30,0,0,Low (<3.5)
2064,52,Female,Sweater,Clothing,28.0,Maine,L,Blue,Summer,4.8,No,PayPal,Yes,16,Monthly,0,45-54,Low,Regular (16-30),1,30,1,0,High (4.5+)
2065,43,Male,Sweater,Clothing,51.0,Texas,M,White,Winter,2.5,No,Bank Transfer,Yes,35,Annually,0,35-44,Mid-Low,Loyal (31+),1,365,1,0,Low (<3.5)
2066,39,Male,Hoodie,Outerwear,39.0,Utah,M,Red,Fall,3.2,Yes,Cash,Yes,43,Quarterly,0,35-44,Low,Loyal (31+),1,90,1,1,Low (<3.5)
2067,22,Male,Sneakers,Footwear,72.0,Nevada,M,Olive,Spring,4.9,No,Credit Card,No,25,Every 3 Months,0,18-24,Mid-High,Regular (16-30),1,90,0,0,High (4.5+)
2068,60,Female,Jacket,Outerwear,89.0,Oregon,M,Blue,Winter,4.2,Yes,Credit Card,Yes,43,Annually,0,55-64,High,Loyal (31+),1,365,1,1,Medium (3.5-4.4)
2069,56,Male,Shirt,Clothing,23.0,Nevada,M,Olive,Fall,3.0,No,Venmo,Yes,32,Quarterly,0,55-64,Low,Loyal (31+),1,90,1,0,Low (<3.5)
2070,67,Female,Boots,Footwear,83.0,New York,L,Red,Fall,4.5,Yes,Venmo,Yes,26,Quarterly,0,65+,High,Regular (16-30),1,90,1,1,High (4.5+)
2071,56,Male,Handbag,Accessories,94.0,New York,M,Pink,Winter,4.7,No,PayPal,No,6,Monthly,0,55-64,High,Occasional (6-15),0,30,0,0,High (4.5+)
2072,68,Female,Sandals,Footwear,100.0,Utah,M,Red,Spring,3.7,No,Venmo,No,36,Weekly,0,65+,High,Loyal (31+),1,7,0,0,Medium (3.5-4.4)
2073,65,Male,T-shirt,Clothing,73.0,Georgia,M,Blue,Winter,2.9,No,Debit Card,No,16,Every 3 Months,0,65+,Mid-High,Regular (16-30),1,90,0,0,Low (<3.5)
2074,40,Male,Belt,Accessories,45.0,Illinois,M,Gray,Spring,3.1,No,Debit Card,Yes,15,Bi-Weekly,0,35-44,Mid-Low,Occasional (6-15),1,14,1,0,Low (<3.5)
2075,55,Male,Socks,Clothing,31.0,Georgia,L,Olive,Winter,4.9,Yes,Debit Card,Yes,46,Weekly,0,55-64,Low,Loyal (31+),1,7,1,1,High (4.5+)
2076,32,Male,Boots,Footwear,96.0,Texas,M,Red,Fall,2.9,No,Bank Transfer,No,18,Bi-Weekly,0,25-34,High,Regular (16-30),1,14,0,0,Low (<3.5)
2077,60,Female,Hoodie,Outerwear,53.0,California,L,Teal,Fall,3.3,No,PayPal,Yes,18,Bi-Weekly,0,55-64,Mid-Low,Regular (16-30),1,14,1,0,Low (<3.5)
2078,50,Female,Sweater,Clothing,47.0,Maine,M,Gray,Fall,2.9,No,Credit Card,Yes,48,Bi-Weekly,0,45-54,Mid-Low,Loyal (31+),1,14,1,0,Low (<3.5)
2079,41,Male,Skirt,Clothing,79.0,Idaho,L,Blue,Summer,2.8,No,Credit Card,No,15,Fortnightly,0,35-44,Mid-High,Occasional (6-15),1,14,0,0,Low (<3.5)
2080,51,Male,Dress,Clothing,77.0,Georgia,M,Black,Winter,3.8,No,Credit Card,No,37,Annually,0,45-54,Mid-High,Loyal (31+),1,365,0,0,Medium (3.5-4.4)
2081,32,Male,Pants,Clothing,85.0,Nevada,XL,Red,Spring,3.5,No,PayPal,Yes,27,Annually,0,25-34,High,Regular (16-30),1,365,1,0,Medium (3.5-4.4)
2082,50,Male,Socks,Clothing,91.0,Utah,M,Black,Fall,2.6,No,Credit Card,No,4,Weekly,0,45-54,High,New (0-5),0,7,0,0,Low (<3.5)
2083,43,Male,Scarf,Accessories,91.0,Nevada,M,Black,Winter,2.9,No,Bank Transfer,Yes,30,Monthly,0,35-44,High,Regular (16-30),1,30,1,0,Low (<3.5)
2084,35,Male,Blouse,Clothing,33.0,California,XL,Blue,Spring,2.6,No,Cash,Yes,23,Bi-Weekly,0,35-44,Low,Regular (16-30),1,14,1,0,Low (<3.5)
2085,69,Male,Sunglasses,Accessories,33.0,Maine,M,Blue,Fall,2.6,No,PayPal,Yes,37,Every 3 Months,0,65+,Low,Loyal (31+),1,90,1,0,Low (<3.5)
2086,21,Female,Skirt,Clothing,36.0,Oregon,M,Teal,Winter,2.9,No,Venmo,Yes,20,Monthly,0,18-24,Low,Regular (16-30),1,30,1,0,Low (<3.5)
2087,58,Female,Sweater,Clothing,70.0,Alabama,M,Olive,Fall,4.4,No,Cash,Yes,13,Quarterly,0,55-64,Mid-High,Occasional (6-15),1,90,1,0,Medium (3.5-4.4)
2088,29,Female,Shorts,Clothing,67.0,Illinois,M,Pink,Fall,2.5,Yes,Credit Card,No,12,Weekly,0,25-34,Mid-High,Occasional (6-15),1,7,0,1,Low (<3.5)
2089,29,Male,Gloves,Accessories,89.0,Georgia,L,Gray,Spring,3.3,No,Bank Transfer,No,27,Quarterly,0,25-34,High,Regular (16-30),1,90,0,0,Low (<3.5)
2090,26,Female,Shoes,Footwear,88.0,Maine,M,Black,Winter,3.9,Yes,Debit Card,No,50,Monthly,0,25-34,High,Loyal (31+),1,30,0,1,Medium (3.5-4.4)
2091,23,Male,Skirt,Clothing,85.0,Alabama,S,Pink,Winter,4.4,No,Debit Card,No,23,Annually,0,18-24,High,Regular (16-30),1,365,0,0,Medium (3.5-4.4)
2092,24,Male,Backpack,Accessories,26.0,Oregon,S,Red,Winter,4.2,No,Bank Transfer,Yes,7,Weekly,0,18-24,Low,Occasional (6-15),0,7,1,0,Medium (3.5-4.4)
2093,62,Male,Sandals,Footwear,76.0,Illinois,XL,Red,Spring,5.0,No,Bank Transfer,Yes,42,Bi-Weekly,0,55-64,Mid-High,Loyal (31+),1,14,1,0,High (4.5+)
2094,67,Female,Skirt,Clothing,88.0,Idaho,M,Gray,Summer,3.2,No,PayPal,Yes,16,Every 3 Months,0,65+,High,Regular (16-30),1,90,1,0,Low (<3.5)
2095,48,Male,Scarf,Accessories,99.0,Florida,M,White,Winter,2.5,No,Debit Card,No,22,Fortnightly,0,45-54,High,Regular (16-30),1,14,0,0,Low (<3.5)
2096,18,Female,T-shirt,Clothing,47.0,Georgia,XL,Red,Fall,2.6,No,Credit Card,Yes,43,Fortnightly,0,18-24,Mid-Low,Loyal (31+),1,14,1,0,Low (<3.5)
2097,63,Male,Socks,Clothing,82.0,Utah,M,Gray,Winter,2.7,No,Cash,Yes,6,Bi-Weekly,0,55-64,High,Occasional (6-15),0,14,1,0,Low (<3.5)
2098,49,Female,Boots,Footwear,52.0,Nevada,L,Olive,Fall,4.9,No,Debit Card,No,7,Monthly,0,45-54,Mid-Low,Occasional (6-15),0,30,0,0,High (4.5+)
2099,45,Female,Sweater,Clothing,33.0,Idaho,L,Gray,Fall,3.9,No,Debit Card,Yes,11,Weekly,0,45-54,Low,Occasional (6-15),1,7,1,0,Medium (3.5-4.4)
2100,68,Female,Sweater,Clothing,47.0,Ohio,M,Teal,Summer,4.5,Yes,Debit Card,No,19,Quarterly,0,65+,Mid-Low,Regular (16-30),1,90,0,1,High (4.5+)
2101,39,Male,Hat,Accessories,40.0,Florida,L,Teal,Winter,5.0,Yes,Debit Card,Yes,43,Every 3 Months,0,35-44,Mid-Low,Loyal (31+),1,90,1,1,High (4.5+)
2102,37,Male,Jeans,Clothing,93.0,Vermont,XL,Black,Fall,4.6,Yes,Credit Card,No,32,Bi-Weekly,0,35-44,High,Loyal (31+),1,14,0,1,High (4.5+)
2103,59,Female,Belt,Accessories,34.0,California,M,Black,Winter,3.5,No,Venmo,No,39,Fortnightly,0,55-64,Low,Loyal (31+),1,14,0,0,Medium (3.5-4.4)
2104,45,Male,Hoodie,Outerwear,30.0,Florida,S,Gray,Spring,4.7,No,Venmo,Yes,17,Bi-Weekly,0,45-54,Low,Regular (16-30),1,14,1,0,High (4.5+)
2105,55,Male,Hat,Accessories,66.0,Ohio,L,Pink,Summer,3.6,No,Credit Card,Yes,21,Quarterly,0,55-64,Mid-High,Regular (16-30),1,90,1,0,Medium (3.5-4.4)
2106,54,Female,Sunglasses,Accessories,66.0,Texas,M,Gray,Spring,2.8,No,PayPal,No,21,Monthly,0,45-54,Mid-High,Regular (16-30),1,30,0,0,Low (<3.5)
2107,62,Male,Gloves,Accessories,65.0,California,M,White,Fall,3.9,No,Cash,No,6,Quarterly,0,55-64,Mid-High,Occasional (6-15),0,90,0,0,Medium (3.5-4.4)
2108,34,Female,Hoodie,Outerwear,31.0,Montana,M,Gray,Fall,4.8,No,Venmo,Yes,28,Every 3 Months,0,25-34,Low,Regular (16-30),1,90,1,0,High (4.5+)
2109,21,Male,Sweater,Clothing,60.0,Texas,L,Teal,Summer,4.5,No,Bank Transfer,Yes,17,Annually,0,18-24,Mid-Low,Regular (16-30),1,365,1,0,High (4.5+)
2110,43,Female,Jeans,Clothing,95.0,Illinois,L,White,Summer,3.5,No,Debit Card,Yes,48,Monthly,0,35-44,High,Loyal (31+),1,30,1,0,Medium (3.5-4.4)
2111,52,Male,Slippers,Footwear,27.0,Texas,XL,Red,Fall,4.6,Yes,Bank Transfer,Yes,35,Every 3 Months,0,45-54,Low,Loyal (31+),1,90,1,1,High (4.5+)
2112,61,Male,Sneakers,Footwear,84.0,Montana,M,Olive,Winter,3.7,No,PayPal,No,44,Monthly,0,55-64,High,Loyal (31+),1,30,0,0,Medium (3.5-4.4)
2113,32,Female,Shirt,Clothing,30.0,Maine,XL,Red,Summer,4.2,No,Cash,Yes,10,Weekly,0,25-34,Low,Occasional (6-15),1,7,1,0,Medium (3.5-4.4)
2114,57,Male,Backpack,Accessories,38.0,Minnesota,M,Black,Summer,3.3,Yes,PayPal,No,6,Quarterly,0,55-64,Low,Occasional (6-15),0,90,0,1,Low (<3.5)
2115,62,Male,Skirt,Clothing,92.0,Nevada,L,Olive,Spring,3.0,No,Bank Transfer,No,22,Annually,0,55-64,High,Regular (16-30),1,365,0,0,Low (<3.5)
2116,60,Male,Jacket,Outerwear,44.0,Minnesota,L,Olive,Winter,3.3,No,Venmo,No,29,Bi-Weekly,0,55-64,Mid-Low,Regular (16-30),1,14,0,0,Low (<3.5)
2117,60,Male,Blouse,Clothing,62.0,New York,M,Olive,Winter,4.7,No,Venmo,Yes,28,Monthly,0,55-64,Mid-High,Regular (16-30),1,30,1,0,High (4.5+)
2118,70,Male,Pants,Clothing,50.0,Ohio,M,Olive,Fall,5.0,No,Venmo,No,33,Every 3 Months,0,65+,Mid-Low,Loyal (31+),1,90,0,0,High (4.5+)
2119,53,Male,Sweater,Clothing,69.0,Florida,M,Olive,Winter,3.2,Yes,PayPal,No,42,Every 3 Months,0,45-54,Mid-High,Loyal (31+),1,90,0,1,Low (<3.5)
2120,37,Female,T-shirt,Clothing,52.0,Oregon,M,Blue,Winter,2.9,No,Bank Transfer,Yes,17,Weekly,0,35-44,Mid-Low,Regular (16-30),1,7,1,0,Low (<3.5)
2121,41,Male,Jeans,Clothing,55.0,Vermont,L,Black,Winter,2.7,Yes,Venmo,Yes,15,Weekly,0,35-44,Mid-Low,Occasional (6-15),1,7,1,1,Low (<3.5)
2122,57,Male,Dress,Clothing,86.0,Idaho,S,Teal,Summer,4.4,No,Venmo,No,14,Monthly,0,55-64,High,Occasional (6-15),1,30,0,0,Medium (3.5-4.4)
2123,30,Male,T-shirt,Clothing,64.0,Georgia,L,White,Spring,3.8,No,Debit Card,No,19,Weekly,0,25-34,Mid-High,Regular (16-30),1,7,0,0,Medium (3.5-4.4)
2124,49,Male,Dress,Clothing,65.0,Texas,M,Pink,Winter,3.9,No,Debit Card,Yes,30,Annually,0,45-54,Mid-High,Regular (16-30),1,365,1,0,Medium (3.5-4.4)
2125,48,Male,Blouse,Clothing,85.0,Alabama,M,Gray,Spring,2.6,No,Cash,No,41,Quarterly,0,45-54,High,Loyal (31+),1,90,0,0,Low (<3.5)
2126,53,Female,Shirt,Clothing,54.0,Utah,L,Gray,Summer,2.7,Yes,Debit Card,Yes,21,Quarterly,0,45-54,Mid-Low,Regular (16-30),1,90,1,1,Low (<3.5)
2127,40,Male,Skirt,Clothing,86.0,Oregon,M,Black,Fall,4.8,No,Debit Card,Yes,21,Quarterly,0,35-44,High,Regular (16-30),1,90,1,0,High (4.5+)
2128,57,Male,Jeans,Clothing,78.0,Idaho,XL,Teal,Winter,3.9,No,Venmo,Yes,46,Monthly,0,55-64,Mid-High,Loyal (31+),1,30,1,0,Medium (3.5-4.4)
2129,21,Female,Jeans,Clothing,91.0,Idaho,XL,Gray,Fall,3.0,No,Credit Card,Yes,18,Weekly,0,18-24,High,Regular (16-30),1,7,1,0,Low (<3.5)
2130,57,Male,Jeans,Clothing,57.0,Florida,M,Pink,Summer,3.0,Yes,PayPal,No,9,Every 3 Months,0,55-64,Mid-Low,Occasional (6-15),0,90,0,1,Low (<3.5)
2131,61,Male,Pants,Clothing,65.0,Oregon,M,Pink,Winter,3.1,Yes,Credit Card,Yes,18,Monthly,0,55-64,Mid-High,Regular (16-30),1,30,1,1,Low (<3.5)
2132,64,Female,Jewelry,Accessories,30.0,Montana,S,White,Spring,2.7,No,PayPal,Yes,3,Bi-Weekly,0,55-64,Low,New (0-5),0,14,1,0,Low (<3.5)
2133,66,Male,Jacket,Outerwear,29.0,Florida,L,Teal,Spring,2.6,No,Credit Card,No,19,Monthly,0,65+,Low,Regular (16-30),1,30,0,0,Low (<3.5)
2134,36,Male,Coat,Outerwear,28.0,Ohio,S,Gray,Fall,4.3,No,Venmo,No,45,Monthly,0,35-44,Low,Loyal (31+),1,30,0,0,Medium (3.5-4.4)
2135,20,Female,Sandals,Footwear,71.0,Vermont,XL,White,Summer,3.2,No,Bank Transfer,No,41,Annually,0,18-24,Mid-High,Loyal (31+),1,365,0,0,Low (<3.5)
2136,52,Male,Sneakers,Footwear,46.0,Oregon,XL,Gray,Summer,3.5,No,Credit Card,Yes,45,Fortnightly,0,45-54,Mid-Low,Loyal (31+),1,14,1,0,Medium (3.5-4.4)
2137,22,Male,Skirt,Clothing,43.0,Utah,S,Gray,Summer,3.8,No,PayPal,Yes,16,Fortnightly,0,18-24,Mid-Low,Regular (16-30),1,14,1,0,Medium (3.5-4.4)
2138,32,Male,Jewelry,Accessories,68.0,Montana,L,Olive,Summer,3.3,No,Credit Card,No,21,Weekly,0,25-34,Mid-High,Regular (16-30),1,7,0,0,Low (<3.5)
2139,55,Female,Hat,Accessories,52.0,Maine,M,Blue,Winter,3.7,No,Credit Card,Yes,43,Quarterly,0,55-64,Mid-Low,Loyal (31+),1,90,1,0,Medium (3.5-4.4)
2140,49,Female,Hat,Accessories,30.0,Minnesota,M,Teal,Summer,4.7,No,Credit Card,Yes,38,Weekly,0,45-54,Low,Loyal (31+),1,7,1,0,High (4.5+)
2141,50,Female,Hat,Accessories,65.0,Ohio,M,White,Fall,3.1,No,Venmo,No,10,Every 3 Months,0,45-54,Mid-High,Occasional (6-15),1,90,0,0,Low (<3.5)
2142,57,Male,Sweater,Clothing,64.0,Utah,L,Red,Spring,4.5,No,Bank Transfer,No,43,Every 3 Months,0,55-64,Mid-High,Loyal (31+),1,90,0,0,High (4.5+)
2143,26,Female,Backpack,Accessories,31.0,Georgia,S,Pink,Winter,3.2,No,Debit Card,No,6,Quarterly,0,25-34,Low,Occasional (6-15),0,90,0,0,Low (<3.5)
2144,59,Male,Jewelry,Accessories,41.0,Illinois,L,Black,Winter,3.0,Yes,Debit Card,Yes,13,Monthly,0,55-64,Mid-Low,Occasional (6-15),1,30,1,1,Low (<3.5)
2145,49,Male,Dress,Clothing,39.0,Illinois,M,Red,Spring,2.7,Yes,Credit Card,No,27,Bi-Weekly,0,45-54,Low,Regular (16-30),1,14,0,1,Low (<3.5)
2146,40,Male,Jacket,Outerwear,76.0,Oregon,L,Red,Fall,4.2,Yes,Bank Transfer,Yes,33,Annually,0,35-44,Mid-High,Loyal (31+),1,365,1,1,Medium (3.5-4.4)
2147,42,Female,Sweater,Clothing,40.0,Utah,XL,Pink,Fall,3.5,No,Venmo,No,40,Every 3 Months,0,35-44,Mid-Low,Loyal (31+),1,90,0,0,Medium (3.5-4.4)
2148,44,Male,Hoodie,Outerwear,22.0,Texas,L,Pink,Spring,4.4,No,Bank Transfer,Yes,37,Fortnightly,0,35-44,Low,Loyal (31+),1,14,1,0,Medium (3.5-4.4)
2149,47,Male,Gloves,Accessories,41.0,Montana,M,Pink,Winter,2.8,No,Cash,No,15,Fortnightly,0,45-54,Mid-Low,Occasional (6-15),1,14,0,0,Low (<3.5)
2150,35,Male,Skirt,Clothing,57.0,Idaho,M,Blue,Winter,4.0,No,Debit Card,No,18,Fortnightly,0,35-44,Mid-Low,Regular (16-30),1,14,0,0,Medium (3.5-4.4)
2151,29,Male,Scarf,Accessories,82.0,Oregon,M,Red,Winter,2.5,No,Cash,No,37,Monthly,0,25-34,High,Loyal (31+),1,30,0,0,Low (<3.5)
2152,26,Female,Shirt,Clothing,24.0,Oregon,M,Black,Fall,3.1,No,Venmo,No,48,Quarterly,0,25-34,Low,Loyal (31+),1,90,0,0,Low (<3.5)
2153,36,Female,Jewelry,Accessories,91.0,Utah,XL,Pink,Fall,4.0,No,Credit Card,Yes,44,Fortnightly,0,35-44,High,Loyal (31+),1,14,1,0,Medium (3.5-4.4)
2154,31,Male,Scarf,Accessories,46.0,Ohio,M,Blue,Fall,2.6,Yes,Cash,No,49,Weekly,0,25-34,Mid-Low,Loyal (31+),1,7,0,1,Low (<3.5)
2155,45,Female,Hat,Accessories,47.0,New York,M,Red,Winter,3.4,No,PayPal,Yes,34,Bi-Weekly,0,45-54,Mid-Low,Loyal (31+),1,14,1,0,Low (<3.5)
2156,66,Male,Sunglasses,Accessories,21.0,California,L,Olive,Fall,3.9,Yes,Debit Card,No,25,Monthly,0,65+,Low,Regular (16-30),1,30,0,1,Medium (3.5-4.4)
2157,23,Female,T-shirt,Clothing,42.0,Maine,M,Pink,Fall,4.3,No,Debit Card,Yes,39,Quarterly,0,18-24,Mid-Low,Loyal (31+),1,90,1,0,Medium (3.5-4.4)
2158,34,Male,Socks,Clothing,57.0,Vermont,L,Black,Spring,4.3,No,Bank Transfer,Yes,4,Weekly,0,25-34,Mid-Low,New (0-5),0,7,1,0,Medium (3.5-4.4)
2159,20,Male,Pants,Clothing,70.0,Montana,M,Pink,Fall,2.9,No,Cash,Yes,47,Quarterly,0,18-24,Mid-High,Loyal (31+),1,90,1,0,Low (<3.5)
2160,69,Male,Shorts,Clothing,82.0,Nevada,S,Red,Spring,2.7,Yes,Debit Card,No,46,Fortnightly,0,65+,High,Loyal (31+),1,14,0,1,Low (<3.5)
2161,55,Male,Sandals,Footwear,62.0,Minnesota,L,Red,Summer,3.4,No,Bank Transfer,Yes,26,Bi-Weekly,0,55-64,Mid-High,Regular (16-30),1,14,1,0,Low (<3.5)
2162,30,Male,Shorts,Clothing,28.0,Oregon,M,White,Winter,3.1,No,Cash,No,27,Monthly,0,25-34,Low,Regular (16-30),1,30,0,0,Low (<3.5)
2163,39,Male,T-shirt,Clothing,51.0,Maine,XL,Olive,Spring,3.3,No,Bank Transfer,Yes,27,Weekly,0,35-44,Mid-Low,Regular (16-30),1,7,1,0,Low (<3.5)
2164,56,Female,Jeans,Clothing,79.0,Illinois,M,Red,Winter,3.4,Yes,Debit Card,Yes,7,Monthly,0,55-64,Mid-High,Occasional (6-15),0,30,1,1,Low (<3.5)
2165,68,Male,Handbag,Accessories,71.0,Vermont,S,Black,Summer,3.5,No,PayPal,No,11,Weekly,0,65+,Mid-High,Occasional (6-15),1,7,0,0,Medium (3.5-4.4)
2166,48,Male,Pants,Clothing,67.0,Idaho,M,White,Winter,3.8,No,Cash,Yes,37,Fortnightly,0,45-54,Mid-High,Loyal (31+),1,14,1,0,Medium (3.5-4.4)
2167,32,Male,Backpack,Accessories,61.0,Maine,M,Olive,Winter,2.5,No,Credit Card,No,2,Monthly,0,25-34,Mid-High,New (0-5),0,30,0,0,Low (<3.5)
2168,54,Male,Dress,Clothing,60.0,Oregon,M,Black,Spring,3.2,No,Cash,No,35,Fortnightly,0,45-54,Mid-Low,Loyal (31+),1,14,0,0,Low (<3.5)
2169,54,Male,Jeans,Clothing,100.0,Idaho,M,Gray,Spring,3.2,No,Cash,No,16,Monthly,0,45-54,High,Regular (16-30),1,30,0,0,Low (<3.5)
2170,52,Male,Sneakers,Footwear,68.0,Florida,M,Olive,Winter,3.1,Yes,PayPal,Yes,7,Fortnightly,0,45-54,Mid-High,Occasional (6-15),0,14,1,1,Low (<3.5)
2171,20,Female,Dress,Clothing,68.0,Alabama,XL,Teal,Summer,4.5,No,Cash,Yes,30,Monthly,0,18-24,Mid-High,Regular (16-30),1,30,1,0,High (4.5+)
2172,55,Male,Pants,Clothing,47.0,Alabama,M,White,Summer,3.1,Yes,Credit Card,No,14,Weekly,0,55-64,Mid-Low,Occasional (6-15),1,7,0,1,Low (<3.5)
2173,19,Female,Boots,Footwear,59.0,California,L,Blue,Spring,2.9,Yes,Cash,No,23,Fortnightly,0,18-24,Mid-Low,Regular (16-30),1,14,0,1,Low (<3.5)
2174,65,Male,Sweater,Clothing,77.0,Oregon,M,White,Fall,4.6,No,PayPal,No,44,Annually,0,65+,Mid-High,Loyal (31+),1,365,0,0,High (4.5+)
2175,64,Male,Skirt,Clothing,89.0,Maine,L,Teal,Spring,3.5,No,PayPal,Yes,35,Bi-Weekly,0,55-64,High,Loyal (31+),1,14,1,0,Medium (3.5-4.4)
2176,47,Male,Sandals,Footwear,83.0,Ohio,M,Gray,Summer,3.0,No,Debit Card,Yes,49,Quarterly,0,45-54,High,Loyal (31+),1,90,1,0,Low (<3.5)
2177,52,Female,Jeans,Clothing,73.0,Maine,M,Teal,Summer,4.4,No,Bank Transfer,No,20,Weekly,0,45-54,Mid-High,Regular (16-30),1,7,0,0,Medium (3.5-4.4)
2178,21,Female,Gloves,Accessories,83.0,Minnesota,M,Black,Winter,4.1,Yes,PayPal,Yes,21,Weekly,0,18-24,High,Regular (16-30),1,7,1,1,Medium (3.5-4.4)
2179,64,Male,Jeans,Clothing,22.0,Texas,S,Olive,Summer,4.9,Yes,Venmo,Yes,35,Every 3 Months,0,55-64,Low,Loyal (31+),1,90,1,1,High (4.5+)
2180,32,Male,Jacket,Outerwear,41.0,Maine,M,Black,Winter,4.7,No,Bank Transfer,No,7,Bi-Weekly,0,25-34,Mid-Low,Occasional (6-15),0,14,0,0,High (4.5+)
2181,31,Male,Scarf,Accessories,39.0,New York,M,Black,Fall,4.2,Yes,Venmo,Yes,43,Bi-Weekly,0,25-34,Low,Loyal (31+),1,14,1,1,Medium (3.5-4.4)
2182,55,Male,Jacket,Outerwear,72.0,Texas,XL,Red,Summer,2.9,No,Credit Card,No,18,Fortnightly,0,55-64,Mid-High,Regular (16-30),1,14,0,0,Low (<3.5)
2183,67,Female,Belt,Accessories,81.0,Idaho,M,Blue,Spring,3.7,No,Debit Card,Yes,24,Fortnightly,0,65+,High,Regular (16-30),1,14,1,0,Medium (3.5-4.4)
2184,44,Male,Socks,Clothing,31.0,Ohio,XL,Blue,Winter,2.8,No,Credit Card,No,26,Fortnightly,0,35-44,Low,Regular (16-30),1,14,0,0,Low (<3.5)
2185,44,Male,Sneakers,Footwear,35.0,Georgia,M,Black,Summer,3.9,No,Venmo,No,4,Every 3 Months,0,35-44,Low,New (0-5),0,90,0,0,Medium (3.5-4.4)
2186,47,Female,T-shirt,Clothing,60.0,Maine,M,Gray,Fall,4.8,No,Cash,No,16,Annually,0,45-54,Mid-Low,Regular (16-30),1,365,0,0,High (4.5+)
2187,33,Female,Scarf,Accessories,98.0,Alabama,M,Blue,Summer,2.5,No,Venmo,No,7,Weekly,0,25-34,High,Occasional (6-15),0,7,0,0,Low (<3.5)
2188,49,Female,Sneakers,Footwear,20.0,Ohio,M,Teal,Summer,4.7,No,PayPal,Yes,31,Weekly,0,45-54,Low,Loyal (31+),1,7,1,0,High (4.5+)
2189,68,Male,Sweater,Clothing,91.0,Texas,L,Pink,Fall,3.8,No,Bank Transfer,Yes,36,Quarterly,0,65+,High,Loyal (31+),1,90,1,0,Medium (3.5-4.4)
2190,38,Male,Coat,Outerwear,35.0,Vermont,S,Red,Summer,2.9,Yes,Credit Card,Yes,1,Annually,0,35-44,Low,New (0-5),0,365,1,1,Low (<3.5)
2191,58,Male,Pants,Clothing,41.0,Georgia,L,Pink,Winter,4.6,No,Bank Transfer,No,1,Bi-Weekly,0,55-64,Mid-Low,New (0-5),0,14,0,0,High (4.5+)
2192,59,Male,Sneakers,Footwear,71.0,Georgia,S,Gray,Fall,3.8,Yes,Credit Card,Yes,41,Every 3 Months,0,55-64,Mid-High,Loyal (31+),1,90,1,1,Medium (3.5-4.4)
2193,63,Male,Gloves,Accessories,79.0,Maine,M,Red,Winter,3.6,No,PayPal,No,17,Weekly,0,55-64,Mid-High,Regular (16-30),1,7,0,0,Medium (3.5-4.4)
2194,56,Male,Dress,Clothing,90.0,Minnesota,S,Teal,Summer,3.7,No,Venmo,No,43,Every 3 Months,0,55-64,High,Loyal (31+),1,90,0,0,Medium (3.5-4.4)
2195,66,Male,Slippers,Footwear,20.0,New York,L,Gray,Spring,2.9,No,Venmo,Yes,33,Annually,0,65+,Low,Loyal (31+),1,365,1,0,Low (<3.5)
2196,55,Male,Scarf,Accessories,23.0,Nevada,M,Red,Spring,2.8,Yes,PayPal,No,40,Monthly,0,55-64,Low,Loyal (31+),1,30,0,1,Low (<3.5)
2197,69,Male,Shorts,Clothing,58.0,New York,XL,Gray,Winter,4.2,Yes,PayPal,No,20,Quarterly,0,65+,Mid-Low,Regular (16-30),1,90,0,1,Medium (3.5-4.4)
2198,55,Male,Sneakers,Footwear,65.0,Vermont,M,Pink,Winter,4.7,No,Venmo,No,16,Fortnightly,0,55-64,Mid-High,Regular (16-30),1,14,0,0,High (4.5+)
2199,62,Male,Skirt,Clothing,41.0,Utah,S,Olive,Fall,4.2,Yes,Credit Card,Yes,37,Every 3 Months,0,55-64,Mid-Low,Loyal (31+),1,90,1,1,Medium (3.5-4.4)
2200,65,Male,Hat,Accessories,71.0,Utah,L,Gray,Fall,4.6,No,Credit Card,Yes,32,Every 3 Months,0,65+,Mid-High,Loyal (31+),1,90,1,0,High (4.5+)
2201,70,Female,Pants,Clothing,41.0,Texas,M,White,Spring,4.6,No,Cash,No,29,Every 3 Months,0,65+,Mid-Low,Regular (16-30),1,90,0,0,High (4.5+)
2202,49,Female,Jacket,Outerwear,95.0,Illinois,L,Olive,Winter,2.6,No,Credit Card,Yes,19,Every 3 Months,0,45-54,High,Regular (16-30),1,90,1,0,Low (<3.5)
2203,55,Male,Hat,Accessories,34.0,Idaho,M,Red,Fall,4.4,No,Credit Card,No,31,Weekly,0,55-64,Low,Loyal (31+),1,7,0,0,Medium (3.5-4.4)
2204,69,Male,Sweater,Clothing,73.0,Alabama,L,Teal,Fall,4.4,No,Credit Card,No,20,Monthly,0,65+,Mid-High,Regular (16-30),1,30,0,0,Medium (3.5-4.4)
2205,38,Male,Jeans,Clothing,62.0,Florida,M,Teal,Spring,3.4,Yes,Debit Card,No,45,Monthly,0,35-44,Mid-High,Loyal (31+),1,30,0,1,Low (<3.5)
2206,24,Male,Boots,Footwear,28.0,Minnesota,XL,Black,Fall,3.5,No,Credit Card,Yes,36,Weekly,0,18-24,Low,Loyal (31+),1,7,1,0,Medium (3.5-4.4)
2207,64,Male,Handbag,Accessories,68.0,Florida,M,Teal,Fall,4.4,No,PayPal,Yes,20,Every 3 Months,0,55-64,Mid-High,Regular (16-30),1,90,1,0,Medium (3.5-4.4)
2208,51,Female,Sandals,Footwear,31.0,Utah,L,Teal,Winter,5.0,No,Debit Card,No,43,Fortnightly,0,45-54,Low,Loyal (31+),1,14,0,0,High (4.5+)
2209,40,Male,Shorts,Clothing,63.0,Minnesota,M,Teal,Spring,5.0,No,Cash,Yes,4,Bi-Weekly,0,35-44,Mid-High,New (0-5),0,14,1,0,High (4.5+)
2210,55,Male,Blouse,Clothing,71.0,Utah,L,Red,Spring,3.7,No,Cash,Yes,42,Weekly,0,55-64,Mid-High,Loyal (31+),1,7,1,0,Medium (3.5-4.4)
2211,19,Female,Coat,Outerwear,25.0,Ohio,L,Blue,Winter,4.5,Yes,Venmo,No,21,Every 3 Months,0,18-24,Low,Regular (16-30),1,90,0,1,High (4.5+)
2212,43,Male,Shoes,Footwear,37.0,Maine,L,Gray,Summer,3.7,No,Venmo,No,12,Fortnightly,0,35-44,Low,Occasional (6-15),1,14,0,0,Medium (3.5-4.4)
2213,32,Male,Handbag,Accessories,43.0,Montana,M,Teal,Summer,4.7,No,Cash,Yes,42,Monthly,0,25-34,Mid-Low,Loyal (31+),1,30,1,0,High (4.5+)
2214,33,Male,Boots,Footwear,95.0,Alabama,M,Red,Fall,4.1,No,Bank Transfer,No,33,Monthly,0,25-34,High,Loyal (31+),1,30,0,0,Medium (3.5-4.4)
2215,69,Female,Hoodie,Outerwear,37.0,Utah,L,Teal,Summer,4.8,Yes,PayPal,No,4,Weekly,0,65+,Low,New (0-5),0,7,0,1,High (4.5+)
2216,47,Male,Sweater,Clothing,94.0,Utah,M,Blue,Winter,5.0,No,PayPal,Yes,14,Every 3 Months,0,45-54,High,Occasional (6-15),1,90,1,0,High (4.5+)
2217,25,Male,Socks,Clothing,63.0,Texas,L,Pink,Winter,3.3,No,Venmo,Yes,23,Weekly,0,25-34,Mid-High,Regular (16-30),1,7,1,0,Low (<3.5)
2218,37,Female,Hoodie,Outerwear,96.0,Montana,M,Black,Summer,4.9,Yes,Bank Transfer,No,32,Quarterly,0,35-44,High,Loyal (31+),1,90,0,1,High (4.5+)
2219,30,Male,Hoodie,Outerwear,87.0,Montana,M,Pink,Spring,4.2,Yes,Bank Transfer,Yes,41,Fortnightly,0,25-34,High,Loyal (31+),1,14,1,1,Medium (3.5-4.4)
2220,66,Female,Shirt,Clothing,43.0,New York,M,Teal,Winter,3.1,No,Debit Card,No,19,Quarterly,0,65+,Mid-Low,Regular (16-30),1,90,0,0,Low (<3.5)
2221,33,Male,Jeans,Clothing,65.0,Utah,L,Olive,Fall,2.5,No,Credit Card,Yes,41,Fortnightly,0,25-34,Mid-High,Loyal (31+),1,14,1,0,Low (<3.5)
2222,36,Male,Sneakers,Footwear,78.0,New York,M,Gray,Winter,4.2,No,Debit Card,No,40,Every 3 Months,0,35-44,Mid-High,Loyal (31+),1,90,0,0,Medium (3.5-4.4)
2223,35,Male,Sweater,Clothing,26.0,Utah,M,Red,Summer,3.1,No,Credit Card,No,19,Monthly,0,35-44,Low,Regular (16-30),1,30,0,0,Low (<3.5)
2224,27,Female,Skirt,Clothing,73.0,Ohio,L,Pink,Summer,3.1,No,Bank Transfer,No,47,Quarterly,0,25-34,Mid-High,Loyal (31+),1,90,0,0,Low (<3.5)
2225,59,Male,Jewelry,Accessories,57.0,Idaho,M,White,Spring,3.9,No,Credit Card,Yes,48,Annually,0,55-64,Mid-Low,Loyal (31+),1,365,1,0,Medium (3.5-4.4)
2226,48,Male,Jeans,Clothing,22.0,Ohio,XL,Blue,Summer,2.6,No,Credit Card,No,15,Monthly,0,45-54,Low,Occasional (6-15),1,30,0,0,Low (<3.5)
2227,41,Female,Gloves,Accessories,90.0,Minnesota,M,White,Fall,3.5,No,Venmo,No,28,Every 3 Months,0,35-44,High,Regular (16-30),1,90,0,0,Medium (3.5-4.4)
2228,38,Male,T-shirt,Clothing,41.0,Illinois,M,Blue,Spring,4.5,No,Venmo,Yes,44,Every 3 Months,0,35-44,Mid-Low,Loyal (31+),1,90,1,0,High (4.5+)
2229,53,Female,T-shirt,Clothing,90.0,Florida,M,Gray,Fall,2.6,No,Cash,Yes,27,Bi-Weekly,0,45-54,High,Regular (16-30),1,14,1,0,Low (<3.5)
2230,23,Male,Sunglasses,Accessories,36.0,Illinois,M,Blue,Fall,4.1,No,Cash,Yes,38,Bi-Weekly,0,18-24,Low,Loyal (31+),1,14,1,0,Medium (3.5-4.4)
2231,67,Male,Blouse,Clothing,63.0,Utah,L,Red,Winter,2.9,No,Debit Card,Yes,40,Quarterly,0,65+,Mid-High,Loyal (31+),1,90,1,0,Low (<3.5)
2232,47,Female,Belt,Accessories,50.0,Maine,S,White,Spring,4.7,Yes,Venmo,Yes,29,Annually,0,45-54,Mid-Low,Regular (16-30),1,365,1,1,High (4.5+)
2233,30,Female,Socks,Clothing,92.0,Maine,M,Blue,Spring,3.5,No,Debit Card,No,18,Weekly,0,25-34,High,Regular (16-30),1,7,0,0,Medium (3.5-4.4)
2234,46,Male,Coat,Outerwear,97.0,California,S,Red,Summer,4.5,Yes,PayPal,No,27,Weekly,0,45-54,High,Regular (16-30),1,7,0,1,High (4.5+)
2235,63,Female,Backpack,Accessories,82.0,Vermont,L,White,Winter,4.3,No,Venmo,No,42,Fortnightly,0,55-64,High,Loyal (31+),1,14,0,0,Medium (3.5-4.4)
2236,27,Female,Scarf,Accessories,88.0,Nevada,L,Teal,Spring,4.7,Yes,Credit Card,Yes,16,Quarterly,0,25-34,High,Regular (16-30),1,90,1,1,High (4.5+)
2237,45,Female,Shirt,Clothing,82.0,Oregon,S,Teal,Winter,3.8,No,PayPal,No,43,Bi-Weekly,0,45-54,High,Loyal (31+),1,14,0,0,Medium (3.5-4.4)
2238,49,Male,Sweater,Clothing,43.0,Illinois,M,Teal,Winter,3.7,Yes,Bank Transfer,Yes,11,Monthly,0,45-54,Mid-Low,Occasional (6-15),1,30,1,1,Medium (3.5-4.4)
2239,60,Male,Shorts,Clothing,94.0,Maine,M,Black,Spring,2.6,Yes,Credit Card,Yes,24,Bi-Weekly,0,55-64,High,Regular (16-30),1,14,1,1,Low (<3.5)
2240,48,Male,Shoes,Footwear,62.0,Minnesota,L,Red,Summer,3.8,No,Cash,No,5,Bi-Weekly,0,45-54,Mid-High,New (0-5),0,14,0,0,Medium (3.5-4.4)
2241,57,Male,Skirt,Clothing,47.0,Oregon,S,Pink,Summer,3.8,No,Cash,Yes,43,Every 3 Months,0,55-64,Mid-Low,Loyal (31+),1,90,1,0,Medium (3.5-4.4)
2242,59,Male,Shorts,Clothing,35.0,Alabama,M,Blue,Summer,4.0,Yes,PayPal,Yes,36,Monthly,0,55-64,Low,Loyal (31+),1,30,1,1,Medium (3.5-4.4)
2243,65,Male,Pants,Clothing,77.0,Utah,L,White,Winter,2.8,No,Credit Card,No,6,Bi-Weekly,0,65+,Mid-High,Occasional (6-15),0,14,0,0,Low (<3.5)
2244,37,Male,Socks,Clothing,42.0,Oregon,M,Gray,Summer,3.8,No,Credit Card,No,12,Weekly,0,35-44,Mid-Low,Occasional (6-15),1,7,0,0,Medium (3.5-4.4)
2245,55,Male,Skirt,Clothing,72.0,Nevada,L,Black,Fall,3.6,No,Debit Card,No,27,Bi-Weekly,0,55-64,Mid-High,Regular (16-30),1,14,0,0,Medium (3.5-4.4)
2246,31,Male,Socks,Clothing,25.0,Nevada,M,Gray,Spring,4.0,No,Venmo,Yes,25,Every 3 Months,0,25-34,Low,Regular (16-30),1,90,1,0,Medium (3.5-4.4)
2247,62,Male,Shirt,Clothing,71.0,Montana,XL,Red,Fall,4.2,No,Venmo,No,6,Weekly,0,55-64,Mid-High,Occasional (6-15),0,7,0,0,Medium (3.5-4.4)
2248,68,Male,Handbag,Accessories,72.0,Alabama,S,Olive,Summer,3.4,No,Credit Card,Yes,45,Bi-Weekly,0,65+,Mid-High,Loyal (31+),1,14,1,0,Low (<3.5)
2249,33,Female,Pants,Clothing,62.0,Maine,S,Olive,Winter,3.8,Yes,Venmo,Yes,24,Fortnightly,0,25-34,Mid-High,Regular (16-30),1,14,1,1,Medium (3.5-4.4)
2250,47,Female,Sweater,Clothing,73.0,Georgia,M,Gray,Winter,3.5,No,PayPal,No,34,Monthly,0,45-54,Mid-High,Loyal (31+),1,30,0,0,Medium (3.5-4.4)
2251,61,Male,Sneakers,Footwear,100.0,Vermont,M,Gray,Spring,4.4,No,PayPal,No,38,Every 3 Months,0,55-64,High,Loyal (31+),1,90,0,0,Medium (3.5-4.4)
2252,19,Male,Hat,Accessories,87.0,California,L,Black,Fall,4.5,Yes,Bank Transfer,No,9,Every 3 Months,0,18-24,High,Occasional (6-15),0,90,0,1,High (4.5+)
2253,55,Female,T-shirt,Clothing,55.0,Alabama,M,Teal,Summer,3.2,Yes,Cash,No,17,Bi-Weekly,0,55-64,Mid-Low,Regular (16-30),1,14,0,1,Low (<3.5)
2254,61,Male,Shoes,Footwear,90.0,Maine,M,Black,Summer,3.1,No,Credit Card,Yes,37,Quarterly,0,55-64,High,Loyal (31+),1,90,1,0,Low (<3.5)
2255,64,Female,Coat,Outerwear,97.0,Minnesota,L,Teal,Summer,4.2,No,Venmo,No,39,Every 3 Months,0,55-64,High,Loyal (31+),1,90,0,0,Medium (3.5-4.4)
2256,28,Male,Sneakers,Footwear,32.0,Illinois,M,Teal,Winter,4.4,No,PayPal,Yes,11,Every 3 Months,0,25-34,Low,Occasional (6-15),1,90,1,0,Medium (3.5-4.4)
2257,58,Male,Handbag,Accessories,49.0,Alabama,L,Olive,Summer,2.5,No,Credit Card,No,16,Quarterly,0,55-64,Mid-Low,Regular (16-30),1,90,0,0,Low (<3.5)
2258,59,Male,Hat,Accessories,80.0,Utah,L,Olive,Spring,3.6,No,Debit Card,No,39,Weekly,0,55-64,Mid-High,Loyal (31+),1,7,0,0,Medium (3.5-4.4)
2259,18,Female,Skirt,Clothing,61.0,Georgia,S,Black,Spring,3.3,No,Venmo,No,18,Bi-Weekly,0,18-24,Mid-High,Regular (16-30),1,14,0,0,Low (<3.5)
2260,55,Female,Blouse,Clothing,30.0,Montana,L,Teal,Winter,4.4,No,PayPal,No,4,Fortnightly,0,55-64,Low,New (0-5),0,14,0,0,Medium (3.5-4.4)
2261,51,Female,Jewelry,Accessories,58.0,Georgia,L,Gray,Summer,2.9,No,Debit Card,No,25,Quarterly,0,45-54,Mid-Low,Regular (16-30),1,90,0,0,Low (<3.5)
2262,69,Male,Jacket,Outerwear,50.0,Ohio,L,Blue,Spring,3.8,No,PayPal,Yes,8,Fortnightly,1,65+,Mid-Low,Occasional (6-15),0,14,1,0,Medium (3.5-4.4)
2263,20,Female,Slippers,Footwear,79.0,Georgia,S,Olive,Summer,4.2,No,Venmo,No,30,Weekly,0,18-24,Mid-High,Regular (16-30),1,7,0,0,Medium (3.5-4.4)
2264,69,Male,Socks,Clothing,61.0,Texas,M,Gray,Winter,4.6,Yes,Venmo,No,47,Annually,0,65+,Mid-High,Loyal (31+),1,365,0,1,High (4.5+)
2265,48,Male,Sandals,Footwear,31.0,Oregon,XL,Blue,Winter,5.0,Yes,Credit Card,Yes,6,Weekly,0,45-54,Low,Occasional (6-15),0,7,1,1,High (4.5+)
2266,32,Female,Blouse,Clothing,24.0,Texas,M,Blue,Winter,3.7,No,Debit Card,Yes,15,Every 3 Months,0,25-34,Low,Occasional (6-15),1,90,1,0,Medium (3.5-4.4)
2267,38,Male,Backpack,Accessories,43.0,Oregon,M,Black,Fall,4.2,No,Venmo,Yes,29,Annually,0,35-44,Mid-Low,Regular (16-30),1,365,1,0,Medium (3.5-4.4)
2268,58,Female,Shoes,Footwear,32.0,Georgia,M,Teal,Winter,4.3,No,Cash,Yes,8,Every 3 Months,0,55-64,Low,Occasional (6-15),0,90,1,0,Medium (3.5-4.4)
2269,70,Male,Belt,Accessories,90.0,Ohio,L,Olive,Winter,4.6,No,Debit Card,No,27,Monthly,0,65+,High,Regular (16-30),1,30,0,0,High (4.5+)
2270,34,Male,Hat,Accessories,41.0,California,L,Blue,Spring,3.8,No,Debit Card,No,11,Monthly,0,25-34,Mid-Low,Occasional (6-15),1,30,0,0,Medium (3.5-4.4)
2271,70,Male,Sunglasses,Accessories,71.0,California,XL,Olive,Summer,2.8,No,Cash,No,32,Every 3 Months,0,65+,Mid-High,Loyal (31+),1,90,0,0,Low (<3.5)
2272,51,Female,Sunglasses,Accessories,30.0,New York,XL,Olive,Fall,4.9,No,Debit Card,Yes,19,Fortnightly,0,45-54,Low,Regular (16-30),1,14,1,0,High (4.5+)
2273,28,Male,Belt,Accessories,55.0,Nevada,M,White,Summer,2.6,Yes,Credit Card,Yes,47,Bi-Weekly,0,25-34,Mid-Low,Loyal (31+),1,14,1,1,Low (<3.5)
2274,49,Female,Gloves,Accessories,95.0,Georgia,M,White,Winter,4.9,No,Venmo,Yes,42,Bi-Weekly,0,45-54,High,Loyal (31+),1,14,1,0,High (4.5+)
2275,60,Male,Backpack,Accessories,72.0,Montana,S,White,Winter,3.1,No,PayPal,Yes,50,Fortnightly,0,55-64,Mid-High,Loyal (31+),1,14,1,0,Low (<3.5)
2276,20,Female,Dress,Clothing,43.0,Utah,S,Black,Fall,3.7,No,Venmo,No,8,Monthly,0,18-24,Mid-Low,Occasional (6-15),0,30,0,0,Medium (3.5-4.4)
2277,22,Male,Shoes,Footwear,80.0,Montana,S,Pink,Spring,4.9,No,Venmo,No,48,Bi-Weekly,0,18-24,Mid-High,Loyal (31+),1,14,0,0,High (4.5+)
2278,18,Male,Socks,Clothing,60.0,Nevada,XL,White,Summer,4.2,No,Debit Card,No,1,Weekly,0,18-24,Mid-Low,New (0-5),0,7,0,0,Medium (3.5-4.4)
2279,48,Female,Gloves,Accessories,39.0,New York,S,Pink,Spring,4.0,Yes,Venmo,Yes,11,Weekly,0,45-54,Low,Occasional (6-15),1,7,1,1,Medium (3.5-4.4)
2280,21,Female,Backpack,Accessories,100.0,Ohio,M,Gray,Summer,3.3,No,Credit Card,No,44,Quarterly,0,18-24,High,Loyal (31+),1,90,0,0,Low (<3.5)
2281,67,Male,Dress,Clothing,95.0,Montana,M,Black,Spring,3.2,Yes,Bank Transfer,Yes,44,Monthly,0,65+,High,Loyal (31+),1,30,1,1,Low (<3.5)
2282,24,Male,Jeans,Clothing,65.0,Maine,M,Pink,Spring,2.6,No,Venmo,Yes,15,Every 3 Months,0,18-24,Mid-High,Occasional (6-15),1,90,1,0,Low (<3.5)
2283,21,Male,Jeans,Clothing,22.0,Idaho,M,White,Spring,4.0,No,Credit Card,Yes,43,Weekly,0,18-24,Low,Loyal (31+),1,7,1,0,Medium (3.5-4.4)
2284,31,Female,Sunglasses,Accessories,53.0,Maine,S,Teal,Summer,3.6,No,Credit Card,Yes,4,Bi-Weekly,0,25-34,Mid-Low,New (0-5),0,14,1,0,Medium (3.5-4.4)
2285,58,Male,Dress,Clothing,61.0,Texas,M,Black,Spring,3.1,No,Credit Card,No,17,Bi-Weekly,0,55-64,Mid-High,Regular (16-30),1,14,0,0,Low (<3.5)
2286,66,Female,Pants,Clothing,95.0,Utah,M,Gray,Spring,3.5,No,PayPal,No,2,Quarterly,0,65+,High,New (0-5),0,90,0,0,Medium (3.5-4.4)
2287,31,Female,Hat,Accessories,79.0,Vermont,L,Blue,Summer,4.9,No,PayPal,No,26,Monthly,0,25-34,Mid-High,Regular (16-30),1,30,0,0,High (4.5+)
2288,45,Female,Scarf,Accessories,38.0,Georgia,L,Gray,Fall,4.6,No,Bank Transfer,Yes,45,Monthly,0,45-54,Low,Loyal (31+),1,30,1,0,High (4.5+)
2289,59,Male,Shirt,Clothing,61.0,Nevada,L,Pink,Fall,3.6,No,Debit Card,No,31,Annually,0,55-64,Mid-High,Loyal (31+),1,365,0,0,Medium (3.5-4.4)
2290,60,Male,Jeans,Clothing,34.0,New York,M,Pink,Summer,4.9,No,Credit Card,No,27,Weekly,0,55-64,Low,Regular (16-30),1,7,0,0,High (4.5+)
2291,26,Male,Jacket,Outerwear,58.0,Florida,S,Blue,Fall,3.7,No,Cash,No,10,Annually,0,25-34,Mid-Low,Occasional (6-15),1,365,0,0,Medium (3.5-4.4)
2292,62,Male,Gloves,Accessories,63.0,Florida,M,Black,Spring,3.4,No,PayPal,Yes,31,Fortnightly,0,55-64,Mid-High,Loyal (31+),1,14,1,0,Low (<3.5)
2293,63,Male,Hat,Accessories,61.0,Maine,XL,Blue,Fall,3.5,No,Cash,No,17,Weekly,0,55-64,Mid-High,Regular (16-30),1,7,0,0,Medium (3.5-4.4)
2294,56,Male,Jeans,Clothing,54.0,Nevada,M,Pink,Spring,4.7,No,Credit Card,No,31,Monthly,0,55-64,Mid-Low,Loyal (31+),1,30,0,0,High (4.5+)
2295,45,Female,Socks,Clothing,55.0,Nevada,M,Gray,Spring,3.2,No,PayPal,No,7,Fortnightly,0,45-54,Mid-Low,Occasional (6-15),0,14,0,0,Low (<3.5)
2296,38,Male,Socks,Clothing,84.0,California,XL,Pink,Winter,3.1,No,Venmo,Yes,27,Every 3 Months,0,35-44,High,Regular (16-30),1,90,1,0,Low (<3.5)
2297,65,Male,Gloves,Accessories,60.0,Idaho,XL,Red,Summer,4.9,No,Venmo,Yes,25,Every 3 Months,0,65+,Mid-Low,Regular (16-30),1,90,1,0,High (4.5+)
2298,63,Female,Dress,Clothing,23.0,Georgia,S,Gray,Fall,4.3,No,Bank Transfer,No,39,Bi-Weekly,0,55-64,Low,Loyal (31+),1,14,0,0,Medium (3.5-4.4)
2299,45,Male,Sweater,Clothing,80.0,Vermont,L,Black,Summer,4.4,Yes,Bank Transfer,Yes,46,Every 3 Months,0,45-54,Mid-High,Loyal (31+),1,90,1,1,Medium (3.5-4.4)
2300,57,Male,Gloves,Accessories,70.0,Texas,M,Black,Fall,4.4,No,Cash,No,46,Fortnightly,0,55-64,Mid-High,Loyal (31+),1,14,0,0,Medium (3.5-4.4)
2301,39,Female,Hoodie,Outerwear,76.0,Minnesota,M,Olive,Fall,4.2,No,Debit Card,No,18,Bi-Weekly,0,35-44,Mid-High,Regular (16-30),1,14,0,0,Medium (3.5-4.4)
2302,57,Female,Sunglasses,Accessories,77.0,Montana,M,White,Winter,2.7,No,Bank Transfer,No,33,Weekly,0,55-64,Mid-High,Loyal (31+),1,7,0,0,Low (<3.5)
2303,22,Female,Slippers,Footwear,34.0,Montana,XL,Blue,Spring,4.4,Yes,Cash,Yes,33,Quarterly,0,18-24,Low,Loyal (31+),1,90,1,1,Medium (3.5-4.4)
2304,65,Female,Shoes,Footwear,98.0,Florida,M,Blue,Fall,3.1,No,Cash,No,43,Every 3 Months,0,65+,High,Loyal (31+),1,90,0,0,Low (<3.5)
2305,45,Male,Shirt,Clothing,100.0,Florida,L,Olive,Winter,2.8,No,Venmo,Yes,41,Every 3 Months,0,45-54,High,Loyal (31+),1,90,1,0,Low (<3.5)
2306,49,Male,Skirt,Clothing,31.0,Alabama,S,Teal,Summer,5.0,No,Bank Transfer,No,1,Bi-Weekly,0,45-54,Low,New (0-5),0,14,0,0,High (4.5+)
2307,28,Male,Boots,Footwear,37.0,Illinois,L,Pink,Summer,2.6,No,Debit Card,Yes,41,Every 3 Months,0,25-34,Low,Loyal (31+),1,90,1,0,Low (<3.5)
2308,46,Female,Dress,Clothing,39.0,California,L,Olive,Fall,2.6,Yes,Bank Transfer,Yes,25,Quarterly,0,45-54,Low,Regular (16-30),1,90,1,1,Low (<3.5)
2309,18,Female,Shoes,Footwear,98.0,Florida,L,Pink,Fall,3.3,No,Debit Card,Yes,48,Quarterly,0,18-24,High,Loyal (31+),1,90,1,0,Low (<3.5)
2310,65,Male,Backpack,Accessories,95.0,Texas,XL,Gray,Summer,4.6,Yes,PayPal,No,31,Fortnightly,0,65+,High,Loyal (31+),1,14,0,1,High (4.5+)
2311,57,Male,Coat,Outerwear,41.0,Minnesota,L,White,Winter,4.9,Yes,PayPal,No,20,Every 3 Months,0,55-64,Mid-Low,Regular (16-30),1,90,0,1,High (4.5+)
2312,42,Male,Jeans,Clothing,71.0,Oregon,L,Red,Fall,2.8,Yes,Bank Transfer,Yes,11,Every 3 Months,0,35-44,Mid-High,Occasional (6-15),1,90,1,1,Low (<3.5)
2313,62,Male,Blouse,Clothing,39.0,Georgia,M,Teal,Fall,3.5,No,Cash,Yes,48,Annually,0,55-64,Low,Loyal (31+),1,365,1,0,Medium (3.5-4.4)
2314,61,Female,Skirt,Clothing,23.0,Ohio,XL,Pink,Spring,4.3,No,PayPal,No,9,Bi-Weekly,0,55-64,Low,Occasional (6-15),0,14,0,0,Medium (3.5-4.4)
2315,24,Male,T-shirt,Clothing,38.0,Alabama,M,Blue,Fall,4.1,No,PayPal,Yes,5,Monthly,0,18-24,Low,New (0-5),0,30,1,0,Medium (3.5-4.4)
2316,20,Male,Skirt,Clothing,26.0,Montana,M,Blue,Winter,3.1,No,Cash,Yes,7,Weekly,0,18-24,Low,Occasional (6-15),0,7,1,0,Low (<3.5)
2317,31,Female,Shorts,Clothing,88.0,Maine,M,Teal,Fall,3.3,Yes,Venmo,No,28,Quarterly,0,25-34,High,Regular (16-30),1,90,0,1,Low (<3.5)
2318,18,Male,Hat,Accessories,83.0,Texas,M,Black,Fall,4.0,Yes,PayPal,Yes,15,Monthly,0,18-24,High,Occasional (6-15),1,30,1,1,Medium (3.5-4.4)
2319,48,Male,Shoes,Footwear,34.0,Minnesota,M,Teal,Fall,2.6,No,PayPal,Yes,30,Every 3 Months,0,45-54,Low,Regular (16-30),1,90,1,0,Low (<3.5)
2320,45,Male,Jewelry,Accessories,65.0,Montana,M,Olive,Spring,4.4,Yes,Cash,Yes,42,Every 3 Months,0,45-54,Mid-High,Loyal (31+),1,90,1,1,Medium (3.5-4.4)
2321,46,Male,Skirt,Clothing,36.0,Georgia,M,Pink,Spring,3.2,Yes,PayPal,No,15,Annually,0,45-54,Low,Occasional (6-15),1,365,0,1,Low (<3.5)
2322,21,Male,Dress,Clothing,65.0,Utah,XL,Blue,Fall,3.7,Yes,Bank Transfer,No,2,Annually,1,18-24,Mid-High,New (0-5),0,365,0,1,Medium (3.5-4.4)
2323,66,Male,T-shirt,Clothing,92.0,Nevada,XL,Olive,Spring,4.2,No,Credit Card,Yes,18,Fortnightly,0,65+,High,Regular (16-30),1,14,1,0,Medium (3.5-4.4)
2324,69,Male,Dress,Clothing,91.0,Alabama,M,Blue,Spring,4.1,No,Debit Card,No,31,Annually,0,65+,High,Loyal (31+),1,365,0,0,Medium (3.5-4.4)
2325,49,Male,Shorts,Clothing,87.0,Texas,XL,Black,Winter,4.4,No,PayPal,Yes,37,Weekly,0,45-54,High,Loyal (31+),1,7,1,0,Medium (3.5-4.4)
2326,18,Male,Jacket,Outerwear,39.0,Georgia,M,Red,Summer,2.7,Yes,Venmo,No,4,Monthly,0,18-24,Low,New (0-5),0,30,0,1,Low (<3.5)
2327,38,Male,Shirt,Clothing,35.0,Texas,M,Teal,Winter,3.1,No,PayPal,Yes,44,Annually,0,35-44,Low,Loyal (31+),1,365,1,0,Low (<3.5)
2328,56,Female,Dress,Clothing,32.0,Montana,XL,White,Winter,3.8,Yes,Bank Transfer,Yes,30,Quarterly,0,55-64,Low,Regular (16-30),1,90,1,1,Medium (3.5-4.4)
2329,57,Male,Sneakers,Footwear,30.0,Illinois,L,White,Spring,4.4,No,Bank Transfer,No,25,Annually,0,55-64,Low,Regular (16-30),1,365,0,0,Medium (3.5-4.4)
2330,30,Male,Slippers,Footwear,69.0,California,L,Teal,Winter,4.6,No,Cash,Yes,13,Monthly,0,25-34,Mid-High,Occasional (6-15),1,30,1,0,High (4.5+)
2331,61,Female,Sneakers,Footwear,73.0,New York,M,Teal,Summer,3.5,Yes,Credit Card,No,48,Quarterly,0,55-64,Mid-High,Loyal (31+),1,90,0,1,Medium (3.5-4.4)
2332,69,Male,Skirt,Clothing,91.0,Nevada,M,Pink,Fall,4.5,No,PayPal,No,8,Monthly,0,65+,High,Occasional (6-15),0,30,0,0,High (4.5+)
2333,44,Male,Gloves,Accessories,27.0,Ohio,S,Teal,Spring,3.1,No,Debit Card,Yes,23,Annually,0,35-44,Low,Regular (16-30),1,365,1,0,Low (<3.5)
2334,38,Female,Sweater,Clothing,41.0,Maine,XL,Teal,Summer,2.7,No,Debit Card,No,24,Weekly,0,35-44,Mid-Low,Regular (16-30),1,7,0,0,Low (<3.5)
2335,45,Male,Blouse,Clothing,78.0,California,M,Teal,Fall,3.1,No,Credit Card,No,28,Bi-Weekly,0,45-54,Mid-High,Regular (16-30),1,14,0,0,Low (<3.5)
2336,19,Male,Belt,Accessories,75.0,Vermont,M,Teal,Summer,4.8,No,Credit Card,Yes,12,Quarterly,0,18-24,Mid-High,Occasional (6-15),1,90,1,0,High (4.5+)
2337,45,Female,Scarf,Accessories,54.0,Alabama,S,Olive,Fall,3.9,No,Cash,Yes,48,Monthly,0,45-54,Mid-Low,Loyal (31+),1,30,1,0,Medium (3.5-4.4)
2338,19,Female,Jeans,Clothing,32.0,Ohio,L,Blue,Spring,3.7,No,Debit Card,No,19,Annually,0,18-24,Low,Regular (16-30),1,365,0,0,Medium (3.5-4.4)
2339,19,Male,Sneakers,Footwear,59.0,Illinois,M,Red,Spring,4.4,No,Debit Card,Yes,36,Quarterly,0,18-24,Mid-Low,Loyal (31+),1,90,1,0,Medium (3.5-4.4)
2340,47,Male,Skirt,Clothing,33.0,Minnesota,L,Red,Fall,2.5,Yes,Credit Card,No,32,Weekly,0,45-54,Low,Loyal (31+),1,7,0,1,Low (<3.5)
2341,45,Male,Pants,Clothing,63.0,Georgia,M,Gray,Summer,2.8,No,Bank Transfer,No,11,Quarterly,0,45-54,Mid-High,Occasional (6-15),1,90,0,0,Low (<3.5)
2342,70,Female,Jeans,Clothing,93.0,Montana,S,Olive,Fall,2.7,No,PayPal,Yes,47,Bi-Weekly,0,65+,High,Loyal (31+),1,14,1,0,Low (<3.5)
2343,44,Male,Scarf,Accessories,35.0,Nevada,S,White,Summer,2.8,No,PayPal,No,24,Monthly,0,35-44,Low,Regular (16-30),1,30,0,0,Low (<3.5)
2344,69,Male,Pants,Clothing,29.0,Texas,M,Black,Spring,3.6,No,Cash,No,31,Weekly,0,65+,Low,Loyal (31+),1,7,0,0,Medium (3.5-4.4)
2345,60,Male,Sunglasses,Accessories,79.0,Texas,L,Gray,Fall,3.2,No,Debit Card,Yes,33,Annually,0,55-64,Mid-High,Loyal (31+),1,365,1,0,Low (<3.5)
2346,35,Female,Shirt,Clothing,21.0,New York,L,Teal,Spring,4.5,No,PayPal,Yes,26,Bi-Weekly,0,35-44,Low,Regular (16-30),1,14,1,0,High (4.5+)
2347,67,Male,Gloves,Accessories,99.0,New York,M,Pink,Winter,4.6,No,Venmo,Yes,32,Every 3 Months,0,65+,High,Loyal (31+),1,90,1,0,High (4.5+)
2348,43,Male,Hat,Accessories,82.0,Utah,M,Black,Spring,4.8,No,PayPal,No,28,Monthly,0,35-44,High,Regular (16-30),1,30,0,0,High (4.5+)
2349,49,Male,Skirt,Clothing,52.0,Illinois,M,Gray,Winter,3.0,Yes,Credit Card,No,38,Annually,0,45-54,Mid-Low,Loyal (31+),1,365,0,1,Low (<3.5)
2350,23,Male,Shorts,Clothing,49.0,Nevada,L,Gray,Summer,3.8,No,Credit Card,No,24,Bi-Weekly,0,18-24,Mid-Low,Regular (16-30),1,14,0,0,Medium (3.5-4.4)
2351,29,Male,Sweater,Clothing,51.0,Minnesota,XL,Red,Winter,2.6,No,Cash,No,41,Weekly,0,25-34,Mid-Low,Loyal (31+),1,7,0,0,Low (<3.5)
2352,45,Female,Sunglasses,Accessories,52.0,Maine,L,Olive,Spring,3.1,No,Credit Card,No,29,Monthly,0,45-54,Mid-Low,Regular (16-30),1,30,0,0,Low (<3.5)
2353,32,Male,Pants,Clothing,88.0,Maine,S,Red,Summer,4.0,No,Venmo,Yes,50,Weekly,0,25-34,High,Loyal (31+),1,7,1,0,Medium (3.5-4.4)
2354,49,Male,Shoes,Footwear,84.0,Georgia,M,Teal,Summer,3.6,Yes,Debit Card,No,29,Every 3 Months,0,45-54,High,Regular (16-30),1,90,0,1,Medium (3.5-4.4)
2355,22,Male,Shirt,Clothing,36.0,California,XL,Teal,Spring,4.2,No,Venmo,Yes,30,Annually,0,18-24,Low,Regular (16-30),1,365,1,0,Medium (3.5-4.4)
2356,31,Male,Sunglasses,Accessories,34.0,California,M,Olive,Summer,4.6,No,Cash,Yes,25,Fortnightly,0,25-34,Low,Regular (16-30),1,14,1,0,High (4.5+)
2357,53,Male,Sandals,Footwear,63.0,New York,L,Red,Spring,2.6,No,PayPal,Yes,20,Weekly,0,45-54,Mid-High,Regular (16-30),1,7,1,0,Low (<3.5)
2358,50,Female,Sneakers,Footwear,72.0,Nevada,XL,Gray,Summer,4.8,No,Credit Card,Yes,40,Every 3 Months,0,45-54,Mid-High,Loyal (31+),1,90,1,0,High (4.5+)
2359,70,Male,Hoodie,Outerwear,78.0,California,L,Teal,Summer,2.6,No,Credit Card,No,32,Quarterly,0,65+,Mid-High,Loyal (31+),1,90,0,0,Low (<3.5)
2360,65,Female,T-shirt,Clothing,45.0,Utah,M,Blue,Spring,5.0,No,Credit Card,No,20,Every 3 Months,0,65+,Mid-Low,Regular (16-30),1,90,0,0,High (4.5+)
2361,60,Male,Backpack,Accessories,59.0,Utah,M,Pink,Winter,4.1,Yes,Venmo,No,41,Monthly,0,55-64,Mid-Low,Loyal (31+),1,30,0,1,Medium (3.5-4.4)
2362,18,Male,Dress,Clothing,28.0,New York,XL,Gray,Fall,2.6,No,PayPal,Yes,6,Quarterly,0,18-24,Low,Occasional (6-15),0,90,1,0,Low (<3.5)
2363,49,Male,Shoes,Footwear,56.0,Maine,M,Black,Winter,3.5,Yes,Venmo,Yes,4,Fortnightly,0,45-54,Mid-Low,New (0-5),0,14,1,1,Medium (3.5-4.4)
2364,30,Male,Hat,Accessories,75.0,Texas,XL,Olive,Winter,3.1,Yes,Cash,No,33,Bi-Weekly,0,25-34,Mid-High,Loyal (31+),1,14,0,1,Low (<3.5)
2365,32,Male,Scarf,Accessories,44.0,Florida,M,White,Summer,4.5,No,PayPal,No,23,Quarterly,0,25-34,Mid-Low,Regular (16-30),1,90,0,0,High (4.5+)
2366,29,Female,Scarf,Accessories,45.0,Georgia,L,Gray,Summer,3.1,No,Cash,No,40,Annually,0,25-34,Mid-Low,Loyal (31+),1,365,0,0,Low (<3.5)
2367,42,Female,Pants,Clothing,57.0,California,XL,Teal,Winter,4.6,No,Cash,Yes,34,Bi-Weekly,0,35-44,Mid-Low,Loyal (31+),1,14,1,0,High (4.5+)
2368,24,Female,Blouse,Clothing,90.0,Illinois,M,Pink,Summer,3.3,No,Credit Card,Yes,40,Bi-Weekly,0,18-24,High,Loyal (31+),1,14,1,0,Low (<3.5)
2369,46,Female,Socks,Clothing,68.0,New York,M,Olive,Spring,5.0,No,Credit Card,No,14,Quarterly,0,45-54,Mid-High,Occasional (6-15),1,90,0,0,High (4.5+)
2370,26,Male,Slippers,Footwear,94.0,Utah,S,Black,Fall,3.2,No,Bank Transfer,Yes,13,Weekly,0,25-34,High,Occasional (6-15),1,7,1,0,Low (<3.5)
2371,44,Male,Sandals,Footwear,24.0,Texas,L,Pink,Winter,4.2,No,Credit Card,Yes,13,Quarterly,0,35-44,Low,Occasional (6-15),1,90,1,0,Medium (3.5-4.4)
2372,51,Male,Shirt,Clothing,88.0,New York,L,Blue,Spring,4.5,No,PayPal,No,33,Weekly,0,45-54,High,Loyal (31+),1,7,0,0,High (4.5+)
2373,27,Female,Skirt,Clothing,23.0,Montana,M,Black,Fall,3.0,No,Cash,No,34,Quarterly,0,25-34,Low,Loyal (31+),1,90,0,0,Low (<3.5)
2374,23,Male,T-shirt,Clothing,46.0,Texas,L,Teal,Summer,2.7,No,Cash,Yes,50,Annually,0,18-24,Mid-Low,Loyal (31+),1,365,1,0,Low (<3.5)
2375,60,Male,Shorts,Clothing,54.0,Alabama,XL,White,Summer,3.9,No,Debit Card,No,11,Annually,0,55-64,Mid-Low,Occasional (6-15),1,365,0,0,Medium (3.5-4.4)
2376,57,Female,Shirt,Clothing,39.0,Minnesota,L,Blue,Summer,4.2,No,Debit Card,Yes,6,Fortnightly,0,55-64,Low,Occasional (6-15),0,14,1,0,Medium (3.5-4.4)
2377,31,Male,Handbag,Accessories,100.0,Vermont,M,White,Spring,4.5,No,Venmo,No,48,Quarterly,0,25-34,High,Loyal (31+),1,90,0,0,High (4.5+)
2378,65,Female,Gloves,Accessories,92.0,Ohio,XL,Gray,Summer,3.2,No,PayPal,Yes,27,Monthly,0,65+,High,Regular (16-30),1,30,1,0,Low (<3.5)
2379,29,Male,Socks,Clothing,66.0,Idaho,L,Pink,Summer,4.7,No,Bank Transfer,No,19,Monthly,0,25-34,Mid-High,Regular (16-30),1,30,0,0,High (4.5+)
2380,67,Male,Belt,Accessories,56.0,Montana,S,Gray,Winter,4.8,No,Credit Card,No,16,Quarterly,0,65+,Mid-Low,Regular (16-30),1,90,0,0,High (4.5+)
2381,24,Female,Backpack,Accessories,81.0,New York,XL,Pink,Spring,4.4,Yes,PayPal,No,45,Annually,0,18-24,High,Loyal (31+),1,365,0,1,Medium (3.5-4.4)
2382,52,Male,Shirt,Clothing,77.0,California,M,Teal,Winter,2.5,Yes,Cash,No,40,Quarterly,0,45-54,Mid-High,Loyal (31+),1,90,0,1,Low (<3.5)
2383,19,Male,Blouse,Clothing,58.0,New York,XL,Pink,Spring,2.7,No,Cash,No,9,Monthly,0,18-24,Mid-Low,Occasional (6-15),0,30,0,0,Low (<3.5)
2384,28,Male,T-shirt,Clothing,87.0,New York,L,White,Summer,5.0,Yes,Venmo,No,17,Quarterly,0,25-34,High,Regular (16-30),1,90,0,1,High (4.5+)
2385,39,Male,Socks,Clothing,35.0,Utah,L,White,Summer,4.3,No,Credit Card,No,44,Monthly,0,35-44,Low,Loyal (31+),1,30,0,0,Medium (3.5-4.4)
2386,22,Male,Belt,Accessories,42.0,Minnesota,M,Blue,Summer,4.1,Yes,Bank Transfer,Yes,37,Bi-Weekly,0,18-24,Mid-Low,Loyal (31+),1,14,1,1,Medium (3.5-4.4)
2387,42,Male,Coat,Outerwear,21.0,Alabama,S,Olive,Winter,4.8,Yes,Credit Card,No,41,Every 3 Months,0,35-44,Low,Loyal (31+),1,90,0,1,High (4.5+)
2388,30,Male,Pants,Clothing,29.0,Texas,M,Pink,Winter,2.6,No,Cash,Yes,9,Quarterly,0,25-34,Low,Occasional (6-15),0,90,1,0,Low (<3.5)
2389,23,Male,Jewelry,Accessories,36.0,Florida,L,Blue,Fall,4.4,No,Venmo,No,29,Monthly,0,18-24,Low,Regular (16-30),1,30,0,0,Medium (3.5-4.4)
2390,68,Male,Shorts,Clothing,70.0,Montana,L,Olive,Fall,4.1,No,Bank Transfer,No,4,Weekly,0,65+,Mid-High,New (0-5),0,7,0,0,Medium (3.5-4.4)
2391,70,Female,Sandals,Footwear,89.0,California,S,White,Fall,4.6,Yes,Venmo,No,23,Fortnightly,0,65+,High,Regular (16-30),1,14,0,1,High (4.5+)
2392,69,Male,Hat,Accessories,67.0,Idaho,M,Gray,Winter,4.4,No,Venmo,No,6,Fortnightly,0,65+,Mid-High,Occasional (6-15),0,14,0,0,Medium (3.5-4.4)
2393,26,Male,Blouse,Clothing,56.0,Maine,L,Pink,Winter,3.7,Yes,PayPal,No,14,Quarterly,0,25-34,Mid-Low,Occasional (6-15),1,90,0,1,Medium (3.5-4.4)
2394,38,Male,Sweater,Clothing,41.0,Illinois,M,Red,Winter,2.7,Yes,Debit Card,No,14,Weekly,0,35-44,Mid-Low,Occasional (6-15),1,7,0,1,Low (<3.5)
2395,35,Male,Slippers,Footwear,28.0,Vermont,S,White,Spring,4.8,Yes,Venmo,No,10,Bi-Weekly,0,35-44,Low,Occasional (6-15),1,14,0,1,High (4.5+)
2396,35,Female,Coat,Outerwear,67.0,Nevada,S,Red,Summer,4.4,No,Credit Card,No,43,Monthly,0,35-44,Mid-High,Loyal (31+),1,30,0,0,Medium (3.5-4.4)
2397,40,Male,Sweater,Clothing,31.0,Utah,L,Pink,Summer,3.4,Yes,Cash,No,19,Every 3 Months,0,35-44,Low,Regular (16-30),1,90,0,1,Low (<3.5)
2398,45,Female,Socks,Clothing,84.0,Illinois,M,Teal,Spring,5.0,No,Bank Transfer,No,8,Fortnightly,0,45-54,High,Occasional (6-15),0,14,0,0,High (4.5+)
2399,43,Male,Shorts,Clothing,53.0,New York,L,Gray,Winter,3.3,No,Bank Transfer,No,50,Quarterly,0,35-44,Mid-Low,Loyal (31+),1,90,0,0,Low (<3.5)
2400,33,Female,Slippers,Footwear,48.0,Idaho,M,Olive,Spring,3.4,Yes,PayPal,Yes,2,Monthly,0,25-34,Mid-Low,New (0-5),0,30,1,1,Low (<3.5)
2401,69,Male,Sneakers,Footwear,22.0,Georgia,S,Red,Winter,4.9,No,Debit Card,Yes,8,Every 3 Months,0,65+,Low,Occasional (6-15),0,90,1,0,High (4.5+)
2402,69,Female,Hat,Accessories,39.0,Texas,L,Teal,Winter,4.2,No,PayPal,No,43,Fortnightly,0,65+,Low,Loyal (31+),1,14,0,0,Medium (3.5-4.4)
2403,35,Male,Backpack,Accessories,21.0,California,XL,Pink,Fall,4.7,No,Debit Card,No,23,Quarterly,0,35-44,Low,Regular (16-30),1,90,0,0,High (4.5+)
2404,29,Male,Belt,Accessories,78.0,Oregon,M,Teal,Summer,4.7,No,Venmo,Yes,19,Bi-Weekly,0,25-34,Mid-High,Regular (16-30),1,14,1,0,High (4.5+)
2405,46,Female,Handbag,Accessories,59.0,Utah,L,Pink,Summer,3.8,No,PayPal,No,16,Fortnightly,0,45-54,Mid-Low,Regular (16-30),1,14,0,0,Medium (3.5-4.4)
2406,37,Male,Blouse,Clothing,83.0,Florida,L,Gray,Fall,3.2,No,Bank Transfer,Yes,30,Weekly,0,35-44,High,Regular (16-30),1,7,1,0,Low (<3.5)
2407,70,Male,Slippers,Footwear,65.0,Maine,XL,Teal,Fall,4.6,No,PayPal,No,18,Bi-Weekly,0,65+,Mid-High,Regular (16-30),1,14,0,0,High (4.5+)
2408,40,Male,Sweater,Clothing,97.0,Alabama,M,Gray,Fall,3.8,No,Cash,No,5,Monthly,0,35-44,High,New (0-5),0,30,0,0,Medium (3.5-4.4)
2409,20,Male,T-shirt,Clothing,83.0,New York,S,Gray,Fall,3.9,No,Bank Transfer,No,49,Weekly,0,18-24,High,Loyal (31+),1,7,0,0,Medium (3.5-4.4)
2410,24,Male,Hoodie,Outerwear,31.0,Georgia,S,Olive,Winter,3.9,No,PayPal,No,46,Every 3 Months,0,18-24,Low,Loyal (31+),1,90,0,0,Medium (3.5-4.4)
2411,21,Male,Sunglasses,Accessories,29.0,Texas,L,White,Winter,2.5,No,PayPal,No,9,Quarterly,0,18-24,Low,Occasional (6-15),0,90,0,0,Low (<3.5)
2412,38,Male,Coat,Outerwear,92.0,Texas,L,Pink,Winter,2.6,No,Bank Transfer,Yes,26,Bi-Weekly,0,35-44,High,Regular (16-30),1,14,1,0,Low (<3.5)
2413,34,Male,Socks,Clothing,41.0,Maine,M,Blue,Summer,4.0,No,Cash,No,23,Weekly,0,25-34,Mid-Low,Regular (16-30),1,7,0,0,Medium (3.5-4.4)
2414,63,Male,Sandals,Footwear,81.0,Texas,S,Olive,Spring,4.5,No,Debit Card,Yes,5,Quarterly,0,55-64,High,New (0-5),0,90,1,0,High (4.5+)
2415,65,Female,Slippers,Footwear,70.0,Idaho,S,Pink,Summer,3.6,No,Credit Card,Yes,20,Weekly,0,65+,Mid-High,Regular (16-30),1,7,1,0,Medium (3.5-4.4)
2416,25,Male,Jeans,Clothing,76.0,Illinois,M,Black,Summer,3.0,No,Venmo,Yes,32,Bi-Weekly,0,25-34,Mid-High,Loyal (31+),1,14,1,0,Low (<3.5)
2417,68,Female,Skirt,Clothing,41.0,Maine,XL,Blue,Summer,3.5,Yes,Credit Card,No,6,Fortnightly,0,65+,Mid-Low,Occasional (6-15),0,14,0,1,Medium (3.5-4.4)
2418,48,Male,Shoes,Footwear,45.0,Illinois,M,Teal,Fall,4.4,No,Cash,No,19,Fortnightly,0,45-54,Mid-Low,Regular (16-30),1,14,0,0,Medium (3.5-4.4)
2419,34,Male,Sweater,Clothing,64.0,Florida,L,Blue,Winter,2.8,No,PayPal,No,13,Every 3 Months,0,25-34,Mid-High,Occasional (6-15),1,90,0,0,Low (<3.5)
2420,39,Female,Hoodie,Outerwear,21.0,Nevada,M,Olive,Winter,3.8,No,Cash,No,18,Bi-Weekly,1,35-44,Low,Regular (16-30),1,14,0,0,Medium (3.5-4.4)
2421,41,Female,Pants,Clothing,45.0,Texas,L,Gray,Fall,4.3,No,Cash,No,32,Fortnightly,0,35-44,Mid-Low,Loyal (31+),1,14,0,0,Medium (3.5-4.4)
2422,27,Female,Dress,Clothing,61.0,Illinois,L,Pink,Fall,3.5,No,Bank Transfer,No,21,Bi-Weekly,0,25-34,Mid-High,Regular (16-30),1,14,0,0,Medium (3.5-4.4)
2423,63,Male,Scarf,Accessories,36.0,Alabama,M,Gray,Summer,4.0,Yes,Venmo,No,39,Fortnightly,0,55-64,Low,Loyal (31+),1,14,0,1,Medium (3.5-4.4)
2424,18,Female,Sweater,Clothing,43.0,Oregon,L,Red,Fall,4.7,No,Credit Card,Yes,26,Every 3 Months,0,18-24,Mid-Low,Regular (16-30),1,90,1,0,High (4.5+)
2425,21,Female,Backpack,Accessories,99.0,Idaho,L,Black,Summer,3.0,No,Cash,No,35,Monthly,0,18-24,High,Loyal (31+),1,30,0,0,Low (<3.5)
2426,32,Female,Backpack,Accessories,43.0,Alabama,XL,Red,Winter,2.8,No,Debit Card,Yes,31,Fortnightly,0,25-34,Mid-Low,Loyal (31+),1,14,1,0,Low (<3.5)
2427,25,Female,Pants,Clothing,93.0,Vermont,M,Gray,Winter,2.7,Yes,Cash,Yes,41,Bi-Weekly,0,25-34,High,Loyal (31+),1,14,1,1,Low (<3.5)
2428,21,Male,Gloves,Accessories,95.0,Idaho,M,Olive,Summer,4.3,No,Venmo,Yes,8,Annually,0,18-24,High,Occasional (6-15),0,365,1,0,Medium (3.5-4.4)
2429,38,Male,Jewelry,Accessories,74.0,Texas,M,Pink,Fall,4.8,No,Venmo,Yes,50,Quarterly,0,35-44,Mid-High,Loyal (31+),1,90,1,0,High (4.5+)
2430,37,Male,Jewelry,Accessories,32.0,Idaho,L,Pink,Spring,4.2,No,Bank Transfer,No,38,Quarterly,0,35-44,Low,Loyal (31+),1,90,0,0,Medium (3.5-4.4)
2431,24,Male,Jewelry,Accessories,36.0,Oregon,M,Red,Summer,4.9,No,Venmo,No,10,Every 3 Months,0,18-24,Low,Occasional (6-15),1,90,0,0,High (4.5+)
2432,60,Female,Gloves,Accessories,95.0,Idaho,XL,Black,Winter,4.3,Yes,Venmo,No,2,Bi-Weekly,0,55-64,High,New (0-5),0,14,0,1,Medium (3.5-4.4)
2433,64,Male,Sandals,Footwear,20.0,Texas,M,Blue,Fall,3.2,No,Bank Transfer,No,2,Bi-Weekly,0,55-64,Low,New (0-5),0,14,0,0,Low (<3.5)
2434,56,Male,Sweater,Clothing,60.0,Nevada,XL,Red,Fall,3.1,No,PayPal,No,35,Annually,0,55-64,Mid-Low,Loyal (31+),1,365,0,0,Low (<3.5)
2435,45,Female,Backpack,Accessories,68.0,Oregon,M,Teal,Spring,4.2,Yes,Debit Card,Yes,22,Monthly,0,45-54,Mid-High,Regular (16-30),1,30,1,1,Medium (3.5-4.4)
2436,68,Male,Hoodie,Outerwear,87.0,Montana,S,Pink,Winter,4.2,No,Debit Card,No,10,Fortnightly,0,65+,High,Occasional (6-15),1,14,0,0,Medium (3.5-4.4)
2437,36,Female,Slippers,Footwear,92.0,Ohio,M,Teal,Winter,3.8,No,Cash,Yes,16,Annually,0,35-44,High,Regular (16-30),1,365,1,0,Medium (3.5-4.4)
2438,40,Male,Jewelry,Accessories,42.0,Ohio,L,Teal,Summer,3.8,Yes,Bank Transfer,No,23,Every 3 Months,0,35-44,Mid-Low,Regular (16-30),1,90,0,1,Medium (3.5-4.4)
2439,18,Male,Shirt,Clothing,60.0,Illinois,L,White,Winter,3.5,No,PayPal,No,3,Bi-Weekly,0,18-24,Mid-Low,New (0-5),0,14,0,0,Medium (3.5-4.4)
2440,55,Male,Hat,Accessories,71.0,Alabama,M,Black,Fall,3.4,No,Bank Transfer,No,29,Fortnightly,0,55-64,Mid-High,Regular (16-30),1,14,0,0,Low (<3.5)
2441,22,Male,Hoodie,Outerwear,98.0,Oregon,S,Gray,Summer,4.1,No,Credit Card,No,2,Quarterly,0,18-24,High,New (0-5),0,90,0,0,Medium (3.5-4.4)
2442,53,Male,Sweater,Clothing,65.0,Ohio,XL,Blue,Summer,4.4,No,PayPal,Yes,33,Monthly,0,45-54,Mid-High,Loyal (31+),1,30,1,0,Medium (3.5-4.4)
2443,59,Male,Skirt,Clothing,29.0,Texas,M,Pink,Fall,4.5,No,PayPal,No,4,Fortnightly,0,55-64,Low,New (0-5),0,14,0,0,High (4.5+)
2444,29,Male,Sneakers,Footwear,94.0,Utah,M,Red,Summer,3.3,No,Cash,Yes,40,Weekly,0,25-34,High,Loyal (31+),1,7,1,0,Low (<3.5)
2445,50,Male,Sandals,Footwear,61.0,New York,XL,Black,Fall,4.6,No,Cash,Yes,13,Every 3 Months,0,45-54,Mid-High,Occasional (6-15),1,90,1,0,High (4.5+)
2446,34,Female,Shoes,Footwear,34.0,Georgia,S,White,Spring,3.3,No,Debit Card,Yes,26,Every 3 Months,0,25-34,Low,Regular (16-30),1,90,1,0,Low (<3.5)
2447,39,Male,Jeans,Clothing,35.0,Vermont,S,Blue,Summer,3.3,No,Cash,No,20,Annually,0,35-44,Low,Regular (16-30),1,365,0,0,Low (<3.5)
2448,46,Male,Skirt,Clothing,36.0,Texas,M,Black,Fall,4.5,Yes,Venmo,No,45,Bi-Weekly,0,45-54,Low,Loyal (31+),1,14,0,1,High (4.5+)
2449,31,Male,Boots,Footwear,78.0,Illinois,L,Blue,Winter,4.9,No,Credit Card,No,40,Quarterly,0,25-34,Mid-High,Loyal (31+),1,90,0,0,High (4.5+)
2450,60,Female,Shoes,Footwear,96.0,New York,M,Gray,Summer,4.8,No,Credit Card,No,48,Quarterly,0,55-64,High,Loyal (31+),1,90,0,0,High (4.5+)
2451,38,Female,Hat,Accessories,55.0,Montana,XL,Teal,Fall,2.8,No,Cash,No,36,Fortnightly,0,35-44,Mid-Low,Loyal (31+),1,14,0,0,Low (<3.5)
2452,42,Female,Jewelry,Accessories,27.0,Oregon,M,Olive,Summer,3.2,Yes,Credit Card,Yes,49,Annually,0,35-44,Low,Loyal (31+),1,365,1,1,Low (<3.5)
2453,61,Female,Handbag,Accessories,91.0,Alabama,XL,Black,Winter,4.4,No,Credit Card,No,12,Bi-Weekly,0,55-64,High,Occasional (6-15),1,14,0,0,Medium (3.5-4.4)
2454,30,Male,Scarf,Accessories,71.0,Utah,S,Red,Summer,4.5,No,Credit Card,Yes,16,Weekly,0,25-34,Mid-High,Regular (16-30),1,7,1,0,High (4.5+)
2455,41,Female,Jewelry,Accessories,66.0,Florida,S,Pink,Fall,3.8,No,PayPal,No,41,Fortnightly,0,35-44,Mid-High,Loyal (31+),1,14,0,0,Medium (3.5-4.4)
2456,70,Male,Sneakers,Footwear,24.0,Nevada,M,Blue,Summer,2.5,No,PayPal,No,2,Annually,0,65+,Low,New (0-5),0,365,0,0,Low (<3.5)
2457,39,Female,Backpack,Accessories,98.0,Idaho,S,Gray,Summer,3.8,Yes,Credit Card,Yes,9,Weekly,0,35-44,High,Occasional (6-15),0,7,1,1,Medium (3.5-4.4)
2458,24,Male,Shorts,Clothing,26.0,California,M,Teal,Fall,2.6,Yes,PayPal,Yes,36,Monthly,0,18-24,Low,Loyal (31+),1,30,1,1,Low (<3.5)
2459,33,Male,Skirt,Clothing,69.0,Florida,L,White,Fall,3.2,No,PayPal,Yes,20,Monthly,0,25-34,Mid-High,Regular (16-30),1,30,1,0,Low (<3.5)
2460,68,Female,Slippers,Footwear,68.0,Maine,L,Red,Fall,4.1,No,Bank Transfer,No,13,Every 3 Months,0,65+,Mid-High,Occasional (6-15),1,90,0,0,Medium (3.5-4.4)
2461,58,Female,Sunglasses,Accessories,61.0,Alabama,L,Gray,Winter,2.8,Yes,Venmo,Yes,16,Every 3 Months,0,55-64,Mid-High,Regular (16-30),1,90,1,1,Low (<3.5)
2462,60,Female,Belt,Accessories,64.0,Montana,S,Pink,Fall,4.3,Yes,Debit Card,No,39,Monthly,0,55-64,Mid-High,Loyal (31+),1,30,0,1,Medium (3.5-4.4)
2463,31,Male,Shorts,Clothing,52.0,Minnesota,L,Pink,Winter,4.1,No,Debit Card,Yes,25,Quarterly,0,25-34,Mid-Low,Regular (16-30),1,90,1,0,Medium (3.5-4.4)
2464,62,Male,Sandals,Footwear,66.0,Maine,M,Blue,Summer,3.6,Yes,Credit Card,No,1,Every 3 Months,0,55-64,Mid-High,New (0-5),0,90,0,1,Medium (3.5-4.4)
2465,38,Male,Sweater,Clothing,49.0,Texas,L,Red,Fall,3.4,No,Cash,No,26,Every 3 Months,0,35-44,Mid-Low,Regular (16-30),1,90,0,0,Low (<3.5)
2466,60,Male,Sunglasses,Accessories,58.0,California,L,Pink,Summer,4.8,No,Venmo,Yes,39,Annually,0,55-64,Mid-Low,Loyal (31+),1,365,1,0,High (4.5+)
2467,64,Male,Belt,Accessories,74.0,California,M,Pink,Fall,3.9,No,Bank Transfer,No,9,Quarterly,0,55-64,Mid-High,Occasional (6-15),0,90,0,0,Medium (3.5-4.4)
2468,29,Male,Shoes,Footwear,80.0,California,M,Pink,Spring,4.7,No,Cash,Yes,4,Bi-Weekly,0,25-34,Mid-High,New (0-5),0,14,1,0,High (4.5+)
2469,67,Female,Sneakers,Footwear,32.0,Maine,XL,Olive,Winter,3.5,Yes,PayPal,Yes,32,Monthly,0,65+,Low,Loyal (31+),1,30,1,1,Medium (3.5-4.4)
2470,51,Male,Socks,Clothing,100.0,Maine,M,Blue,Fall,4.0,No,Debit Card,Yes,44,Every 3 Months,0,45-54,High,Loyal (31+),1,90,1,0,Medium (3.5-4.4)
2471,56,Female,Slippers,Footwear,27.0,New York,L,Blue,Fall,4.9,No,PayPal,Yes,4,Bi-Weekly,0,55-64,Low,New (0-5),0,14,1,0,High (4.5+)
2472,58,Female,Hat,Accessories,42.0,Oregon,XL,Olive,Winter,2.8,Yes,Bank Transfer,No,33,Annually,0,55-64,Mid-Low,Loyal (31+),1,365,0,1,Low (<3.5)
2473,26,Male,Hat,Accessories,48.0,Montana,M,Blue,Summer,3.2,No,Cash,No,39,Monthly,0,25-34,Mid-Low,Loyal (31+),1,30,0,0,Low (<3.5)
2474,57,Male,Sandals,Footwear,46.0,Ohio,M,Olive,Summer,4.8,No,Credit Card,No,9,Every 3 Months,0,55-64,Mid-Low,Occasional (6-15),0,90,0,0,High (4.5+)
2475,29,Male,Jeans,Clothing,48.0,Alabama,M,Gray,Fall,3.6,Yes,Cash,Yes,14,Monthly,0,25-34,Mid-Low,Occasional (6-15),1,30,1,1,Medium (3.5-4.4)
2476,32,Male,Blouse,Clothing,46.0,Georgia,L,Red,Winter,3.2,No,Bank Transfer,No,26,Annually,0,25-34,Mid-Low,Regular (16-30),1,365,0,0,Low (<3.5)
2477,24,Female,Socks,Clothing,55.0,Nevada,M,Blue,Summer,5.0,No,Cash,No,31,Quarterly,0,18-24,Mid-Low,Loyal (31+),1,90,0,0,High (4.5+)
2478,27,Male,Jeans,Clothing,81.0,Georgia,M,Pink,Spring,2.8,Yes,Credit Card,Yes,26,Every 3 Months,0,25-34,High,Regular (16-30),1,90,1,1,Low (<3.5)
2479,69,Male,Pants,Clothing,87.0,Texas,M,Red,Spring,4.0,No,Cash,No,10,Every 3 Months,0,65+,High,Occasional (6-15),1,90,0,0,Medium (3.5-4.4)
2480,35,Female,Hoodie,Outerwear,48.0,Nevada,XL,Blue,Fall,4.5,Yes,Debit Card,No,44,Bi-Weekly,0,35-44,Mid-Low,Loyal (31+),1,14,0,1,High (4.5+)
2481,38,Male,Boots,Footwear,40.0,Vermont,XL,Red,Spring,4.5,No,Credit Card,No,22,Bi-Weekly,0,35-44,Mid-Low,Regular (16-30),1,14,0,0,High (4.5+)
2482,43,Female,Sweater,Clothing,74.0,Vermont,M,Red,Fall,3.6,No,Bank Transfer,No,27,Every 3 Months,0,35-44,Mid-High,Regular (16-30),1,90,0,0,Medium (3.5-4.4)
2483,55,Male,Blouse,Clothing,24.0,Nevada,XL,Gray,Winter,2.6,No,Debit Card,Yes,27,Monthly,0,55-64,Low,Regular (16-30),1,30,1,0,Low (<3.5)
2484,48,Female,Skirt,Clothing,56.0,Minnesota,L,Teal,Fall,4.6,Yes,Debit Card,No,28,Quarterly,0,45-54,Mid-Low,Regular (16-30),1,90,0,1,High (4.5+)
2485,46,Male,Hat,Accessories,37.0,Florida,XL,Blue,Spring,4.5,No,Debit Card,No,15,Monthly,0,45-54,Low,Occasional (6-15),1,30,0,0,High (4.5+)
2486,62,Male,Pants,Clothing,69.0,Idaho,S,White,Fall,3.1,No,Credit Card,No,16,Weekly,0,55-64,Mid-High,Regular (16-30),1,7,0,0,Low (<3.5)
2487,44,Female,Handbag,Accessories,26.0,New York,M,Teal,Summer,3.4,No,Debit Card,Yes,7,Monthly,0,35-44,Low,Occasional (6-15),0,30,1,0,Low (<3.5)
2488,58,Female,Gloves,Accessories,87.0,Georgia,L,White,Spring,3.8,No,PayPal,Yes,37,Fortnightly,0,55-64,High,Loyal (31+),1,14,1,0,Medium (3.5-4.4)
2489,66,Male,Jeans,Clothing,41.0,Utah,M,Teal,Spring,2.8,Yes,Credit Card,Yes,16,Weekly,0,65+,Mid-Low,Regular (16-30),1,7,1,1,Low (<3.5)
2490,53,Male,Belt,Accessories,61.0,New York,M,White,Fall,4.6,No,Credit Card,Yes,3,Fortnightly,0,45-54,Mid-High,New (0-5),0,14,1,0,High (4.5+)
2491,19,Male,Jacket,Outerwear,66.0,New York,L,Blue,Fall,4.8,No,Credit Card,No,3,Bi-Weekly,0,18-24,Mid-High,New (0-5),0,14,0,0,High (4.5+)
2492,31,Female,Socks,Clothing,58.0,Georgia,L,Teal,Summer,3.3,Yes,Credit Card,No,49,Every 3 Months,0,25-34,Mid-Low,Loyal (31+),1,90,0,1,Low (<3.5)
2493,50,Female,Blouse,Clothing,56.0,Illinois,M,White,Winter,4.8,No,Bank Transfer,No,22,Fortnightly,0,45-54,Mid-Low,Regular (16-30),1,14,0,0,High (4.5+)
2494,43,Male,Hoodie,Outerwear,41.0,Montana,M,White,Fall,4.5,No,Credit Card,Yes,31,Every 3 Months,0,35-44,Mid-Low,Loyal (31+),1,90,1,0,High (4.5+)
2495,33,Male,Backpack,Accessories,82.0,California,M,Gray,Winter,4.3,No,Venmo,No,27,Fortnightly,0,25-34,High,Regular (16-30),1,14,0,0,Medium (3.5-4.4)
2496,35,Male,Shoes,Footwear,61.0,California,S,White,Spring,4.9,No,Credit Card,No,43,Every 3 Months,0,35-44,Mid-High,Loyal (31+),1,90,0,0,High (4.5+)
2497,22,Female,Shoes,Footwear,37.0,Utah,M,Black,Summer,3.3,No,Bank Transfer,No,45,Monthly,0,18-24,Low,Loyal (31+),1,30,0,0,Low (<3.5)
2498,30,Male,Socks,Clothing,41.0,Montana,M,Olive,Spring,4.8,No,Venmo,Yes,40,Weekly,0,25-34,Mid-Low,Loyal (31+),1,7,1,0,High (4.5+)
2499,59,Male,Backpack,Accessories,55.0,Minnesota,L,Teal,Summer,2.7,No,Venmo,No,50,Weekly,0,55-64,Mid-Low,Loyal (31+),1,7,0,0,Low (<3.5)
2500,18,Female,Sneakers,Footwear,88.0,Texas,M,Pink,Winter,3.7,No,Credit Card,No,11,Weekly,0,18-24,High,Occasional (6-15),1,7,0,0,Medium (3.5-4.4)
2501,62,Male,Blouse,Clothing,97.0,Texas,M,Teal,Summer,3.9,No,Bank Transfer,No,23,Bi-Weekly,0,55-64,High,Regular (16-30),1,14,0,0,Medium (3.5-4.4)
2502,35,Male,Handbag,Accessories,51.0,Georgia,L,Gray,Summer,2.8,Yes,Cash,Yes,15,Bi-Weekly,0,35-44,Mid-Low,Occasional (6-15),1,14,1,1,Low (<3.5)
2503,60,Male,Jacket,Outerwear,52.0,Vermont,S,Gray,Spring,4.3,No,Credit Card,Yes,42,Weekly,0,55-64,Mid-Low,Loyal (31+),1,7,1,0,Medium (3.5-4.4)
2504,31,Male,Jewelry,Accessories,30.0,New York,M,Teal,Summer,3.7,No,Debit Card,No,14,Quarterly,0,25-34,Low,Occasional (6-15),1,90,0,0,Medium (3.5-4.4)
2505,61,Female,Shorts,Clothing,64.0,Illinois,M,Gray,Spring,3.6,No,Bank Transfer,No,40,Every 3 Months,0,55-64,Mid-High,Loyal (31+),1,90,0,0,Medium (3.5-4.4)
2506,48,Male,Shirt,Clothing,39.0,California,L,Black,Spring,4.0,No,Credit Card,No,12,Every 3 Months,0,45-54,Low,Occasional (6-15),1,90,0,0,Medium (3.5-4.4)
2507,63,Male,Coat,Outerwear,86.0,Utah,S,White,Spring,2.8,Yes,PayPal,Yes,35,Fortnightly,0,55-64,High,Loyal (31+),1,14,1,1,Low (<3.5)
2508,21,Male,Jacket,Outerwear,63.0,Minnesota,M,Gray,Fall,3.0,No,Venmo,Yes,1,Annually,0,18-24,Mid-High,New (0-5),0,365,1,0,Low (<3.5)
2509,60,Female,Sandals,Footwear,37.0,Utah,M,Pink,Fall,3.0,Yes,Credit Card,No,40,Bi-Weekly,0,55-64,Low,Loyal (31+),1,14,0,1,Low (<3.5)
2510,32,Male,Jewelry,Accessories,94.0,Minnesota,L,Gray,Fall,4.9,No,Debit Card,No,42,Fortnightly,0,25-34,High,Loyal (31+),1,14,0,0,High (4.5+)
2511,37,Male,Sneakers,Footwear,86.0,Maine,L,Red,Spring,4.4,No,Venmo,No,29,Weekly,0,35-44,High,Regular (16-30),1,7,0,0,Medium (3.5-4.4)
2512,20,Male,Blouse,Clothing,44.0,Florida,XL,Blue,Winter,3.8,No,Venmo,No,27,Every 3 Months,0,18-24,Mid-Low,Regular (16-30),1,90,0,0,Medium (3.5-4.4)
2513,68,Male,Shirt,Clothing,29.0,Oregon,L,Olive,Fall,4.1,No,PayPal,No,23,Fortnightly,0,65+,Low,Regular (16-30),1,14,0,0,Medium (3.5-4.4)
2514,51,Female,Pants,Clothing,41.0,Florida,M,Teal,Fall,4.1,No,Cash,No,30,Quarterly,0,45-54,Mid-Low,Regular (16-30),1,90,0,0,Medium (3.5-4.4)
2515,69,Female,Skirt,Clothing,50.0,Alabama,M,Blue,Winter,3.2,Yes,Credit Card,Yes,29,Monthly,0,65+,Mid-Low,Regular (16-30),1,30,1,1,Low (<3.5)
2516,48,Female,Hat,Accessories,52.0,California,S,Gray,Summer,2.7,No,Debit Card,No,25,Annually,0,45-54,Mid-Low,Regular (16-30),1,365,0,0,Low (<3.5)
2517,26,Male,Pants,Clothing,86.0,Montana,M,Red,Fall,3.9,No,Venmo,No,27,Every 3 Months,0,25-34,High,Regular (16-30),1,90,0,0,Medium (3.5-4.4)
2518,35,Male,Shirt,Clothing,98.0,New York,S,White,Spring,3.2,No,Venmo,No,7,Every 3 Months,0,35-44,High,Occasional (6-15),0,90,0,0,Low (<3.5)
2519,41,Female,Sandals,Footwear,80.0,Utah,M,Red,Summer,4.7,Yes,Debit Card,No,24,Monthly,0,35-44,Mid-High,Regular (16-30),1,30,0,1,High (4.5+)
2520,25,Male,Pants,Clothing,88.0,Florida,L,Black,Summer,3.1,No,Venmo,Yes,22,Monthly,0,25-34,High,Regular (16-30),1,30,1,0,Low (<3.5)
2521,67,Female,Shorts,Clothing,30.0,Florida,L,Gray,Spring,3.9,Yes,Cash,Yes,45,Fortnightly,0,65+,Low,Loyal (31+),1,14,1,1,Medium (3.5-4.4)
2522,68,Male,Slippers,Footwear,32.0,Alabama,M,Black,Fall,3.6,No,Debit Card,No,15,Every 3 Months,0,65+,Low,Occasional (6-15),1,90,0,0,Medium (3.5-4.4)
2523,47,Male,Shirt,Clothing,93.0,Nevada,M,Red,Spring,4.4,No,Bank Transfer,No,49,Every 3 Months,0,45-54,High,Loyal (31+),1,90,0,0,Medium (3.5-4.4)
2524,48,Male,Gloves,Accessories,69.0,New York,M,Teal,Winter,4.9,No,Bank Transfer,Yes,45,Bi-Weekly,0,45-54,Mid-High,Loyal (31+),1,14,1,0,High (4.5+)
2525,55,Male,Hat,Accessories,39.0,Idaho,M,White,Spring,3.5,No,Venmo,No,40,Weekly,0,55-64,Low,Loyal (31+),1,7,0,0,Medium (3.5-4.4)
2526,53,Male,Dress,Clothing,84.0,Texas,M,Blue,Spring,2.6,Yes,Cash,Yes,36,Every 3 Months,0,45-54,High,Loyal (31+),1,90,1,1,Low (<3.5)
2527,21,Male,Backpack,Accessories,34.0,Minnesota,M,Olive,Summer,4.2,No,Credit Card,No,16,Every 3 Months,0,18-24,Low,Regular (16-30),1,90,0,0,Medium (3.5-4.4)
2528,46,Male,Scarf,Accessories,82.0,New York,M,Teal,Summer,2.8,No,Cash,No,9,Every 3 Months,0,45-54,High,Occasional (6-15),0,90,0,0,Low (<3.5)
2529,59,Male,Hat,Accessories,91.0,Texas,XL,Teal,Fall,2.8,No,Debit Card,No,40,Weekly,0,55-64,High,Loyal (31+),1,7,0,0,Low (<3.5)
2530,60,Female,Handbag,Accessories,59.0,Montana,M,Black,Fall,4.2,No,Debit Card,Yes,36,Every 3 Months,0,55-64,Mid-Low,Loyal (31+),1,90,1,0,Medium (3.5-4.4)
2531,49,Male,Belt,Accessories,73.0,Utah,M,White,Fall,2.8,Yes,Credit Card,Yes,42,Bi-Weekly,0,45-54,Mid-High,Loyal (31+),1,14,1,1,Low (<3.5)
2532,65,Female,Handbag,Accessories,79.0,Illinois,S,Teal,Fall,2.8,No,Venmo,Yes,28,Fortnightly,0,65+,Mid-High,Regular (16-30),1,14,1,0,Low (<3.5)
2533,49,Male,Hat,Accessories,91.0,Florida,M,Gray,Winter,3.6,Yes,Debit Card,Yes,45,Monthly,0,45-54,High,Loyal (31+),1,30,1,1,Medium (3.5-4.4)
2534,38,Male,Pants,Clothing,67.0,Maine,M,Pink,Fall,3.6,No,Debit Card,Yes,5,Every 3 Months,0,35-44,Mid-High,New (0-5),0,90,1,0,Medium (3.5-4.4)
2535,41,Male,Jacket,Outerwear,43.0,Idaho,XL,Black,Spring,4.8,No,Bank Transfer,No,6,Every 3 Months,0,35-44,Mid-Low,Occasional (6-15),0,90,0,0,High (4.5+)
2536,54,Female,Boots,Footwear,36.0,Illinois,M,Black,Summer,3.2,No,Credit Card,No,4,Fortnightly,0,45-54,Low,New (0-5),0,14,0,0,Low (<3.5)
2537,64,Male,Sunglasses,Accessories,48.0,New York,M,White,Fall,3.5,No,Cash,Yes,17,Annually,0,55-64,Mid-Low,Regular (16-30),1,365,1,0,Medium (3.5-4.4)
2538,30,Female,Dress,Clothing,24.0,Georgia,XL,Black,Summer,4.3,No,Credit Card,No,8,Every 3 Months,0,25-34,Low,Occasional (6-15),0,90,0,0,Medium (3.5-4.4)
2539,33,Male,Socks,Clothing,76.0,Florida,M,Teal,Winter,4.6,No,Debit Card,Yes,3,Annually,0,25-34,Mid-High,New (0-5),0,365,1,0,High (4.5+)
2540,52,Female,Sneakers,Footwear,49.0,Nevada,M,Pink,Summer,3.4,Yes,Venmo,No,41,Annually,0,45-54,Mid-Low,Loyal (31+),1,365,0,1,Low (<3.5)
2541,58,Female,Boots,Footwear,77.0,Georgia,L,Red,Summer,4.1,Yes,Cash,No,8,Monthly,0,55-64,Mid-High,Occasional (6-15),0,30,0,1,Medium (3.5-4.4)
2542,39,Female,T-shirt,Clothing,25.0,Nevada,M,Black,Summer,4.1,No,Debit Card,No,42,Weekly,0,35-44,Low,Loyal (31+),1,7,0,0,Medium (3.5-4.4)
2543,52,Male,Socks,Clothing,46.0,Utah,XL,Black,Fall,3.3,No,Bank Transfer,Yes,33,Weekly,0,45-54,Mid-Low,Loyal (31+),1,7,1,0,Low (<3.5)
2544,18,Female,Sweater,Clothing,51.0,Maine,S,Blue,Fall,2.8,No,PayPal,No,31,Quarterly,0,18-24,Mid-Low,Loyal (31+),1,90,0,0,Low (<3.5)
2545,33,Male,Boots,Footwear,27.0,Idaho,L,Olive,Summer,4.2,No,Debit Card,Yes,6,Weekly,0,25-34,Low,Occasional (6-15),0,7,1,0,Medium (3.5-4.4)
2546,68,Female,Socks,Clothing,87.0,New York,M,Pink,Spring,3.2,No,Bank Transfer,No,1,Quarterly,0,65+,High,New (0-5),0,90,0,0,Low (<3.5)
2547,48,Male,Hoodie,Outerwear,68.0,Montana,L,Gray,Spring,3.3,No,Credit Card,Yes,7,Weekly,0,45-54,Mid-High,Occasional (6-15),0,7,1,0,Low (<3.5)
2548,64,Male,Blouse,Clothing,88.0,Illinois,L,Teal,Summer,3.9,No,Debit Card,No,16,Every 3 Months,0,55-64,High,Regular (16-30),1,90,0,0,Medium (3.5-4.4)
2549,29,Male,T-shirt,Clothing,84.0,Montana,L,Teal,Winter,2.9,Yes,Credit Card,No,48,Fortnightly,0,25-34,High,Loyal (31+),1,14,0,1,Low (<3.5)
2550,33,Female,Dress,Clothing,22.0,California,L,Pink,Winter,3.1,Yes,Debit Card,No,21,Weekly,0,25-34,Low,Regular (16-30),1,7,0,1,Low (<3.5)
2551,69,Male,Slippers,Footwear,90.0,Montana,L,Black,Fall,3.6,Yes,Debit Card,No,12,Bi-Weekly,0,65+,High,Occasional (6-15),1,14,0,1,Medium (3.5-4.4)
2552,70,Male,Sandals,Footwear,25.0,Florida,S,Teal,Fall,4.7,Yes,Bank Transfer,No,15,Annually,0,65+,Low,Occasional (6-15),1,365,0,1,High (4.5+)
2553,64,Male,Sunglasses,Accessories,90.0,New York,S,Teal,Fall,4.4,No,Venmo,Yes,17,Monthly,0,55-64,High,Regular (16-30),1,30,1,0,Medium (3.5-4.4)
2554,34,Female,Jacket,Outerwear,74.0,Nevada,M,Gray,Spring,3.3,No,PayPal,Yes,30,Annually,0,25-34,Mid-High,Regular (16-30),1,365,1,0,Low (<3.5)
2555,60,Male,Sweater,Clothing,86.0,Maine,M,Gray,Summer,3.3,Yes,Debit Card,No,41,Fortnightly,0,55-64,High,Loyal (31+),1,14,0,1,Low (<3.5)
2556,42,Female,Jewelry,Accessories,60.0,Maine,M,Pink,Winter,5.0,No,PayPal,Yes,4,Quarterly,0,35-44,Mid-Low,New (0-5),0,90,1,0,High (4.5+)
2557,62,Male,Blouse,Clothing,32.0,Ohio,L,Gray,Fall,4.1,No,Credit Card,No,39,Fortnightly,0,55-64,Low,Loyal (31+),1,14,0,0,Medium (3.5-4.4)
2558,63,Male,Skirt,Clothing,32.0,Nevada,L,Blue,Spring,4.2,No,Credit Card,Yes,1,Monthly,0,55-64,Low,New (0-5),0,30,1,0,Medium (3.5-4.4)
2559,41,Male,Slippers,Footwear,29.0,Florida,XL,Olive,Spring,2.6,No,Bank Transfer,Yes,17,Bi-Weekly,0,35-44,Low,Regular (16-30),1,14,1,0,Low (<3.5)
2560,34,Female,Skirt,Clothing,85.0,New York,M,Pink,Winter,2.8,No,Cash,Yes,30,Quarterly,0,25-34,High,Regular (16-30),1,90,1,0,Low (<3.5)
2561,69,Female,Scarf,Accessories,63.0,Nevada,L,White,Winter,3.2,Yes,Credit Card,No,6,Quarterly,0,65+,Mid-High,Occasional (6-15),0,90,0,1,Low (<3.5)
2562,41,Male,Handbag,Accessories,37.0,Alabama,L,Olive,Spring,4.6,No,Credit Card,Yes,14,Weekly,0,35-44,Low,Occasional (6-15),1,7,1,0,High (4.5+)
2563,40,Male,Hat,Accessories,30.0,Illinois,XL,White,Summer,4.8,No,Credit Card,Yes,32,Quarterly,0,35-44,Low,Loyal (31+),1,90,1,0,High (4.5+)
2564,53,Male,Sneakers,Footwear,26.0,Illinois,L,Gray,Winter,3.0,No,Debit Card,Yes,35,Every 3 Months,0,45-54,Low,Loyal (31+),1,90,1,0,Low (<3.5)
2565,67,Male,Hat,Accessories,40.0,Florida,M,Black,Summer,4.3,No,Credit Card,Yes,5,Bi-Weekly,0,65+,Mid-Low,New (0-5),0,14,1,0,Medium (3.5-4.4)
2566,24,Male,Blouse,Clothing,80.0,Georgia,S,Teal,Spring,4.7,No,Debit Card,Yes,39,Weekly,0,18-24,Mid-High,Loyal (31+),1,7,1,0,High (4.5+)
2567,70,Female,Jeans,Clothing,92.0,New York,XL,Olive,Summer,4.7,No,Venmo,No,21,Bi-Weekly,0,65+,High,Regular (16-30),1,14,0,0,High (4.5+)
2568,40,Male,Sweater,Clothing,69.0,California,L,Red,Summer,3.6,Yes,PayPal,No,31,Bi-Weekly,0,35-44,Mid-High,Loyal (31+),1,14,0,1,Medium (3.5-4.4)
2569,19,Male,Belt,Accessories,100.0,Texas,L,Gray,Summer,3.1,No,Bank Transfer,Yes,11,Every 3 Months,0,18-24,High,Occasional (6-15),1,90,1,0,Low (<3.5)
2570,34,Female,Jacket,Outerwear,51.0,Utah,L,Gray,Winter,4.9,No,Cash,Yes,50,Weekly,0,25-34,Mid-Low,Loyal (31+),1,7,1,0,High (4.5+)
2571,42,Male,Dress,Clothing,46.0,Ohio,L,Black,Winter,3.2,No,Cash,Yes,39,Bi-Weekly,0,35-44,Mid-Low,Loyal (31+),1,14,1,0,Low (<3.5)
2572,53,Male,Slippers,Footwear,76.0,Montana,L,Gray,Fall,3.1,No,Debit Card,Yes,33,Every 3 Months,0,45-54,Mid-High,Loyal (31+),1,90,1,0,Low (<3.5)
2573,48,Male,Belt,Accessories,30.0,California,XL,Olive,Spring,3.0,No,Venmo,Yes,10,Annually,0,45-54,Low,Occasional (6-15),1,365,1,0,Low (<3.5)
2574,25,Male,Jewelry,Accessories,93.0,Ohio,XL,Blue,Summer,3.8,Yes,Debit Card,No,39,Quarterly,0,25-34,High,Loyal (31+),1,90,0,1,Medium (3.5-4.4)
2575,43,Female,Boots,Footwear,83.0,Georgia,M,Red,Spring,2.8,No,Venmo,Yes,19,Weekly,0,35-44,High,Regular (16-30),1,7,1,0,Low (<3.5)
2576,30,Female,Hat,Accessories,22.0,Montana,S,Blue,Spring,3.9,No,Bank Transfer,Yes,33,Quarterly,0,25-34,Low,Loyal (31+),1,90,1,0,Medium (3.5-4.4)
2577,32,Male,Scarf,Accessories,35.0,Maine,S,White,Summer,4.9,No,Cash,No,33,Weekly,0,25-34,Low,Loyal (31+),1,7,0,0,High (4.5+)
2578,55,Male,Gloves,Accessories,70.0,Maine,M,Teal,Spring,3.8,No,PayPal,Yes,41,Weekly,0,55-64,Mid-High,Loyal (31+),1,7,1,0,Medium (3.5-4.4)
2579,60,Male,Pants,Clothing,79.0,Montana,L,Gray,Fall,4.9,No,Credit Card,No,42,Quarterly,0,55-64,Mid-High,Loyal (31+),1,90,0,0,High (4.5+)
2580,26,Male,Coat,Outerwear,37.0,Illinois,L,Red,Summer,4.8,Yes,PayPal,No,20,Bi-Weekly,0,25-34,Low,Regular (16-30),1,14,0,1,High (4.5+)
2581,49,Female,T-shirt,Clothing,80.0,Montana,M,Blue,Fall,4.5,No,Debit Card,Yes,5,Weekly,0,45-54,Mid-High,New (0-5),0,7,1,0,High (4.5+)
2582,40,Male,Hat,Accessories,58.0,Texas,M,Olive,Fall,4.0,Yes,Bank Transfer,No,22,Bi-Weekly,0,35-44,Mid-Low,Regular (16-30),1,14,0,1,Medium (3.5-4.4)
2583,35,Male,Jeans,Clothing,74.0,Idaho,M,Black,Winter,4.7,Yes,PayPal,Yes,21,Bi-Weekly,0,35-44,Mid-High,Regular (16-30),1,14,1,1,High (4.5+)
2584,55,Female,Sweater,Clothing,54.0,Utah,L,Gray,Summer,3.9,Yes,Credit Card,Yes,17,Quarterly,0,55-64,Mid-Low,Regular (16-30),1,90,1,1,Medium (3.5-4.4)
2585,31,Female,T-shirt,Clothing,56.0,California,L,White,Spring,3.0,No,Debit Card,No,25,Annually,0,25-34,Mid-Low,Regular (16-30),1,365,0,0,Low (<3.5)
2586,58,Male,Sandals,Footwear,51.0,Florida,S,Teal,Winter,4.8,No,Debit Card,No,29,Weekly,0,55-64,Mid-Low,Regular (16-30),1,7,0,0,High (4.5+)
2587,39,Male,Dress,Clothing,32.0,Maine,M,Pink,Summer,3.8,Yes,Credit Card,Yes,32,Quarterly,0,35-44,Low,Loyal (31+),1,90,1,1,Medium (3.5-4.4)
2588,23,Male,Sweater,Clothing,35.0,Idaho,M,Pink,Winter,4.8,No,Credit Card,Yes,19,Quarterly,0,18-24,Low,Regular (16-30),1,90,1,0,High (4.5+)
2589,59,Male,Sandals,Footwear,33.0,Alabama,M,White,Winter,3.5,No,Cash,No,31,Annually,0,55-64,Low,Loyal (31+),1,365,0,0,Medium (3.5-4.4)
2590,63,Male,Socks,Clothing,85.0,Maine,L,Black,Winter,3.7,No,Cash,No,50,Bi-Weekly,1,55-64,High,Loyal (31+),1,14,0,0,Medium (3.5-4.4)
2591,47,Female,Jewelry,Accessories,54.0,California,XL,Red,Fall,4.4,No,Credit Card,No,33,Fortnightly,0,45-54,Mid-Low,Loyal (31+),1,14,0,0,Medium (3.5-4.4)
2592,56,Female,Gloves,Accessories,50.0,Nevada,S,Blue,Fall,4.1,No,Venmo,No,31,Annually,0,55-64,Mid-Low,Loyal (31+),1,365,0,0,Medium (3.5-4.4)
2593,25,Male,Handbag,Accessories,89.0,Alabama,M,Olive,Summer,3.6,No,Cash,No,15,Weekly,0,25-34,High,Occasional (6-15),1,7,0,0,Medium (3.5-4.4)
2594,35,Male,Shirt,Clothing,91.0,Montana,M,Olive,Summer,4.7,No,Debit Card,No,17,Monthly,0,35-44,High,Regular (16-30),1,30,0,0,High (4.5+)
2595,36,Male,Jeans,Clothing,38.0,Nevada,M,Red,Winter,3.8,No,Bank Transfer,Yes,3,Quarterly,0,35-44,Low,New (0-5),0,90,1,0,Medium (3.5-4.4)
2596,58,Male,Belt,Accessories,48.0,Nevada,M,White,Fall,2.5,No,Credit Card,Yes,26,Weekly,0,55-64,Mid-Low,Regular (16-30),1,7,1,0,Low (<3.5)
2597,36,Male,T-shirt,Clothing,53.0,Minnesota,S,Blue,Spring,4.2,No,Cash,No,4,Bi-Weekly,0,35-44,Mid-Low,New (0-5),0,14,0,0,Medium (3.5-4.4)
2598,56,Male,T-shirt,Clothing,88.0,Maine,S,Gray,Summer,2.7,No,Debit Card,No,40,Weekly,0,55-64,High,Loyal (31+),1,7,0,0,Low (<3.5)
2599,34,Female,Jacket,Outerwear,74.0,California,L,Blue,Winter,3.7,No,Credit Card,No,48,Every 3 Months,0,25-34,Mid-High,Loyal (31+),1,90,0,0,Medium (3.5-4.4)
2600,49,Female,Coat,Outerwear,64.0,New York,S,Blue,Spring,3.0,No,Bank Transfer,No,41,Fortnightly,0,45-54,Mid-High,Loyal (31+),1,14,0,0,Low (<3.5)
2601,29,Female,Shorts,Clothing,39.0,Idaho,L,White,Summer,3.1,No,Cash,No,8,Quarterly,0,25-34,Low,Occasional (6-15),0,90,0,0,Low (<3.5)
2602,47,Male,Belt,Accessories,51.0,Maine,M,Black,Winter,4.9,No,Debit Card,Yes,32,Fortnightly,0,45-54,Mid-Low,Loyal (31+),1,14,1,0,High (4.5+)
2603,22,Male,Boots,Footwear,22.0,Ohio,M,Gray,Summer,2.8,Yes,Venmo,No,22,Quarterly,0,18-24,Low,Regular (16-30),1,90,0,1,Low (<3.5)
2604,56,Male,Sunglasses,Accessories,77.0,Oregon,S,Teal,Fall,4.4,No,Bank Transfer,No,1,Every 3 Months,0,55-64,Mid-High,New (0-5),0,90,0,0,Medium (3.5-4.4)
2605,19,Male,Socks,Clothing,94.0,California,S,Teal,Winter,4.1,No,Credit Card,No,36,Weekly,0,18-24,High,Loyal (31+),1,7,0,0,Medium (3.5-4.4)
2606,70,Male,Dress,Clothing,83.0,Nevada,M,Teal,Summer,3.0,Yes,Bank Transfer,No,44,Every 3 Months,0,65+,High,Loyal (31+),1,90,0,1,Low (<3.5)
2607,62,Female,Belt,Accessories,45.0,Montana,L,Olive,Winter,4.8,No,Venmo,No,24,Quarterly,0,55-64,Mid-Low,Regular (16-30),1,90,0,0,High (4.5+)
2608,48,Male,Shirt,Clothing,59.0,Minnesota,XL,Olive,Summer,3.0,Yes,Debit Card,Yes,46,Weekly,0,45-54,Mid-Low,Loyal (31+),1,7,1,1,Low (<3.5)
2609,66,Male,Belt,Accessories,97.0,Vermont,S,Black,Summer,3.8,Yes,Debit Card,No,3,Fortnightly,0,65+,High,New (0-5),0,14,0,1,Medium (3.5-4.4)
2610,60,Male,Dress,Clothing,54.0,Oregon,S,White,Spring,4.5,No,Venmo,No,44,Every 3 Months,0,55-64,Mid-Low,Loyal (31+),1,90,0,0,High (4.5+)
2611,25,Male,Handbag,Accessories,87.0,California,S,Olive,Summer,4.4,Yes,Cash,No,35,Monthly,0,25-34,High,Loyal (31+),1,30,0,1,Medium (3.5-4.4)
2612,57,Male,Jewelry,Accessories,66.0,Minnesota,L,Teal,Fall,3.3,No,Debit Card,No,34,Weekly,0,55-64,Mid-High,Loyal (31+),1,7,0,0,Low (<3.5)
2613,37,Male,Slippers,Footwear,60.0,Georgia,M,Teal,Spring,4.6,Yes,Venmo,Yes,26,Quarterly,0,35-44,Mid-Low,Regular (16-30),1,90,1,1,High (4.5+)
2614,63,Male,Jewelry,Accessories,67.0,Idaho,M,Olive,Summer,4.9,Yes,Bank Transfer,Yes,2,Every 3 Months,0,55-64,Mid-High,New (0-5),0,90,1,1,High (4.5+)
2615,63,Male,Pants,Clothing,38.0,Maine,L,Black,Fall,3.7,No,Debit Card,Yes,23,Monthly,0,55-64,Low,Regular (16-30),1,30,1,0,Medium (3.5-4.4)
2616,68,Female,Slippers,Footwear,54.0,Minnesota,L,Teal,Winter,4.1,No,Venmo,Yes,48,Weekly,0,65+,Mid-Low,Loyal (31+),1,7,1,0,Medium (3.5-4.4)
2617,41,Male,Dress,Clothing,44.0,Nevada,L,Blue,Fall,3.4,No,Venmo,Yes,24,Weekly,0,35-44,Mid-Low,Regular (16-30),1,7,1,0,Low (<3.5)
2618,28,Male,Jewelry,Accessories,81.0,Utah,S,Black,Fall,3.4,Yes,PayPal,Yes,4,Bi-Weekly,0,25-34,High,New (0-5),0,14,1,1,Low (<3.5)
2619,24,Male,Handbag,Accessories,69.0,Florida,M,Pink,Fall,3.7,No,Debit Card,Yes,25,Monthly,0,18-24,Mid-High,Regular (16-30),1,30,1,0,Medium (3.5-4.4)
2620,26,Female,Jewelry,Accessories,52.0,Alabama,M,White,Summer,3.0,No,PayPal,No,8,Every 3 Months,0,25-34,Mid-Low,Occasional (6-15),0,90,0,0,Low (<3.5)
2621,70,Male,Gloves,Accessories,86.0,Montana,L,Blue,Summer,4.2,Yes,Venmo,No,22,Quarterly,0,65+,High,Regular (16-30),1,90,0,1,Medium (3.5-4.4)
2622,49,Male,Coat,Outerwear,56.0,Illinois,L,Olive,Fall,2.9,No,Debit Card,No,32,Fortnightly,0,45-54,Mid-Low,Loyal (31+),1,14,0,0,Low (<3.5)
2623,36,Male,Socks,Clothing,97.0,New York,S,Teal,Spring,2.5,No,Cash,Yes,4,Quarterly,0,35-44,High,New (0-5),0,90,1,0,Low (<3.5)
2624,41,Male,Jacket,Outerwear,69.0,Idaho,XL,Teal,Winter,3.6,No,Bank Transfer,No,24,Weekly,0,35-44,Mid-High,Regular (16-30),1,7,0,0,Medium (3.5-4.4)
2625,27,Male,Sandals,Footwear,91.0,Utah,M,White,Summer,2.7,No,Credit Card,Yes,26,Fortnightly,0,25-34,High,Regular (16-30),1,14,1,0,Low (<3.5)
2626,48,Male,Shorts,Clothing,99.0,Montana,L,White,Winter,3.9,No,PayPal,No,38,Every 3 Months,0,45-54,High,Loyal (31+),1,90,0,0,Medium (3.5-4.4)
2627,40,Male,Boots,Footwear,46.0,Ohio,S,Pink,Spring,3.8,Yes,PayPal,No,4,Annually,0,35-44,Mid-Low,New (0-5),0,365,0,1,Medium (3.5-4.4)
2628,60,Female,Shorts,Clothing,41.0,Vermont,M,Blue,Summer,2.8,No,Bank Transfer,No,32,Quarterly,0,55-64,Mid-Low,Loyal (31+),1,90,0,0,Low (<3.5)
2629,19,Male,Pants,Clothing,87.0,Minnesota,S,Black,Summer,3.1,No,Venmo,No,32,Monthly,0,18-24,High,Loyal (31+),1,30,0,0,Low (<3.5)
2630,67,Male,Shirt,Clothing,38.0,Ohio,L,Gray,Summer,2.6,No,PayPal,Yes,1,Annually,0,65+,Low,New (0-5),0,365,1,0,Low (<3.5)
2631,21,Male,Skirt,Clothing,80.0,California,S,Olive,Fall,4.0,No,Bank Transfer,No,6,Bi-Weekly,0,18-24,Mid-High,Occasional (6-15),0,14,0,0,Medium (3.5-4.4)
2632,40,Male,Shoes,Footwear,34.0,Oregon,M,Teal,Fall,3.2,Yes,Cash,No,33,Quarterly,0,35-44,Low,Loyal (31+),1,90,0,1,Low (<3.5)
2633,36,Male,Sunglasses,Accessories,90.0,Vermont,L,Red,Winter,4.3,No,PayPal,No,44,Quarterly,0,35-44,High,Loyal (31+),1,90,0,0,Medium (3.5-4.4)
2634,56,Male,Scarf,Accessories,75.0,Maine,L,Pink,Winter,4.1,No,Bank Transfer,Yes,43,Weekly,0,55-64,Mid-High,Loyal (31+),1,7,1,0,Medium (3.5-4.4)
2635,52,Male,Boots,Footwear,62.0,Idaho,L,Gray,Spring,3.4,Yes,Credit Card,No,39,Annually,0,45-54,Mid-High,Loyal (31+),1,365,0,1,Low (<3.5)
2636,28,Female,Blouse,Clothing,56.0,Minnesota,L,Teal,Winter,2.6,No,Bank Transfer,No,43,Quarterly,0,25-34,Mid-Low,Loyal (31+),1,90,0,0,Low (<3.5)
2637,44,Male,Sneakers,Footwear,71.0,Oregon,L,Red,Summer,3.3,No,Credit Card,No,31,Fortnightly,0,35-44,Mid-High,Loyal (31+),1,14,0,0,Low (<3.5)
2638,46,Female,Jeans,Clothing,51.0,Maine,L,Olive,Summer,3.3,No,Venmo,No,8,Every 3 Months,0,45-54,Mid-Low,Occasional (6-15),0,90,0,0,Low (<3.5)
2639,42,Female,Jewelry,Accessories,52.0,New York,M,Teal,Spring,3.3,No,Venmo,No,27,Bi-Weekly,0,35-44,Mid-Low,Regular (16-30),1,14,0,0,Low (<3.5)
2640,19,Male,Dress,Clothing,36.0,Vermont,S,Teal,Fall,4.9,Yes,Bank Transfer,Yes,18,Weekly,0,18-24,Low,Regular (16-30),1,7,1,1,High (4.5+)
2641,27,Male,Scarf,Accessories,32.0,Illinois,M,Red,Winter,2.9,Yes,Bank Transfer,No,13,Quarterly,0,25-34,Low,Occasional (6-15),1,90,0,1,Low (<3.5)
2642,44,Male,Jewelry,Accessories,92.0,Oregon,S,Gray,Summer,3.2,Yes,Bank Transfer,No,6,Weekly,0,35-44,High,Occasional (6-15),0,7,0,1,Low (<3.5)
2643,31,Female,Sneakers,Footwear,80.0,Nevada,M,Gray,Winter,4.6,No,Bank Transfer,No,1,Quarterly,0,25-34,Mid-High,New (0-5),0,90,0,0,High (4.5+)
2644,46,Male,Hat,Accessories,55.0,Oregon,M,Black,Spring,4.8,Yes,Bank Transfer,Yes,38,Quarterly,0,45-54,Mid-Low,Loyal (31+),1,90,1,1,High (4.5+)
2645,26,Male,Socks,Clothing,87.0,Texas,M,White,Winter,3.7,No,Venmo,No,9,Fortnightly,0,25-34,High,Occasional (6-15),0,14,0,0,Medium (3.5-4.4)
2646,56,Male,Jewelry,Accessories,69.0,New York,L,Olive,Summer,3.9,No,Bank Transfer,Yes,32,Every 3 Months,0,55-64,Mid-High,Loyal (31+),1,90,1,0,Medium (3.5-4.4)
2647,27,Female,Scarf,Accessories,68.0,Georgia,L,Black,Summer,2.6,No,Debit Card,No,16,Monthly,0,25-34,Mid-High,Regular (16-30),1,30,0,0,Low (<3.5)
2648,52,Male,Jewelry,Accessories,29.0,Georgia,M,Gray,Spring,4.5,Yes,Cash,No,25,Bi-Weekly,0,45-54,Low,Regular (16-30),1,14,0,1,High (4.5+)
2649,62,Male,Scarf,Accessories,63.0,Georgia,XL,Red,Winter,4.0,Yes,Bank Transfer,Yes,20,Weekly,0,55-64,Mid-High,Regular (16-30),1,7,1,1,Medium (3.5-4.4)
2650,36,Male,Scarf,Accessories,28.0,California,M,Red,Fall,3.7,No,Credit Card,No,15,Every 3 Months,0,35-44,Low,Occasional (6-15),1,90,0,0,Medium (3.5-4.4)
2651,25,Male,Hoodie,Outerwear,75.0,New York,M,Pink,Winter,3.3,No,Credit Card,Yes,25,Fortnightly,0,25-34,Mid-High,Regular (16-30),1,14,1,0,Low (<3.5)
2652,18,Female,Shirt,Clothing,25.0,Oregon,M,Blue,Summer,3.6,Yes,Credit Card,No,40,Fortnightly,0,18-24,Low,Loyal (31+),1,14,0,1,Medium (3.5-4.4)
2653,37,Female,Gloves,Accessories,61.0,Georgia,M,Pink,Spring,3.7,Yes,Venmo,No,26,Fortnightly,1,35-44,Mid-High,Regular (16-30),1,14,0,1,Medium (3.5-4.4)
2654,24,Male,Sunglasses,Accessories,49.0,Minnesota,M,Pink,Fall,2.7,No,Credit Card,Yes,40,Monthly,0,18-24,Mid-Low,Loyal (31+),1,30,1,0,Low (<3.5)
2655,64,Male,Sandals,Footwear,30.0,Oregon,L,Teal,Spring,3.8,No,PayPal,Yes,46,Annually,0,55-64,Low,Loyal (31+),1,365,1,0,Medium (3.5-4.4)
2656,69,Female,Jacket,Outerwear,58.0,Texas,M,Pink,Fall,2.6,No,PayPal,No,25,Every 3 Months,0,65+,Mid-Low,Regular (16-30),1,90,0,0,Low (<3.5)
2657,69,Male,Pants,Clothing,36.0,Illinois,M,Gray,Spring,4.4,No,PayPal,Yes,41,Every 3 Months,0,65+,Low,Loyal (31+),1,90,1,0,Medium (3.5-4.4)
2658,66,Male,Sandals,Footwear,39.0,Utah,M,Blue,Spring,3.0,No,Credit Card,Yes,7,Fortnightly,0,65+,Low,Occasional (6-15),0,14,1,0,Low (<3.5)
2659,49,Male,Blouse,Clothing,92.0,Nevada,M,Pink,Fall,4.8,Yes,PayPal,No,29,Quarterly,0,45-54,High,Regular (16-30),1,90,0,1,High (4.5+)
2660,35,Male,Jeans,Clothing,48.0,Texas,L,Teal,Fall,3.7,No,PayPal,Yes,24,Bi-Weekly,0,35-44,Mid-Low,Regular (16-30),1,14,1,0,Medium (3.5-4.4)
2661,41,Female,Gloves,Accessories,52.0,Alabama,L,Blue,Spring,3.6,Yes,Debit Card,Yes,1,Monthly,0,35-44,Mid-Low,New (0-5),0,30,1,1,Medium (3.5-4.4)
2662,31,Male,Socks,Clothing,20.0,Montana,L,Blue,Spring,3.4,Yes,Venmo,No,45,Quarterly,0,25-34,Low,Loyal (31+),1,90,0,1,Low (<3.5)
2663,62,Male,Blouse,Clothing,44.0,Nevada,M,Red,Winter,3.8,No,PayPal,No,38,Fortnightly,0,55-64,Mid-Low,Loyal (31+),1,14,0,0,Medium (3.5-4.4)
2664,41,Female,Shorts,Clothing,48.0,Oregon,M,Black,Spring,3.3,Yes,Credit Card,Yes,30,Bi-Weekly,0,35-44,Mid-Low,Regular (16-30),1,14,1,1,Low (<3.5)
2665,38,Male,Sneakers,Footwear,78.0,Minnesota,M,Blue,Spring,3.4,No,Venmo,No,35,Bi-Weekly,0,35-44,Mid-High,Loyal (31+),1,14,0,0,Low (<3.5)
2666,54,Female,Scarf,Accessories,29.0,Utah,L,White,Winter,3.0,No,PayPal,Yes,38,Annually,0,45-54,Low,Loyal (31+),1,365,1,0,Low (<3.5)
2667,37,Male,Belt,Accessories,95.0,Maine,M,Pink,Fall,3.4,No,Debit Card,No,39,Annually,0,35-44,High,Loyal (31+),1,365,0,0,Low (<3.5)
2668,36,Male,Shirt,Clothing,30.0,Florida,M,Red,Spring,4.5,No,PayPal,No,15,Annually,0,35-44,Low,Occasional (6-15),1,365,0,0,High (4.5+)
2669,30,Male,Boots,Footwear,72.0,Maine,S,Gray,Winter,3.1,Yes,Bank Transfer,No,21,Monthly,0,25-34,Mid-High,Regular (16-30),1,30,0,1,Low (<3.5)
2670,21,Male,Boots,Footwear,20.0,Georgia,L,Black,Summer,4.6,No,Credit Card,No,18,Quarterly,0,18-24,Low,Regular (16-30),1,90,0,0,High (4.5+)
2671,20,Male,Hat,Accessories,86.0,Oregon,S,Gray,Fall,4.7,No,Bank Transfer,No,46,Every 3 Months,0,18-24,High,Loyal (31+),1,90,0,0,High (4.5+)
2672,39,Male,Boots,Footwear,76.0,Georgia,XL,Olive,Fall,4.2,No,Debit Card,No,6,Every 3 Months,0,35-44,Mid-High,Occasional (6-15),0,90,0,0,Medium (3.5-4.4)
2673,70,Female,T-shirt,Clothing,87.0,Oregon,S,Olive,Summer,2.6,Yes,Debit Card,No,46,Quarterly,0,65+,High,Loyal (31+),1,90,0,1,Low (<3.5)
2674,31,Female,Sandals,Footwear,95.0,Georgia,M,Pink,Summer,3.9,No,Bank Transfer,Yes,18,Annually,0,25-34,High,Regular (16-30),1,365,1,0,Medium (3.5-4.4)
2675,51,Male,Sneakers,Footwear,87.0,California,M,Black,Fall,4.6,Yes,Cash,Yes,39,Bi-Weekly,0,45-54,High,Loyal (31+),1,14,1,1,High (4.5+)
2676,35,Male,Sandals,Footwear,70.0,Minnesota,M,Gray,Summer,3.4,Yes,Debit Card,Yes,9,Quarterly,0,35-44,Mid-High,Occasional (6-15),0,90,1,1,Low (<3.5)
2677,34,Male,Boots,Footwear,87.0,Utah,M,Red,Spring,3.2,Yes,Venmo,No,43,Quarterly,0,25-34,High,Loyal (31+),1,90,0,1,Low (<3.5)
2678,26,Male,Scarf,Accessories,27.0,Nevada,L,Teal,Fall,3.3,No,Debit Card,No,27,Every 3 Months,0,25-34,Low,Regular (16-30),1,90,0,0,Low (<3.5)
2679,47,Male,Handbag,Accessories,72.0,Montana,M,Olive,Fall,3.6,Yes,Venmo,Yes,50,Annually,0,45-54,Mid-High,Loyal (31+),1,365,1,1,Medium (3.5-4.4)
2680,52,Female,Skirt,Clothing,100.0,Georgia,M,Teal,Fall,2.7,Yes,Bank Transfer,Yes,20,Weekly,0,45-54,High,Regular (16-30),1,7,1,1,Low (<3.5)
2681,36,Female,Belt,Accessories,50.0,Florida,S,Black,Fall,3.1,No,PayPal,No,50,Every 3 Months,0,35-44,Mid-Low,Loyal (31+),1,90,0,0,Low (<3.5)
2682,45,Male,Sunglasses,Accessories,99.0,Utah,M,Red,Fall,4.1,No,Debit Card,Yes,42,Every 3 Months,0,45-54,High,Loyal (31+),1,90,1,0,Medium (3.5-4.4)
2683,43,Female,Shorts,Clothing,61.0,Montana,XL,Olive,Winter,3.7,Yes,Credit Card,No,1,Annually,0,35-44,Mid-High,New (0-5),0,365,0,1,Medium (3.5-4.4)
2684,32,Male,Sneakers,Footwear,57.0,Idaho,M,Black,Winter,3.1,No,Credit Card,No,20,Fortnightly,0,25-34,Mid-Low,Regular (16-30),1,14,0,0,Low (<3.5)
2685,54,Male,Dress,Clothing,44.0,Ohio,L,Olive,Winter,4.8,No,Debit Card,No,21,Quarterly,0,45-54,Mid-Low,Regular (16-30),1,90,0,0,High (4.5+)
2686,47,Male,Belt,Accessories,28.0,Idaho,M,White,Spring,3.2,Yes,PayPal,Yes,11,Weekly,0,45-54,Low,Occasional (6-15),1,7,1,1,Low (<3.5)
2687,21,Male,Shorts,Clothing,90.0,Ohio,M,Black,Spring,2.8,Yes,Credit Card,No,44,Weekly,0,18-24,High,Loyal (31+),1,7,0,1,Low (<3.5)
2688,44,Male,Belt,Accessories,78.0,Minnesota,L,Olive,Summer,3.0,No,Venmo,Yes,5,Quarterly,0,35-44,Mid-High,New (0-5),0,90,1,0,Low (<3.5)
2689,38,Female,Shorts,Clothing,52.0,Illinois,S,Red,Fall,3.2,No,Venmo,No,13,Annually,0,35-44,Mid-Low,Occasional (6-15),1,365,0,0,Low (<3.5)
2690,60,Male,Shoes,Footwear,97.0,Maine,L,Red,Spring,3.8,No,Venmo,Yes,13,Fortnightly,0,55-64,High,Occasional (6-15),1,14,1,0,Medium (3.5-4.4)
2691,34,Male,Hoodie,Outerwear,34.0,Montana,M,Blue,Spring,2.7,No,Cash,No,21,Every 3 Months,0,25-34,Low,Regular (16-30),1,90,0,0,Low (<3.5)
2692,68,Male,Sweater,Clothing,83.0,Georgia,M,Olive,Spring,4.6,No,Debit Card,No,35,Weekly,0,65+,High,Loyal (31+),1,7,0,0,High (4.5+)
2693,50,Female,Jewelry,Accessories,56.0,Idaho,XL,Gray,Fall,4.7,No,Credit Card,No,1,Weekly,0,45-54,Mid-Low,New (0-5),0,7,0,0,High (4.5+)
2694,24,Male,Coat,Outerwear,70.0,Texas,M,Olive,Winter,3.3,No,Credit Card,Yes,32,Quarterly,0,18-24,Mid-High,Loyal (31+),1,90,1,0,Low (<3.5)
2695,39,Female,Scarf,Accessories,23.0,Vermont,XL,Pink,Summer,4.4,No,Cash,Yes,21,Fortnightly,0,35-44,Low,Regular (16-30),1,14,1,0,Medium (3.5-4.4)
2696,64,Female,Jeans,Clothing,69.0,California,XL,Gray,Fall,4.0,No,Bank Transfer,No,31,Weekly,0,55-64,Mid-High,Loyal (31+),1,7,0,0,Medium (3.5-4.4)
2697,31,Male,Hat,Accessories,75.0,Utah,M,Black,Spring,4.6,No,Debit Card,Yes,4,Annually,0,25-34,Mid-High,New (0-5),0,365,1,0,High (4.5+)
2698,55,Female,Dress,Clothing,99.0,Alabama,M,White,Spring,3.2,No,Venmo,Yes,43,Annually,0,55-64,High,Loyal (31+),1,365,1,0,Low (<3.5)
2699,59,Male,Sweater,Clothing,48.0,Oregon,L,Teal,Fall,4.0,No,Bank Transfer,Yes,29,Weekly,0,55-64,Mid-Low,Regular (16-30),1,7,1,0,Medium (3.5-4.4)
2700,54,Female,Backpack,Accessories,25.0,Georgia,M,Blue,Summer,2.7,Yes,Bank Transfer,No,13,Annually,0,45-54,Low,Occasional (6-15),1,365,0,1,Low (<3.5)
2701,22,Male,Jewelry,Accessories,24.0,Illinois,L,Red,Spring,2.5,No,Credit Card,No,40,Weekly,0,18-24,Low,Loyal (31+),1,7,0,0,Low (<3.5)
2702,37,Male,Shoes,Footwear,32.0,Minnesota,S,Red,Spring,4.7,No,Venmo,No,24,Every 3 Months,0,35-44,Low,Regular (16-30),1,90,0,0,High (4.5+)
2703,36,Male,Sweater,Clothing,44.0,Georgia,M,Teal,Winter,3.2,No,Bank Transfer,No,20,Every 3 Months,0,35-44,Mid-Low,Regular (16-30),1,90,0,0,Low (<3.5)
2704,36,Male,Jewelry,Accessories,87.0,California,M,Pink,Fall,3.6,Yes,PayPal,No,9,Bi-Weekly,0,35-44,High,Occasional (6-15),0,14,0,1,Medium (3.5-4.4)
2705,64,Female,Scarf,Accessories,35.0,California,L,Red,Winter,3.1,Yes,Credit Card,No,25,Weekly,0,55-64,Low,Regular (16-30),1,7,0,1,Low (<3.5)
2706,18,Female,Sneakers,Footwear,31.0,Alabama,L,Olive,Summer,4.7,No,Cash,Yes,11,Monthly,0,18-24,Low,Occasional (6-15),1,30,1,0,High (4.5+)
2707,46,Male,Jewelry,Accessories,22.0,Texas,M,Gray,Winter,3.5,Yes,Bank Transfer,No,37,Annually,0,45-54,Low,Loyal (31+),1,365,0,1,Medium (3.5-4.4)
2708,70,Male,Socks,Clothing,51.0,Maine,M,Olive,Winter,2.9,No,PayPal,No,19,Weekly,0,65+,Mid-Low,Regular (16-30),1,7,0,0,Low (<3.5)
2709,64,Male,Shirt,Clothing,68.0,Texas,M,Teal,Summer,4.0,No,Venmo,Yes,6,Every 3 Months,0,55-64,Mid-High,Occasional (6-15),0,90,1,0,Medium (3.5-4.4)
2710,50,Female,Backpack,Accessories,42.0,Nevada,M,Olive,Spring,3.0,No,PayPal,No,36,Quarterly,0,45-54,Mid-Low,Loyal (31+),1,90,0,0,Low (<3.5)
2711,70,Male,Coat,Outerwear,60.0,Georgia,M,Black,Winter,3.2,No,Debit Card,Yes,43,Annually,0,65+,Mid-Low,Loyal (31+),1,365,1,0,Low (<3.5)
2712,39,Female,Socks,Clothing,39.0,Idaho,M,Gray,Summer,4.2,No,Bank Transfer,Yes,42,Fortnightly,0,35-44,Low,Loyal (31+),1,14,1,0,Medium (3.5-4.4)
2713,50,Male,Shorts,Clothing,84.0,Utah,M,Pink,Summer,4.9,No,Credit Card,No,25,Quarterly,0,45-54,High,Regular (16-30),1,90,0,0,High (4.5+)
2714,46,Male,Sweater,Clothing,22.0,Minnesota,M,Black,Winter,4.4,Yes,Cash,No,16,Monthly,0,45-54,Low,Regular (16-30),1,30,0,1,Medium (3.5-4.4)
2715,20,Female,Belt,Accessories,36.0,Alabama,S,Blue,Summer,2.8,No,Venmo,Yes,12,Quarterly,0,18-24,Low,Occasional (6-15),1,90,1,0,Low (<3.5)
2716,20,Male,Shirt,Clothing,65.0,Vermont,L,White,Winter,3.3,No,PayPal,Yes,20,Fortnightly,0,18-24,Mid-High,Regular (16-30),1,14,1,0,Low (<3.5)
2717,65,Male,Slippers,Footwear,88.0,Florida,S,Olive,Spring,4.5,Yes,Venmo,No,6,Monthly,0,65+,High,Occasional (6-15),0,30,0,1,High (4.5+)
2718,27,Male,Coat,Outerwear,52.0,New York,XL,White,Summer,3.2,Yes,Cash,No,45,Annually,0,25-34,Mid-Low,Loyal (31+),1,365,0,1,Low (<3.5)
2719,36,Male,Skirt,Clothing,25.0,Minnesota,M,Gray,Summer,4.4,No,Credit Card,No,13,Every 3 Months,0,35-44,Low,Occasional (6-15),1,90,0,0,Medium (3.5-4.4)
2720,51,Female,Sandals,Footwear,64.0,Nevada,S,Black,Summer,3.7,No,Venmo,Yes,40,Fortnightly,0,45-54,Mid-High,Loyal (31+),1,14,1,0,Medium (3.5-4.4)
2721,48,Female,Slippers,Footwear,41.0,Maine,L,Teal,Spring,4.7,No,Credit Card,No,20,Weekly,0,45-54,Mid-Low,Regular (16-30),1,7,0,0,High (4.5+)
2722,45,Female,Handbag,Accessories,44.0,Idaho,M,Blue,Winter,3.4,Yes,PayPal,No,35,Bi-Weekly,0,45-54,Mid-Low,Loyal (31+),1,14,0,1,Low (<3.5)
2723,69,Male,Pants,Clothing,94.0,Idaho,L,Red,Fall,4.8,Yes,Credit Card,Yes,46,Fortnightly,0,65+,High,Loyal (31+),1,14,1,1,High (4.5+)
2724,59,Male,Skirt,Clothing,96.0,Alabama,M,Pink,Fall,3.5,No,Credit Card,Yes,21,Fortnightly,0,55-64,High,Regular (16-30),1,14,1,0,Medium (3.5-4.4)
2725,67,Female,Shirt,Clothing,40.0,Nevada,M,Red,Fall,4.3,Yes,Cash,No,49,Fortnightly,0,65+,Mid-Low,Loyal (31+),1,14,0,1,Medium (3.5-4.4)
2726,52,Male,Sunglasses,Accessories,67.0,Georgia,L,Black,Fall,3.0,No,Bank Transfer,No,18,Monthly,0,45-54,Mid-High,Regular (16-30),1,30,0,0,Low (<3.5)
2727,69,Female,Backpack,Accessories,63.0,Illinois,M,Teal,Fall,3.8,No,PayPal,Yes,13,Weekly,0,65+,Mid-High,Occasional (6-15),1,7,1,0,Medium (3.5-4.4)
2728,49,Male,Socks,Clothing,97.0,Maine,M,Black,Fall,3.3,No,PayPal,No,37,Annually,0,45-54,High,Loyal (31+),1,365,0,0,Low (<3.5)
2729,46,Male,Socks,Clothing,96.0,Utah,M,Red,Fall,2.5,No,Debit Card,No,8,Weekly,0,45-54,High,Occasional (6-15),0,7,0,0,Low (<3.5)
2730,61,Male,Belt,Accessories,48.0,New York,M,Black,Winter,3.6,No,Bank Transfer,No,5,Fortnightly,0,55-64,Mid-Low,New (0-5),0,14,0,0,Medium (3.5-4.4)
2731,64,Female,Jeans,Clothing,22.0,Vermont,S,Olive,Spring,2.9,No,PayPal,No,19,Monthly,0,55-64,Low,Regular (16-30),1,30,0,0,Low (<3.5)
2732,21,Male,Blouse,Clothing,20.0,Utah,L,Blue,Fall,4.9,No,Credit Card,Yes,28,Weekly,0,18-24,Low,Regular (16-30),1,7,1,0,High (4.5+)
2733,66,Male,Boots,Footwear,20.0,Maine,M,Teal,Spring,4.5,No,Debit Card,Yes,24,Monthly,0,65+,Low,Regular (16-30),1,30,1,0,High (4.5+)
2734,54,Female,Pants,Clothing,83.0,New York,XL,White,Spring,4.3,No,Venmo,No,4,Weekly,0,45-54,High,New (0-5),0,7,0,0,Medium (3.5-4.4)
2735,65,Male,Socks,Clothing,79.0,Alabama,M,Olive,Winter,3.6,Yes,Bank Transfer,No,28,Annually,0,65+,Mid-High,Regular (16-30),1,365,0,1,Medium (3.5-4.4)
2736,55,Male,Slippers,Footwear,87.0,Georgia,M,Black,Summer,3.1,No,Venmo,Yes,32,Quarterly,0,55-64,High,Loyal (31+),1,90,1,0,Low (<3.5)
2737,67,Female,Dress,Clothing,31.0,Nevada,M,Black,Fall,3.3,Yes,Bank Transfer,No,15,Bi-Weekly,0,65+,Low,Occasional (6-15),1,14,0,1,Low (<3.5)
2738,32,Female,Slippers,Footwear,24.0,Montana,L,Blue,Fall,3.0,No,Credit Card,Yes,29,Quarterly,0,25-34,Low,Regular (16-30),1,90,1,0,Low (<3.5)
2739,27,Male,Sunglasses,Accessories,33.0,Oregon,L,Teal,Spring,3.9,No,Credit Card,Yes,18,Monthly,0,25-34,Low,Regular (16-30),1,30,1,0,Medium (3.5-4.4)
2740,28,Female,Shoes,Footwear,70.0,Minnesota,M,Teal,Summer,4.5,No,Venmo,Yes,3,Every 3 Months,0,25-34,Mid-High,New (0-5),0,90,1,0,High (4.5+)
2741,31,Female,Shirt,Clothing,20.0,Utah,M,Gray,Spring,3.0,No,Debit Card,No,38,Every 3 Months,0,25-34,Low,Loyal (31+),1,90,0,0,Low (<3.5)
2742,29,Male,Gloves,Accessories,73.0,Georgia,L,Blue,Summer,2.5,No,Cash,No,21,Every 3 Months,0,25-34,Mid-High,Regular (16-30),1,90,0,0,Low (<3.5)
2743,41,Male,Sweater,Clothing,92.0,California,M,Blue,Spring,2.8,Yes,Cash,No,50,Annually,0,35-44,High,Loyal (31+),1,365,0,1,Low (<3.5)
2744,28,Female,Gloves,Accessories,31.0,Utah,M,White,Fall,3.7,Yes,Cash,Yes,10,Weekly,0,25-34,Low,Occasional (6-15),1,7,1,1,Medium (3.5-4.4)
2745,26,Male,Skirt,Clothing,79.0,Vermont,L,Blue,Spring,2.5,Yes,Credit Card,No,1,Every 3 Months,0,25-34,Mid-High,New (0-5),0,90,0,1,Low (<3.5)
2746,45,Female,Backpack,Accessories,64.0,Maine,M,Red,Summer,3.5,No,Bank Transfer,Yes,40,Annually,0,45-54,Mid-High,Loyal (31+),1,365,1,0,Medium (3.5-4.4)
2747,60,Male,Socks,Clothing,96.0,Alabama,L,Olive,Summer,2.8,Yes,Bank Transfer,Yes,44,Fortnightly,0,55-64,High,Loyal (31+),1,14,1,1,Low (<3.5)
2748,25,Male,Socks,Clothing,39.0,Florida,L,White,Winter,2.8,No,Bank Transfer,No,46,Every 3 Months,0,25-34,Low,Loyal (31+),1,90,0,0,Low (<3.5)
2749,45,Male,Shoes,Footwear,38.0,Georgia,S,Black,Winter,4.3,Yes,Venmo,No,50,Quarterly,0,45-54,Low,Loyal (31+),1,90,0,1,Medium (3.5-4.4)
2750,52,Male,Pants,Clothing,21.0,Georgia,M,Gray,Summer,3.7,No,PayPal,Yes,16,Quarterly,1,45-54,Low,Regular (16-30),1,90,1,0,Medium (3.5-4.4)
2751,55,Female,Shorts,Clothing,77.0,New York,M,White,Summer,3.0,No,Cash,Yes,34,Quarterly,0,55-64,Mid-High,Loyal (31+),1,90,1,0,Low (<3.5)
2752,23,Male,Backpack,Accessories,90.0,Oregon,L,Red,Fall,3.1,No,Debit Card,No,2,Bi-Weekly,0,18-24,High,New (0-5),0,14,0,0,Low (<3.5)
2753,56,Female,Gloves,Accessories,21.0,New York,M,Olive,Fall,3.2,No,PayPal,Yes,21,Annually,0,55-64,Low,Regular (16-30),1,365,1,0,Low (<3.5)
2754,19,Male,Skirt,Clothing,59.0,Alabama,M,Teal,Fall,4.5,No,Credit Card,No,45,Every 3 Months,0,18-24,Mid-Low,Loyal (31+),1,90,0,0,High (4.5+)
2755,30,Female,Gloves,Accessories,78.0,Florida,M,Gray,Spring,3.8,No,Bank Transfer,No,32,Monthly,0,25-34,Mid-High,Loyal (31+),1,30,0,0,Medium (3.5-4.4)
2756,34,Female,Handbag,Accessories,83.0,Nevada,S,Teal,Spring,3.9,Yes,Credit Card,No,43,Quarterly,0,25-34,High,Loyal (31+),1,90,0,1,Medium (3.5-4.4)
2757,63,Male,Handbag,Accessories,95.0,Illinois,S,Blue,Fall,3.9,No,Venmo,Yes,48,Annually,0,55-64,High,Loyal (31+),1,365,1,0,Medium (3.5-4.4)
2758,28,Male,Sunglasses,Accessories,78.0,Florida,M,Olive,Summer,4.8,No,Credit Card,No,40,Bi-Weekly,0,25-34,Mid-High,Loyal (31+),1,14,0,0,High (4.5+)
2759,59,Female,Hat,Accessories,94.0,Minnesota,S,Teal,Winter,2.6,Yes,Credit Card,No,35,Annually,0,55-64,High,Loyal (31+),1,365,0,1,Low (<3.5)
2760,70,Female,Boots,Footwear,100.0,Texas,S,White,Spring,2.9,No,Venmo,No,18,Weekly,0,65+,High,Regular (16-30),1,7,0,0,Low (<3.5)
2761,68,Male,Backpack,Accessories,95.0,Minnesota,M,Olive,Spring,3.5,No,PayPal,Yes,27,Every 3 Months,0,65+,High,Regular (16-30),1,90,1,0,Medium (3.5-4.4)
2762,34,Male,Gloves,Accessories,55.0,Utah,M,Red,Winter,3.7,No,Debit Card,No,4,Quarterly,0,25-34,Mid-Low,New (0-5),0,90,0,0,Medium (3.5-4.4)
2763,23,Female,Pants,Clothing,52.0,Georgia,S,Teal,Winter,2.8,No,Debit Card,No,29,Quarterly,0,18-24,Mid-Low,Regular (16-30),1,90,0,0,Low (<3.5)
2764,29,Male,Pants,Clothing,54.0,Nevada,M,Blue,Fall,4.7,No,Venmo,Yes,49,Quarterly,0,25-34,Mid-Low,Loyal (31+),1,90,1,0,High (4.5+)
2765,58,Male,Shorts,Clothing,97.0,Oregon,S,Teal,Spring,4.2,No,PayPal,Yes,8,Monthly,0,55-64,High,Occasional (6-15),0,30,1,0,Medium (3.5-4.4)
2766,28,Male,Hoodie,Outerwear,42.0,Idaho,M,Pink,Spring,4.8,Yes,Bank Transfer,Yes,25,Fortnightly,0,25-34,Mid-Low,Regular (16-30),1,14,1,1,High (4.5+)
2767,52,Male,Sandals,Footwear,80.0,Vermont,XL,Olive,Winter,4.9,No,Cash,Yes,45,Fortnightly,0,45-54,Mid-High,Loyal (31+),1,14,1,0,High (4.5+)
2768,37,Female,Scarf,Accessories,70.0,Illinois,M,Black,Summer,3.8,No,Debit Card,No,18,Annually,0,35-44,Mid-High,Regular (16-30),1,365,0,0,Medium (3.5-4.4)
2769,58,Male,Gloves,Accessories,24.0,Georgia,S,Black,Summer,4.6,Yes,PayPal,Yes,30,Bi-Weekly,0,55-64,Low,Regular (16-30),1,14,1,1,High (4.5+)
2770,50,Female,Jacket,Outerwear,59.0,Georgia,M,Olive,Winter,4.3,No,Credit Card,Yes,39,Fortnightly,0,45-54,Mid-Low,Loyal (31+),1,14,1,0,Medium (3.5-4.4)
2771,49,Male,T-shirt,Clothing,35.0,Idaho,L,Red,Spring,3.4,Yes,Debit Card,No,40,Weekly,0,45-54,Low,Loyal (31+),1,7,0,1,Low (<3.5)
2772,59,Male,Jewelry,Accessories,79.0,Montana,M,Blue,Summer,4.1,Yes,PayPal,Yes,34,Bi-Weekly,0,55-64,Mid-High,Loyal (31+),1,14,1,1,Medium (3.5-4.4)
2773,68,Male,Sunglasses,Accessories,56.0,Oregon,XL,Pink,Fall,4.9,Yes,Venmo,No,4,Every 3 Months,0,65+,Mid-Low,New (0-5),0,90,0,1,High (4.5+)
2774,37,Male,T-shirt,Clothing,48.0,Georgia,M,Red,Winter,4.4,Yes,Venmo,No,3,Bi-Weekly,0,35-44,Mid-Low,New (0-5),0,14,0,1,Medium (3.5-4.4)
2775,46,Female,Hat,Accessories,25.0,Oregon,S,Red,Summer,4.3,No,Credit Card,Yes,38,Monthly,0,45-54,Low,Loyal (31+),1,30,1,0,Medium (3.5-4.4)
2776,51,Male,Skirt,Clothing,30.0,Montana,M,Blue,Spring,3.1,No,PayPal,Yes,48,Quarterly,0,45-54,Low,Loyal (31+),1,90,1,0,Low (<3.5)
2777,61,Female,Backpack,Accessories,81.0,Florida,L,Teal,Spring,4.6,Yes,PayPal,Yes,14,Quarterly,0,55-64,High,Occasional (6-15),1,90,1,1,High (4.5+)
2778,43,Male,Sneakers,Footwear,89.0,New York,M,Blue,Spring,3.5,No,Credit Card,No,28,Weekly,0,35-44,High,Regular (16-30),1,7,0,0,Medium (3.5-4.4)
2779,37,Male,Skirt,Clothing,43.0,Utah,XL,Blue,Summer,4.1,No,Bank Transfer,Yes,4,Bi-Weekly,0,35-44,Mid-Low,New (0-5),0,14,1,0,Medium (3.5-4.4)
2780,62,Male,Sweater,Clothing,87.0,Maine,XL,Olive,Fall,4.2,Yes,Credit Card,No,10,Quarterly,0,55-64,High,Occasional (6-15),1,90,0,1,Medium (3.5-4.4)
2781,68,Female,T-shirt,Clothing,64.0,Maine,S,Black,Summer,3.8,No,Debit Card,No,25,Quarterly,0,65+,Mid-High,Regular (16-30),1,90,0,0,Medium (3.5-4.4)
2782,48,Male,Pants,Clothing,48.0,New York,S,Gray,Spring,2.9,Yes,Cash,No,1,Bi-Weekly,0,45-54,Mid-Low,New (0-5),0,14,0,1,Low (<3.5)
2783,23,Male,Handbag,Accessories,56.0,Minnesota,M,Gray,Fall,4.2,No,PayPal,No,30,Fortnightly,0,18-24,Mid-Low,Regular (16-30),1,14,0,0,Medium (3.5-4.4)
2784,33,Male,Shirt,Clothing,75.0,Georgia,M,White,Winter,3.1,No,Venmo,Yes,28,Fortnightly,0,25-34,Mid-High,Regular (16-30),1,14,1,0,Low (<3.5)
2785,42,Male,Skirt,Clothing,93.0,California,M,Pink,Spring,3.2,No,Bank Transfer,No,5,Weekly,0,35-44,High,New (0-5),0,7,0,0,Low (<3.5)
2786,55,Female,Backpack,Accessories,59.0,California,M,Black,Fall,2.8,Yes,Venmo,No,30,Weekly,0,55-64,Mid-Low,Regular (16-30),1,7,0,1,Low (<3.5)
2787,53,Male,Scarf,Accessories,48.0,Montana,XL,Teal,Fall,4.0,Yes,Credit Card,No,23,Annually,0,45-54,Mid-Low,Regular (16-30),1,365,0,1,Medium (3.5-4.4)
2788,61,Female,Boots,Footwear,81.0,Ohio,M,Pink,Fall,2.8,No,Debit Card,No,5,Bi-Weekly,0,55-64,High,New (0-5),0,14,0,0,Low (<3.5)
2789,19,Male,Hoodie,Outerwear,62.0,California,L,White,Spring,3.4,Yes,Debit Card,Yes,11,Bi-Weekly,0,18-24,Mid-High,Occasional (6-15),1,14,1,1,Low (<3.5)
2790,42,Male,T-shirt,Clothing,51.0,Texas,L,Red,Fall,4.7,No,Bank Transfer,No,28,Monthly,0,35-44,Mid-Low,Regular (16-30),1,30,0,0,High (4.5+)
2791,55,Male,Gloves,Accessories,57.0,Idaho,S,White,Fall,3.6,No,PayPal,No,41,Monthly,0,55-64,Mid-Low,Loyal (31+),1,30,0,0,Medium (3.5-4.4)
2792,70,Female,Skirt,Clothing,63.0,Utah,M,Gray,Fall,4.7,No,Bank Transfer,No,22,Weekly,0,65+,Mid-High,Regular (16-30),1,7,0,0,High (4.5+)
2793,25,Male,Belt,Accessories,31.0,New York,M,Blue,Winter,3.7,Yes,Cash,No,32,Annually,0,25-34,Low,Loyal (31+),1,365,0,1,Medium (3.5-4.4)
2794,64,Male,Hoodie,Outerwear,24.0,California,XL,Red,Fall,2.9,No,Cash,No,22,Monthly,0,55-64,Low,Regular (16-30),1,30,0,0,Low (<3.5)
2795,18,Female,Handbag,Accessories,73.0,Oregon,M,Teal,Winter,4.4,No,Venmo,No,44,Monthly,0,18-24,Mid-High,Loyal (31+),1,30,0,0,Medium (3.5-4.4)
2796,28,Male,Sneakers,Footwear,34.0,Minnesota,L,Gray,Fall,3.4,No,Venmo,Yes,49,Monthly,0,25-34,Low,Loyal (31+),1,30,1,0,Low (<3.5)
2797,62,Male,Belt,Accessories,63.0,Alabama,M,Pink,Summer,4.9,No,PayPal,Yes,22,Annually,0,55-64,Mid-High,Regular (16-30),1,365,1,0,High (4.5+)
2798,59,Male,Jeans,Clothing,83.0,Florida,M,Olive,Winter,3.2,No,PayPal,Yes,15,Annually,0,55-64,High,Occasional (6-15),1,365,1,0,Low (<3.5)
2799,69,Male,Backpack,Accessories,37.0,Vermont,XL,Red,Fall,4.6,Yes,Venmo,Yes,29,Weekly,0,65+,Low,Regular (16-30),1,7,1,1,High (4.5+)
2800,49,Female,Jewelry,Accessories,50.0,Vermont,M,Black,Fall,3.7,No,Bank Transfer,No,45,Quarterly,0,45-54,Mid-Low,Loyal (31+),1,90,0,0,Medium (3.5-4.4)
2801,50,Female,Hoodie,Outerwear,99.0,New York,L,Black,Fall,4.6,No,PayPal,Yes,30,Fortnightly,0,45-54,High,Regular (16-30),1,14,1,0,High (4.5+)
2802,46,Female,Shoes,Footwear,22.0,Georgia,M,Gray,Summer,3.0,No,Venmo,No,18,Weekly,0,45-54,Low,Regular (16-30),1,7,0,0,Low (<3.5)
2803,45,Female,Blouse,Clothing,81.0,Illinois,S,Gray,Fall,4.1,No,PayPal,No,39,Monthly,0,45-54,High,Loyal (31+),1,30,0,0,Medium (3.5-4.4)
2804,45,Female,Boots,Footwear,33.0,Georgia,S,Gray,Summer,2.8,No,PayPal,No,9,Monthly,0,45-54,Low,Occasional (6-15),0,30,0,0,Low (<3.5)
2805,33,Male,T-shirt,Clothing,93.0,Vermont,M,Pink,Spring,4.5,No,Debit Card,Yes,14,Monthly,0,25-34,High,Occasional (6-15),1,30,1,0,High (4.5+)
2806,63,Male,T-shirt,Clothing,53.0,Ohio,L,Black,Summer,3.1,No,Debit Card,No,8,Weekly,0,55-64,Mid-Low,Occasional (6-15),0,7,0,0,Low (<3.5)
2807,36,Male,Skirt,Clothing,20.0,Ohio,M,Olive,Winter,3.6,Yes,Cash,No,46,Quarterly,0,35-44,Low,Loyal (31+),1,90,0,1,Medium (3.5-4.4)
2808,50,Female,Belt,Accessories,78.0,Texas,M,Olive,Summer,4.1,No,Cash,No,48,Monthly,0,45-54,Mid-High,Loyal (31+),1,30,0,0,Medium (3.5-4.4)
2809,53,Female,Dress,Clothing,31.0,California,S,Olive,Fall,3.7,No,Cash,Yes,48,Weekly,0,45-54,Low,Loyal (31+),1,7,1,0,Medium (3.5-4.4)
2810,46,Female,Blouse,Clothing,49.0,Georgia,L,White,Summer,4.4,No,Bank Transfer,No,2,Bi-Weekly,0,45-54,Mid-Low,New (0-5),0,14,0,0,Medium (3.5-4.4)
2811,50,Male,Pants,Clothing,60.0,Oregon,L,Red,Summer,4.2,No,Bank Transfer,Yes,45,Weekly,0,45-54,Mid-Low,Loyal (31+),1,7,1,0,Medium (3.5-4.4)
2812,20,Male,Handbag,Accessories,80.0,Georgia,L,Black,Summer,2.8,No,Credit Card,Yes,11,Annually,0,18-24,Mid-High,Occasional (6-15),1,365,1,0,Low (<3.5)
2813,34,Female,Jewelry,Accessories,53.0,California,XL,White,Winter,4.4,Yes,Debit Card,Yes,48,Every 3 Months,0,25-34,Mid-Low,Loyal (31+),1,90,1,1,Medium (3.5-4.4)
2814,41,Male,Shorts,Clothing,89.0,Maine,S,Pink,Spring,3.6,No,Cash,No,18,Monthly,0,35-44,High,Regular (16-30),1,30,0,0,Medium (3.5-4.4)
2815,38,Male,Skirt,Clothing,59.0,Minnesota,S,Gray,Fall,4.0,No,Venmo,Yes,16,Weekly,0,35-44,Mid-Low,Regular (16-30),1,7,1,0,Medium (3.5-4.4)
2816,66,Male,Sneakers,Footwear,47.0,Georgia,M,Pink,Winter,3.0,Yes,Bank Transfer,No,33,Every 3 Months,0,65+,Mid-Low,Loyal (31+),1,90,0,1,Low (<3.5)
2817,65,Male,Shorts,Clothing,47.0,Vermont,M,Olive,Spring,3.6,Yes,Cash,No,40,Bi-Weekly,0,65+,Mid-Low,Loyal (31+),1,14,0,1,Medium (3.5-4.4)
2818,55,Male,Sandals,Footwear,84.0,Utah,L,White,Winter,4.5,Yes,Cash,Yes,19,Quarterly,0,55-64,High,Regular (16-30),1,90,1,1,High (4.5+)
2819,36,Female,Shorts,Clothing,73.0,Utah,L,Pink,Fall,4.8,Yes,Venmo,Yes,42,Every 3 Months,0,35-44,Mid-High,Loyal (31+),1,90,1,1,High (4.5+)
2820,20,Female,Jacket,Outerwear,30.0,California,S,Olive,Summer,4.8,No,PayPal,No,2,Bi-Weekly,0,18-24,Low,New (0-5),0,14,0,0,High (4.5+)
2821,58,Male,Pants,Clothing,80.0,Minnesota,XL,White,Spring,4.3,No,PayPal,No,45,Annually,0,55-64,Mid-High,Loyal (31+),1,365,0,0,Medium (3.5-4.4)
2822,64,Male,Scarf,Accessories,53.0,Alabama,S,Black,Winter,3.7,No,Venmo,No,26,Fortnightly,1,55-64,Mid-Low,Regular (16-30),1,14,0,0,Medium (3.5-4.4)
2823,43,Female,Shorts,Clothing,48.0,Ohio,L,Pink,Spring,3.6,No,PayPal,No,27,Bi-Weekly,0,35-44,Mid-Low,Regular (16-30),1,14,0,0,Medium (3.5-4.4)
2824,61,Male,Jacket,Outerwear,27.0,Vermont,M,Olive,Winter,3.0,No,Venmo,Yes,45,Fortnightly,0,55-64,Low,Loyal (31+),1,14,1,0,Low (<3.5)
2825,67,Male,Hoodie,Outerwear,100.0,Florida,L,Black,Fall,4.2,No,PayPal,Yes,3,Bi-Weekly,0,65+,High,New (0-5),0,14,1,0,Medium (3.5-4.4)
2826,46,Female,Belt,Accessories,24.0,Ohio,S,Red,Winter,2.9,Yes,Credit Card,No,45,Every 3 Months,0,45-54,Low,Loyal (31+),1,90,0,1,Low (<3.5)
2827,29,Male,Sneakers,Footwear,100.0,Maine,XL,Teal,Summer,4.9,Yes,Credit Card,No,11,Monthly,0,25-34,High,Occasional (6-15),1,30,0,1,High (4.5+)
2828,19,Male,Sweater,Clothing,25.0,Idaho,XL,Pink,Spring,3.0,No,PayPal,Yes,50,Annually,0,18-24,Low,Loyal (31+),1,365,1,0,Low (<3.5)
2829,58,Female,Handbag,Accessories,60.0,Florida,M,Pink,Fall,2.6,No,Credit Card,Yes,36,Annually,0,55-64,Mid-Low,Loyal (31+),1,365,1,0,Low (<3.5)
2830,47,Male,Belt,Accessories,28.0,Ohio,M,Red,Summer,4.6,No,PayPal,No,18,Bi-Weekly,0,45-54,Low,Regular (16-30),1,14,0,0,High (4.5+)
2831,26,Male,Dress,Clothing,59.0,Illinois,L,Black,Fall,3.0,No,Cash,No,4,Every 3 Months,0,25-34,Mid-Low,New (0-5),0,90,0,0,Low (<3.5)
2832,20,Male,Sneakers,Footwear,87.0,Florida,M,Blue,Summer,2.6,No,PayPal,Yes,7,Monthly,0,18-24,High,Occasional (6-15),0,30,1,0,Low (<3.5)
2833,69,Female,Shoes,Footwear,67.0,Georgia,M,Olive,Summer,3.9,No,Venmo,No,7,Bi-Weekly,0,65+,Mid-High,Occasional (6-15),0,14,0,0,Medium (3.5-4.4)
2834,34,Male,Jewelry,Accessories,64.0,Georgia,M,Pink,Fall,4.9,No,Cash,No,4,Bi-Weekly,0,25-34,Mid-High,New (0-5),0,14,0,0,High (4.5+)
2835,35,Male,Jewelry,Accessories,29.0,Georgia,L,Olive,Fall,3.2,No,Credit Card,No,31,Weekly,0,35-44,Low,Loyal (31+),1,7,0,0,Low (<3.5)
2836,51,Male,Gloves,Accessories,96.0,Maine,M,Black,Fall,3.5,No,Cash,Yes,44,Monthly,0,45-54,High,Loyal (31+),1,30,1,0,Medium (3.5-4.4)
2837,37,Female,Jewelry,Accessories,50.0,Nevada,M,Gray,Fall,3.1,No,Credit Card,No,40,Quarterly,0,35-44,Mid-Low,Loyal (31+),1,90,0,0,Low (<3.5)
2838,66,Female,Shirt,Clothing,63.0,Montana,XL,White,Fall,3.9,No,Debit Card,Yes,38,Annually,0,65+,Mid-High,Loyal (31+),1,365,1,0,Medium (3.5-4.4)
2839,54,Male,T-shirt,Clothing,92.0,Vermont,M,Gray,Summer,3.3,No,Cash,Yes,50,Bi-Weekly,0,45-54,High,Loyal (31+),1,14,1,0,Low (<3.5)
2840,36,Male,Pants,Clothing,70.0,Nevada,S,Red,Winter,4.0,No,Venmo,Yes,32,Weekly,0,35-44,Mid-High,Loyal (31+),1,7,1,0,Medium (3.5-4.4)
2841,32,Female,Scarf,Accessories,79.0,Florida,XL,Gray,Spring,3.7,No,Credit Card,Yes,5,Monthly,0,25-34,Mid-High,New (0-5),0,30,1,0,Medium (3.5-4.4)
2842,63,Female,Blouse,Clothing,34.0,Montana,M,Gray,Winter,4.8,No,Cash,Yes,25,Bi-Weekly,0,55-64,Low,Regular (16-30),1,14,1,0,High (4.5+)
2843,49,Female,T-shirt,Clothing,57.0,Utah,S,Olive,Winter,4.2,No,Debit Card,No,38,Annually,0,45-54,Mid-Low,Loyal (31+),1,365,0,0,Medium (3.5-4.4)
2844,66,Female,Sweater,Clothing,63.0,Utah,M,Black,Fall,4.2,No,PayPal,Yes,23,Quarterly,0,65+,Mid-High,Regular (16-30),1,90,1,0,Medium (3.5-4.4)
2845,36,Male,Socks,Clothing,34.0,Utah,L,Teal,Spring,3.7,No,Bank Transfer,Yes,16,Annually,0,35-44,Low,Regular (16-30),1,365,1,0,Medium (3.5-4.4)
2846,19,Male,Slippers,Footwear,51.0,Idaho,S,Gray,Winter,3.3,No,Cash,No,25,Bi-Weekly,0,18-24,Mid-Low,Regular (16-30),1,14,0,0,Low (<3.5)
2847,65,Male,Pants,Clothing,87.0,Georgia,M,Gray,Fall,3.3,No,Credit Card,Yes,40,Monthly,0,65+,High,Loyal (31+),1,30,1,0,Low (<3.5)
2848,30,Female,Blouse,Clothing,95.0,Texas,S,Red,Winter,3.8,No,PayPal,Yes,19,Weekly,0,25-34,High,Regular (16-30),1,7,1,0,Medium (3.5-4.4)
2849,62,Male,Belt,Accessories,86.0,Idaho,M,Black,Spring,3.0,No,Cash,No,18,Weekly,0,55-64,High,Regular (16-30),1,7,0,0,Low (<3.5)
2850,55,Male,Dress,Clothing,95.0,Texas,M,Olive,Summer,2.8,No,Bank Transfer,No,24,Bi-Weekly,0,55-64,High,Regular (16-30),1,14,0,0,Low (<3.5)
2851,30,Female,Skirt,Clothing,100.0,Nevada,S,Blue,Summer,3.4,Yes,Cash,No,21,Bi-Weekly,0,25-34,High,Regular (16-30),1,14,0,1,Low (<3.5)
2852,58,Male,Dress,Clothing,36.0,Florida,XL,Teal,Winter,2.8,Yes,PayPal,Yes,11,Quarterly,0,55-64,Low,Occasional (6-15),1,90,1,1,Low (<3.5)
2853,22,Female,Gloves,Accessories,89.0,California,L,Olive,Summer,3.1,Yes,Cash,No,14,Fortnightly,0,18-24,High,Occasional (6-15),1,14,0,1,Low (<3.5)
2854,38,Male,Sweater,Clothing,70.0,Texas,L,Red,Spring,3.8,No,Bank Transfer,Yes,6,Annually,0,35-44,Mid-High,Occasional (6-15),0,365,1,0,Medium (3.5-4.4)
2855,36,Male,Belt,Accessories,89.0,Florida,XL,Black,Fall,4.5,Yes,Bank Transfer,Yes,38,Every 3 Months,0,35-44,High,Loyal (31+),1,90,1,1,High (4.5+)
2856,52,Male,Hoodie,Outerwear,71.0,Oregon,XL,Gray,Spring,3.1,No,Venmo,No,11,Annually,0,45-54,Mid-High,Occasional (6-15),1,365,0,0,Low (<3.5)
2857,46,Female,Backpack,Accessories,30.0,Maine,L,Pink,Summer,4.5,Yes,Bank Transfer,No,49,Bi-Weekly,0,45-54,Low,Loyal (31+),1,14,0,1,High (4.5+)
2858,50,Female,Shirt,Clothing,65.0,Florida,M,Red,Winter,2.5,Yes,Debit Card,No,49,Monthly,0,45-54,Mid-High,Loyal (31+),1,30,0,1,Low (<3.5)
2859,43,Male,Sunglasses,Accessories,81.0,Oregon,L,Olive,Summer,5.0,No,Cash,Yes,34,Monthly,0,35-44,High,Loyal (31+),1,30,1,0,High (4.5+)
2860,57,Male,Sneakers,Footwear,30.0,California,M,Black,Summer,3.8,No,Bank Transfer,No,50,Every 3 Months,0,55-64,Low,Loyal (31+),1,90,0,0,Medium (3.5-4.4)
2861,26,Male,Skirt,Clothing,60.0,Maine,M,Red,Spring,3.7,No,Credit Card,No,44,Every 3 Months,0,25-34,Mid-Low,Loyal (31+),1,90,0,0,Medium (3.5-4.4)
2862,56,Female,Boots,Footwear,72.0,Minnesota,M,Pink,Summer,4.1,No,Debit Card,No,38,Monthly,0,55-64,Mid-High,Loyal (31+),1,30,0,0,Medium (3.5-4.4)
2863,20,Female,Jeans,Clothing,57.0,Ohio,M,Red,Winter,3.7,Yes,Venmo,No,18,Annually,0,18-24,Mid-Low,Regular (16-30),1,365,0,1,Medium (3.5-4.4)
2864,22,Female,T-shirt,Clothing,84.0,Ohio,M,Teal,Winter,3.5,No,Venmo,No,42,Monthly,0,18-24,High,Loyal (31+),1,30,0,0,Medium (3.5-4.4)
2865,56,Male,Jeans,Clothing,30.0,Vermont,L,Red,Winter,3.4,Yes,Bank Transfer,Yes,18,Fortnightly,0,55-64,Low,Regular (16-30),1,14,1,1,Low (<3.5)
2866,26,Male,Jeans,Clothing,47.0,Minnesota,M,Pink,Summer,4.9,No,PayPal,No,6,Fortnightly,0,25-34,Mid-Low,Occasional (6-15),0,14,0,0,High (4.5+)
2867,58,Male,Shirt,Clothing,97.0,New York,M,Olive,Spring,4.7,Yes,PayPal,Yes,29,Bi-Weekly,0,55-64,High,Regular (16-30),1,14,1,1,High (4.5+)
2868,25,Male,Sandals,Footwear,61.0,Maine,S,Teal,Spring,3.8,Yes,Venmo,No,7,Bi-Weekly,0,25-34,Mid-High,Occasional (6-15),0,14,0,1,Medium (3.5-4.4)
2869,25,Male,Coat,Outerwear,34.0,Florida,L,Gray,Spring,4.6,No,Debit Card,No,5,Fortnightly,0,25-34,Low,New (0-5),0,14,0,0,High (4.5+)
2870,67,Male,Pants,Clothing,29.0,Minnesota,M,Red,Spring,2.9,No,Credit Card,Yes,5,Monthly,0,65+,Low,New (0-5),0,30,1,0,Low (<3.5)
2871,27,Male,Belt,Accessories,68.0,Minnesota,M,Blue,Fall,3.8,Yes,Cash,Yes,46,Fortnightly,0,25-34,Mid-High,Loyal (31+),1,14,1,1,Medium (3.5-4.4)
2872,66,Female,Boots,Footwear,95.0,Georgia,L,Olive,Fall,3.6,No,Cash,No,4,Annually,0,65+,High,New (0-5),0,365,0,0,Medium (3.5-4.4)
2873,36,Male,Pants,Clothing,23.0,Georgia,L,Teal,Fall,3.3,No,Debit Card,No,20,Bi-Weekly,0,35-44,Low,Regular (16-30),1,14,0,0,Low (<3.5)
2874,60,Female,Sweater,Clothing,28.0,Idaho,M,White,Spring,4.8,No,Bank Transfer,Yes,38,Quarterly,0,55-64,Low,Loyal (31+),1,90,1,0,High (4.5+)
2875,67,Female,T-shirt,Clothing,50.0,New York,L,Teal,Fall,4.6,No,Credit Card,Yes,41,Every 3 Months,0,65+,Mid-Low,Loyal (31+),1,90,1,0,High (4.5+)
2876,24,Male,Sweater,Clothing,36.0,Maine,M,Teal,Spring,4.8,No,Venmo,Yes,3,Annually,0,18-24,Low,New (0-5),0,365,1,0,High (4.5+)
2877,35,Male,Jeans,Clothing,29.0,California,XL,Pink,Fall,4.1,No,Debit Card,Yes,45,Quarterly,0,35-44,Low,Loyal (31+),1,90,1,0,Medium (3.5-4.4)
2878,48,Female,Socks,Clothing,44.0,Idaho,M,Gray,Winter,3.4,No,PayPal,No,48,Fortnightly,0,45-54,Mid-Low,Loyal (31+),1,14,0,0,Low (<3.5)
2879,63,Male,Sneakers,Footwear,72.0,Idaho,L,Pink,Summer,4.4,Yes,Bank Transfer,Yes,49,Monthly,0,55-64,Mid-High,Loyal (31+),1,30,1,1,Medium (3.5-4.4)
2880,27,Male,Jeans,Clothing,86.0,Ohio,S,Blue,Summer,2.8,Yes,Bank Transfer,Yes,33,Weekly,0,25-34,High,Loyal (31+),1,7,1,1,Low (<3.5)
2881,27,Male,Socks,Clothing,44.0,Nevada,L,Olive,Summer,4.6,No,PayPal,Yes,26,Fortnightly,0,25-34,Mid-Low,Regular (16-30),1,14,1,0,High (4.5+)
2882,37,Female,Pants,Clothing,76.0,Minnesota,M,Pink,Fall,2.6,No,Credit Card,Yes,9,Annually,0,35-44,Mid-High,Occasional (6-15),0,365,1,0,Low (<3.5)
2883,28,Female,Boots,Footwear,86.0,Idaho,M,Pink,Fall,4.5,No,Venmo,Yes,7,Weekly,0,25-34,High,Occasional (6-15),0,7,1,0,High (4.5+)
2884,32,Female,Blouse,Clothing,20.0,Florida,L,Gray,Spring,4.3,No,Bank Transfer,No,41,Bi-Weekly,0,25-34,Low,Loyal (31+),1,14,0,0,Medium (3.5-4.4)
2885,24,Female,Boots,Footwear,89.0,Maine,L,Red,Summer,2.7,Yes,Debit Card,No,43,Weekly,0,18-24,High,Loyal (31+),1,7,0,1,Low (<3.5)
2886,61,Male,Socks,Clothing,34.0,Illinois,M,Teal,Fall,2.9,No,Debit Card,No,42,Monthly,0,55-64,Low,Loyal (31+),1,30,0,0,Low (<3.5)
2887,60,Female,T-shirt,Clothing,75.0,Florida,L,Olive,Fall,3.6,Yes,Debit Card,Yes,31,Every 3 Months,0,55-64,Mid-High,Loyal (31+),1,90,1,1,Medium (3.5-4.4)
2888,25,Female,Coat,Outerwear,80.0,Maine,M,Pink,Fall,3.2,No,Credit Card,No,29,Weekly,0,25-34,Mid-High,Regular (16-30),1,7,0,0,Low (<3.5)
2889,46,Male,Socks,Clothing,88.0,Ohio,M,Gray,Fall,4.7,No,Credit Card,No,10,Weekly,0,45-54,High,Occasional (6-15),1,7,0,0,High (4.5+)
2890,52,Female,Jeans,Clothing,52.0,Texas,S,Teal,Summer,3.0,No,Credit Card,Yes,5,Annually,0,45-54,Mid-Low,New (0-5),0,365,1,0,Low (<3.5)
2891,51,Female,Pants,Clothing,73.0,Idaho,M,Red,Fall,3.5,No,Bank Transfer,No,11,Fortnightly,0,45-54,Mid-High,Occasional (6-15),1,14,0,0,Medium (3.5-4.4)
2892,70,Male,Jacket,Outerwear,22.0,Vermont,XL,Gray,Summer,3.2,Yes,Bank Transfer,Yes,21,Weekly,0,65+,Low,Regular (16-30),1,7,1,1,Low (<3.5)
2893,51,Male,Handbag,Accessories,56.0,Vermont,S,Pink,Summer,2.8,No,Bank Transfer,No,16,Weekly,0,45-54,Mid-Low,Regular (16-30),1,7,0,0,Low (<3.5)
2894,54,Male,Handbag,Accessories,98.0,Oregon,XL,Gray,Summer,3.1,No,Credit Card,Yes,28,Annually,0,45-54,High,Regular (16-30),1,365,1,0,Low (<3.5)
2895,19,Female,Hoodie,Outerwear,32.0,Utah,M,White,Summer,4.6,Yes,Bank Transfer,No,40,Annually,0,18-24,Low,Loyal (31+),1,365,0,1,High (4.5+)
2896,22,Male,T-shirt,Clothing,32.0,Texas,L,Pink,Spring,4.3,No,Bank Transfer,No,38,Fortnightly,0,18-24,Low,Loyal (31+),1,14,0,0,Medium (3.5-4.4)
2897,50,Male,Jacket,Outerwear,76.0,Florida,S,Red,Spring,4.8,No,Debit Card,No,42,Fortnightly,0,45-54,Mid-High,Loyal (31+),1,14,0,0,High (4.5+)
2898,66,Male,Sweater,Clothing,61.0,Georgia,L,Black,Spring,3.5,No,Cash,No,15,Fortnightly,0,65+,Mid-High,Occasional (6-15),1,14,0,0,Medium (3.5-4.4)
2899,39,Female,Backpack,Accessories,56.0,Montana,XL,Blue,Summer,3.1,No,Credit Card,Yes,47,Monthly,0,35-44,Mid-Low,Loyal (31+),1,30,1,0,Low (<3.5)
2900,52,Female,Jeans,Clothing,40.0,Illinois,M,Black,Summer,2.6,Yes,Cash,No,44,Every 3 Months,0,45-54,Mid-Low,Loyal (31+),1,90,0,1,Low (<3.5)
2901,29,Female,Shirt,Clothing,33.0,Illinois,M,Teal,Spring,3.7,No,PayPal,Yes,18,Every 3 Months,0,25-34,Low,Regular (16-30),1,90,1,0,Medium (3.5-4.4)
2902,42,Male,Hoodie,Outerwear,79.0,Florida,L,Teal,Spring,2.6,No,Venmo,Yes,13,Bi-Weekly,0,35-44,Mid-High,Occasional (6-15),1,14,1,0,Low (<3.5)
2903,57,Male,Shirt,Clothing,48.0,Illinois,L,Blue,Fall,2.5,No,Bank Transfer,No,45,Quarterly,0,55-64,Mid-Low,Loyal (31+),1,90,0,0,Low (<3.5)
2904,52,Male,Hoodie,Outerwear,82.0,New York,S,Teal,Spring,4.0,Yes,Cash,No,50,Fortnightly,0,45-54,High,Loyal (31+),1,14,0,1,Medium (3.5-4.4)
2905,24,Male,Skirt,Clothing,55.0,Nevada,L,Olive,Winter,2.9,No,Credit Card,No,24,Annually,0,18-24,Mid-Low,Regular (16-30),1,365,0,0,Low (<3.5)
2906,64,Male,Handbag,Accessories,52.0,Oregon,L,Teal,Spring,3.9,No,Cash,Yes,6,Quarterly,0,55-64,Mid-Low,Occasional (6-15),0,90,1,0,Medium (3.5-4.4)
2907,67,Female,Coat,Outerwear,38.0,Ohio,L,White,Summer,3.9,No,Debit Card,Yes,31,Annually,0,65+,Low,Loyal (31+),1,365,1,0,Medium (3.5-4.4)
2908,43,Male,Sweater,Clothing,73.0,Montana,M,Black,Winter,4.3,No,Venmo,Yes,42,Fortnightly,0,35-44,Mid-High,Loyal (31+),1,14,1,0,Medium (3.5-4.4)
2909,36,Male,Hoodie,Outerwear,43.0,Florida,M,Teal,Spring,3.5,No,Credit Card,No,24,Annually,0,35-44,Mid-Low,Regular (16-30),1,365,0,0,Medium (3.5-4.4)
2910,46,Male,Slippers,Footwear,93.0,New York,XL,Blue,Summer,4.3,No,Cash,Yes,7,Bi-Weekly,0,45-54,High,Occasional (6-15),0,14,1,0,Medium (3.5-4.4)
2911,60,Female,Belt,Accessories,53.0,California,M,Gray,Summer,3.4,No,Cash,Yes,37,Quarterly,0,55-64,Mid-Low,Loyal (31+),1,90,1,0,Low (<3.5)
2912,41,Male,Shorts,Clothing,85.0,Florida,M,Teal,Fall,2.7,No,Credit Card,No,38,Weekly,0,35-44,High,Loyal (31+),1,7,0,0,Low (<3.5)
2913,19,Male,Boots,Footwear,58.0,Alabama,XL,Blue,Winter,3.3,No,Cash,No,44,Fortnightly,0,18-24,Mid-Low,Loyal (31+),1,14,0,0,Low (<3.5)
2914,21,Male,Hat,Accessories,53.0,Nevada,M,Black,Fall,2.5,No,Debit Card,No,44,Monthly,0,18-24,Mid-Low,Loyal (31+),1,30,0,0,Low (<3.5)
2915,61,Male,Sneakers,Footwear,56.0,Vermont,M,Pink,Summer,3.7,No,Credit Card,Yes,24,Monthly,0,55-64,Mid-Low,Regular (16-30),1,30,1,0,Medium (3.5-4.4)
2916,59,Male,Shirt,Clothing,55.0,Illinois,L,Red,Summer,4.4,No,Venmo,No,16,Weekly,0,55-64,Mid-Low,Regular (16-30),1,7,0,0,Medium (3.5-4.4)
2917,58,Male,Sweater,Clothing,58.0,Utah,L,Black,Fall,4.5,No,Venmo,No,9,Weekly,0,55-64,Mid-Low,Occasional (6-15),0,7,0,0,High (4.5+)
2918,24,Female,Belt,Accessories,91.0,Nevada,XL,Blue,Summer,3.1,Yes,Debit Card,Yes,6,Every 3 Months,0,18-24,High,Occasional (6-15),0,90,1,1,Low (<3.5)
2919,27,Male,Jeans,Clothing,76.0,Utah,L,Gray,Fall,2.8,Yes,PayPal,No,42,Fortnightly,0,25-34,Mid-High,Loyal (31+),1,14,0,1,Low (<3.5)
2920,38,Male,Backpack,Accessories,22.0,Georgia,M,Teal,Summer,3.0,No,Venmo,Yes,50,Every 3 Months,0,35-44,Low,Loyal (31+),1,90,1,0,Low (<3.5)
2921,30,Male,Coat,Outerwear,24.0,Georgia,M,White,Spring,5.0,No,Debit Card,Yes,33,Fortnightly,0,25-34,Low,Loyal (31+),1,14,1,0,High (4.5+)
2922,38,Male,Sweater,Clothing,21.0,Illinois,S,Gray,Fall,3.3,No,Venmo,No,49,Fortnightly,0,35-44,Low,Loyal (31+),1,14,0,0,Low (<3.5)
2923,47,Male,Blouse,Clothing,75.0,Maine,XL,White,Summer,3.6,No,Bank Transfer,No,16,Weekly,0,45-54,Mid-High,Regular (16-30),1,7,0,0,Medium (3.5-4.4)
2924,32,Male,Jewelry,Accessories,36.0,Minnesota,S,Blue,Summer,2.7,No,PayPal,No,38,Monthly,0,25-34,Low,Loyal (31+),1,30,0,0,Low (<3.5)
2925,24,Female,Socks,Clothing,51.0,Utah,M,Blue,Summer,4.5,No,Credit Card,Yes,20,Monthly,0,18-24,Mid-Low,Regular (16-30),1,30,1,0,High (4.5+)
2926,39,Female,Sandals,Footwear,87.0,Vermont,M,Gray,Spring,3.6,No,Bank Transfer,No,20,Quarterly,0,35-44,High,Regular (16-30),1,90,0,0,Medium (3.5-4.4)
2927,56,Female,Backpack,Accessories,30.0,Texas,S,Olive,Summer,2.7,No,Debit Card,No,33,Every 3 Months,0,55-64,Low,Loyal (31+),1,90,0,0,Low (<3.5)
2928,50,Male,Slippers,Footwear,32.0,Utah,M,Black,Winter,3.7,No,Cash,No,7,Quarterly,0,45-54,Low,Occasional (6-15),0,90,0,0,Medium (3.5-4.4)
2929,35,Female,Shirt,Clothing,26.0,Ohio,L,Black,Summer,4.3,No,Venmo,Yes,21,Fortnightly,0,35-44,Low,Regular (16-30),1,14,1,0,Medium (3.5-4.4)
2930,34,Female,Gloves,Accessories,43.0,Montana,S,Olive,Fall,3.7,No,Bank Transfer,No,21,Bi-Weekly,0,25-34,Mid-Low,Regular (16-30),1,14,0,0,Medium (3.5-4.4)
2931,48,Male,Shoes,Footwear,27.0,Georgia,XL,Blue,Summer,4.9,No,Bank Transfer,No,22,Weekly,0,45-54,Low,Regular (16-30),1,7,0,0,High (4.5+)
2932,27,Male,Shorts,Clothing,70.0,Ohio,XL,Gray,Spring,4.7,No,Debit Card,Yes,37,Quarterly,0,25-34,Mid-High,Loyal (31+),1,90,1,0,High (4.5+)
2933,62,Female,Sneakers,Footwear,79.0,Montana,S,Black,Winter,3.8,Yes,Venmo,No,14,Bi-Weekly,0,55-64,Mid-High,Occasional (6-15),1,14,0,1,Medium (3.5-4.4)
2934,64,Female,Scarf,Accessories,34.0,California,L,Gray,Winter,4.9,No,Debit Card,No,8,Fortnightly,0,55-64,Low,Occasional (6-15),0,14,0,0,High (4.5+)
2935,19,Male,Scarf,Accessories,62.0,Oregon,M,Teal,Spring,4.5,No,Venmo,No,31,Annually,0,18-24,Mid-High,Loyal (31+),1,365,0,0,High (4.5+)
2936,69,Male,Boots,Footwear,44.0,Utah,S,Red,Spring,3.4,Yes,Cash,Yes,1,Monthly,0,65+,Mid-Low,New (0-5),0,30,1,1,Low (<3.5)
2937,19,Male,Blouse,Clothing,26.0,Oregon,M,Gray,Winter,4.4,No,Debit Card,Yes,50,Weekly,0,18-24,Low,Loyal (31+),1,7,1,0,Medium (3.5-4.4)
2938,42,Male,Socks,Clothing,57.0,Nevada,L,Blue,Spring,3.8,No,Credit Card,No,46,Weekly,0,35-44,Mid-Low,Loyal (31+),1,7,0,0,Medium (3.5-4.4)
2939,53,Female,Blouse,Clothing,76.0,Alabama,L,Blue,Winter,3.8,No,Debit Card,Yes,20,Bi-Weekly,0,45-54,Mid-High,Regular (16-30),1,14,1,0,Medium (3.5-4.4)
2940,35,Male,Pants,Clothing,38.0,New York,M,Black,Spring,3.8,No,PayPal,Yes,35,Annually,0,35-44,Low,Loyal (31+),1,365,1,0,Medium (3.5-4.4)
2941,28,Female,Coat,Outerwear,83.0,Minnesota,L,Red,Winter,4.5,Yes,Venmo,Yes,26,Weekly,0,25-34,High,Regular (16-30),1,7,1,1,High (4.5+)
2942,20,Female,Dress,Clothing,100.0,Alabama,L,Teal,Winter,4.8,Yes,Venmo,Yes,35,Bi-Weekly,0,18-24,High,Loyal (31+),1,14,1,1,High (4.5+)
2943,56,Male,Scarf,Accessories,24.0,Idaho,L,Black,Spring,3.3,No,PayPal,No,11,Bi-Weekly,0,55-64,Low,Occasional (6-15),1,14,0,0,Low (<3.5)
2944,19,Female,Shorts,Clothing,33.0,Texas,M,Red,Spring,4.1,No,PayPal,No,48,Quarterly,0,18-24,Low,Loyal (31+),1,90,0,0,Medium (3.5-4.4)
2945,43,Female,Socks,Clothing,43.0,Illinois,L,Pink,Spring,4.1,No,PayPal,Yes,45,Quarterly,0,35-44,Mid-Low,Loyal (31+),1,90,1,0,Medium (3.5-4.4)
2946,38,Male,Blouse,Clothing,88.0,Idaho,L,Red,Winter,4.7,Yes,Credit Card,Yes,27,Monthly,0,35-44,High,Regular (16-30),1,30,1,1,High (4.5+)
2947,69,Male,Skirt,Clothing,31.0,Alabama,S,Pink,Summer,3.6,No,Bank Transfer,Yes,44,Every 3 Months,0,65+,Low,Loyal (31+),1,90,1,0,Medium (3.5-4.4)
2948,67,Female,Hat,Accessories,58.0,Maine,L,Red,Fall,3.0,No,Venmo,No,16,Weekly,0,65+,Mid-Low,Regular (16-30),1,7,0,0,Low (<3.5)
2949,61,Male,Jacket,Outerwear,63.0,Texas,M,Gray,Fall,3.0,No,Debit Card,No,40,Bi-Weekly,0,55-64,Mid-High,Loyal (31+),1,14,0,0,Low (<3.5)
2950,56,Male,Handbag,Accessories,30.0,Nevada,L,Teal,Fall,3.7,No,Credit Card,No,46,Weekly,1,55-64,Low,Loyal (31+),1,7,0,0,Medium (3.5-4.4)
2951,46,Male,Skirt,Clothing,23.0,Texas,L,Gray,Spring,2.8,No,Bank Transfer,No,35,Bi-Weekly,0,45-54,Low,Loyal (31+),1,14,0,0,Low (<3.5)
2952,36,Male,Handbag,Accessories,29.0,Texas,M,Pink,Summer,3.3,No,PayPal,Yes,50,Fortnightly,0,35-44,Low,Loyal (31+),1,14,1,0,Low (<3.5)
2953,26,Female,Jeans,Clothing,24.0,Nevada,S,Olive,Fall,2.8,Yes,Cash,Yes,11,Annually,0,25-34,Low,Occasional (6-15),1,365,1,1,Low (<3.5)
2954,69,Male,Belt,Accessories,60.0,Georgia,L,Black,Spring,4.7,No,Venmo,No,2,Quarterly,0,65+,Mid-Low,New (0-5),0,90,0,0,High (4.5+)
2955,38,Male,Boots,Footwear,95.0,Oregon,L,White,Summer,3.4,Yes,Debit Card,Yes,27,Fortnightly,0,35-44,High,Regular (16-30),1,14,1,1,Low (<3.5)
2956,40,Male,T-shirt,Clothing,48.0,Idaho,L,Gray,Fall,3.4,No,Credit Card,Yes,17,Quarterly,0,35-44,Mid-Low,Regular (16-30),1,90,1,0,Low (<3.5)
2957,25,Female,Dress,Clothing,40.0,Georgia,L,Blue,Summer,4.4,No,Bank Transfer,Yes,32,Every 3 Months,0,25-34,Mid-Low,Loyal (31+),1,90,1,0,Medium (3.5-4.4)
2958,32,Male,Jeans,Clothing,39.0,Idaho,M,Red,Summer,3.3,Yes,Credit Card,No,19,Fortnightly,0,25-34,Low,Regular (16-30),1,14,0,1,Low (<3.5)
2959,51,Female,Skirt,Clothing,99.0,California,M,Red,Winter,4.3,No,Venmo,No,44,Monthly,0,45-54,High,Loyal (31+),1,30,0,0,Medium (3.5-4.4)
2960,40,Female,Backpack,Accessories,97.0,New York,L,Pink,Fall,4.6,No,PayPal,No,6,Monthly,0,35-44,High,Occasional (6-15),0,30,0,0,High (4.5+)
2961,49,Male,Sunglasses,Accessories,72.0,New York,M,Teal,Fall,3.4,No,Bank Transfer,Yes,49,Annually,0,45-54,Mid-High,Loyal (31+),1,365,1,0,Low (<3.5)
2962,29,Female,Jacket,Outerwear,57.0,Maine,L,Teal,Spring,3.7,No,Venmo,No,12,Bi-Weekly,0,25-34,Mid-Low,Occasional (6-15),1,14,0,0,Medium (3.5-4.4)
2963,22,Male,Socks,Clothing,32.0,Oregon,M,Black,Winter,3.3,No,Bank Transfer,No,17,Quarterly,0,18-24,Low,Regular (16-30),1,90,0,0,Low (<3.5)
2964,64,Female,Boots,Footwear,95.0,Montana,S,Olive,Winter,3.6,Yes,Bank Transfer,No,2,Monthly,0,55-64,High,New (0-5),0,30,0,1,Medium (3.5-4.4)
2965,40,Male,Shorts,Clothing,20.0,Nevada,M,Olive,Winter,4.0,No,PayPal,No,34,Bi-Weekly,0,35-44,Low,Loyal (31+),1,14,0,0,Medium (3.5-4.4)
2966,37,Male,Boots,Footwear,33.0,Maine,M,Pink,Fall,3.4,Yes,PayPal,No,35,Bi-Weekly,0,35-44,Low,Loyal (31+),1,14,0,1,Low (<3.5)
2967,33,Male,Shorts,Clothing,74.0,Oregon,L,Red,Fall,3.7,No,Credit Card,No,47,Annually,0,25-34,Mid-High,Loyal (31+),1,365,0,0,Medium (3.5-4.4)
2968,52,Male,Dress,Clothing,34.0,Ohio,M,Gray,Fall,3.7,No,Debit Card,Yes,6,Annually,0,45-54,Low,Occasional (6-15),0,365,1,0,Medium (3.5-4.4)
2969,47,Female,Sneakers,Footwear,28.0,Texas,L,Red,Fall,2.6,No,Credit Card,Yes,25,Fortnightly,0,45-54,Low,Regular (16-30),1,14,1,0,Low (<3.5)
2970,38,Female,Jeans,Clothing,68.0,Ohio,M,Blue,Summer,2.9,No,PayPal,No,45,Monthly,0,35-44,Mid-High,Loyal (31+),1,30,0,0,Low (<3.5)
2971,67,Male,Sandals,Footwear,22.0,Illinois,L,White,Fall,3.9,Yes,Bank Transfer,No,2,Weekly,0,65+,Low,New (0-5),0,7,0,1,Medium (3.5-4.4)
2972,65,Male,Backpack,Accessories,41.0,Texas,M,Olive,Summer,2.5,No,Venmo,No,30,Bi-Weekly,0,65+,Mid-Low,Regular (16-30),1,14,0,0,Low (<3.5)
2973,28,Male,Sweater,Clothing,72.0,Florida,M,Black,Winter,4.3,No,Cash,No,12,Annually,0,25-34,Mid-High,Occasional (6-15),1,365,0,0,Medium (3.5-4.4)
2974,52,Male,Jacket,Outerwear,34.0,Montana,L,Olive,Summer,3.8,No,Credit Card,Yes,18,Quarterly,1,45-54,Low,Regular (16-30),1,90,1,0,Medium (3.5-4.4)
2975,69,Male,Sandals,Footwear,81.0,Oregon,M,Pink,Summer,4.4,Yes,Bank Transfer,No,38,Monthly,0,65+,High,Loyal (31+),1,30,0,1,Medium (3.5-4.4)
2976,43,Male,Sunglasses,Accessories,27.0,Illinois,M,White,Spring,3.3,No,Bank Transfer,Yes,41,Every 3 Months,0,35-44,Low,Loyal (31+),1,90,1,0,Low (<3.5)
2977,19,Female,Scarf,Accessories,69.0,Montana,L,White,Winter,3.6,No,Credit Card,Yes,1,Monthly,0,18-24,Mid-High,New (0-5),0,30,1,0,Medium (3.5-4.4)
2978,25,Male,Scarf,Accessories,26.0,Maine,S,Gray,Fall,4.1,No,Debit Card,No,33,Monthly,0,25-34,Low,Loyal (31+),1,30,0,0,Medium (3.5-4.4)
2979,53,Female,Belt,Accessories,79.0,New York,XL,Pink,Spring,4.2,No,PayPal,No,20,Weekly,0,45-54,Mid-High,Regular (16-30),1,7,0,0,Medium (3.5-4.4)
2980,65,Male,Gloves,Accessories,81.0,New York,M,Black,Spring,4.9,No,Debit Card,No,38,Weekly,0,65+,High,Loyal (31+),1,7,0,0,High (4.5+)
2981,24,Male,Sunglasses,Accessories,84.0,Texas,M,Red,Winter,3.7,No,PayPal,Yes,43,Monthly,0,18-24,High,Loyal (31+),1,30,1,0,Medium (3.5-4.4)
2982,46,Male,Skirt,Clothing,42.0,Ohio,L,White,Spring,3.1,No,Credit Card,No,44,Weekly,0,45-54,Mid-Low,Loyal (31+),1,7,0,0,Low (<3.5)
2983,44,Male,Shirt,Clothing,39.0,Texas,M,Pink,Summer,3.4,No,Debit Card,No,6,Weekly,0,35-44,Low,Occasional (6-15),0,7,0,0,Low (<3.5)
2984,33,Male,Scarf,Accessories,99.0,Vermont,XL,Teal,Spring,4.8,Yes,Bank Transfer,No,41,Bi-Weekly,0,25-34,High,Loyal (31+),1,14,0,1,High (4.5+)
2985,51,Female,Socks,Clothing,79.0,Florida,M,Black,Fall,4.1,Yes,Debit Card,Yes,49,Monthly,0,45-54,Mid-High,Loyal (31+),1,30,1,1,Medium (3.5-4.4)
2986,64,Female,Shorts,Clothing,34.0,Montana,M,White,Spring,4.7,Yes,Credit Card,Yes,39,Every 3 Months,0,55-64,Low,Loyal (31+),1,90,1,1,High (4.5+)
2987,30,Female,Blouse,Clothing,22.0,Illinois,S,White,Summer,4.3,Yes,Cash,No,19,Annually,0,25-34,Low,Regular (16-30),1,365,0,1,Medium (3.5-4.4)
2988,20,Male,Shoes,Footwear,48.0,Nevada,S,Pink,Fall,4.9,No,Venmo,Yes,37,Quarterly,0,18-24,Mid-Low,Loyal (31+),1,90,1,0,High (4.5+)
2989,37,Male,Dress,Clothing,73.0,Nevada,S,Teal,Summer,3.8,Yes,Debit Card,No,4,Annually,0,35-44,Mid-High,New (0-5),0,365,0,1,Medium (3.5-4.4)
2990,34,Male,Scarf,Accessories,50.0,Minnesota,S,Blue,Fall,4.9,Yes,Debit Card,Yes,19,Bi-Weekly,0,25-34,Mid-Low,Regular (16-30),1,14,1,1,High (4.5+)
2991,56,Female,Hat,Accessories,85.0,Idaho,M,White,Fall,4.7,No,Bank Transfer,No,42,Quarterly,0,55-64,High,Loyal (31+),1,90,0,0,High (4.5+)
2992,46,Female,Scarf,Accessories,60.0,California,M,Olive,Summer,4.6,No,Venmo,No,33,Weekly,0,45-54,Mid-Low,Loyal (31+),1,7,0,0,High (4.5+)
2993,18,Male,Pants,Clothing,100.0,Idaho,M,Teal,Summer,4.8,No,Bank Transfer,No,14,Weekly,0,18-24,High,Occasional (6-15),1,7,0,0,High (4.5+)
2994,36,Female,Sneakers,Footwear,90.0,Vermont,M,Teal,Summer,3.8,No,Debit Card,No,29,Quarterly,0,35-44,High,Regular (16-30),1,90,0,0,Medium (3.5-4.4)
2995,56,Male,Sneakers,Footwear,58.0,New York,S,Red,Summer,4.4,No,PayPal,Yes,1,Bi-Weekly,0,55-64,Mid-Low,New (0-5),0,14,1,0,Medium (3.5-4.4)
2996,43,Male,Sneakers,Footwear,87.0,Vermont,S,Pink,Fall,3.9,Yes,Debit Card,No,49,Monthly,0,35-44,High,Loyal (31+),1,30,0,1,Medium (3.5-4.4)
2997,47,Male,Belt,Accessories,56.0,Minnesota,M,Teal,Winter,4.4,No,Credit Card,No,28,Annually,0,45-54,Mid-Low,Regular (16-30),1,365,0,0,Medium (3.5-4.4)
2998,32,Male,Sweater,Clothing,20.0,Alabama,M,Pink,Fall,4.4,Yes,Debit Card,No,26,Every 3 Months,0,25-34,Low,Regular (16-30),1,90,0,1,Medium (3.5-4.4)
2999,34,Female,Jacket,Outerwear,44.0,Nevada,S,Red,Spring,4.4,No,PayPal,No,17,Bi-Weekly,0,25-34,Mid-Low,Regular (16-30),1,14,0,0,Medium (3.5-4.4)
3000,24,Female,Blouse,Clothing,53.0,Vermont,M,Blue,Winter,3.6,Yes,PayPal,Yes,12,Quarterly,0,18-24,Mid-Low,Occasional (6-15),1,90,1,1,Medium (3.5-4.4)
3001,22,Male,Hat,Accessories,99.0,Texas,XL,Blue,Winter,4.5,No,Venmo,Yes,17,Annually,0,18-24,High,Regular (16-30),1,365,1,0,High (4.5+)
3002,19,Male,Boots,Footwear,87.0,Montana,M,Blue,Winter,4.7,No,Cash,No,23,Fortnightly,0,18-24,High,Regular (16-30),1,14,0,0,High (4.5+)
3003,51,Male,Jeans,Clothing,31.0,Alabama,S,Teal,Spring,4.1,No,Venmo,No,22,Monthly,0,45-54,Low,Regular (16-30),1,30,0,0,Medium (3.5-4.4)
3004,26,Male,Sunglasses,Accessories,20.0,Vermont,L,Olive,Winter,3.6,No,Venmo,Yes,21,Every 3 Months,0,25-34,Low,Regular (16-30),1,90,1,0,Medium (3.5-4.4)
3005,48,Male,Sweater,Clothing,62.0,Idaho,M,Pink,Summer,4.6,No,Venmo,No,26,Quarterly,0,45-54,Mid-High,Regular (16-30),1,90,0,0,High (4.5+)
3006,68,Male,Scarf,Accessories,63.0,Georgia,S,Pink,Winter,4.4,Yes,Venmo,Yes,24,Monthly,0,65+,Mid-High,Regular (16-30),1,30,1,1,Medium (3.5-4.4)
3007,54,Male,Boots,Footwear,79.0,Utah,L,Red,Winter,3.7,No,PayPal,Yes,16,Monthly,0,45-54,Mid-High,Regular (16-30),1,30,1,0,Medium (3.5-4.4)
3008,48,Male,Dress,Clothing,41.0,Illinois,L,Pink,Winter,3.9,No,Debit Card,No,30,Quarterly,0,45-54,Mid-Low,Regular (16-30),1,90,0,0,Medium (3.5-4.4)
3009,24,Male,Dress,Clothing,85.0,Ohio,XL,Olive,Spring,4.2,Yes,Bank Transfer,No,13,Monthly,0,18-24,High,Occasional (6-15),1,30,0,1,Medium (3.5-4.4)
3010,43,Female,Hat,Accessories,53.0,Texas,XL,Olive,Fall,4.2,Yes,Venmo,Yes,48,Bi-Weekly,0,35-44,Mid-Low,Loyal (31+),1,14,1,1,Medium (3.5-4.4)
3011,65,Male,Pants,Clothing,47.0,Maine,M,Blue,Fall,3.3,No,Venmo,No,34,Annually,0,65+,Mid-Low,Loyal (31+),1,365,0,0,Low (<3.5)
3012,38,Male,Handbag,Accessories,54.0,Maine,L,White,Fall,3.2,No,Debit Card,No,15,Every 3 Months,0,35-44,Mid-Low,Occasional (6-15),1,90,0,0,Low (<3.5)
3013,61,Male,Hat,Accessories,96.0,Montana,M,White,Winter,4.7,No,Credit Card,No,35,Quarterly,0,55-64,High,Loyal (31+),1,90,0,0,High (4.5+)
3014,55,Female,Belt,Accessories,51.0,Minnesota,L,Blue,Fall,4.8,No,Credit Card,No,49,Fortnightly,0,55-64,Mid-Low,Loyal (31+),1,14,0,0,High (4.5+)
3015,32,Male,Dress,Clothing,65.0,Vermont,M,Teal,Spring,3.5,Yes,Venmo,No,39,Monthly,0,25-34,Mid-High,Loyal (31+),1,30,0,1,Medium (3.5-4.4)
3016,25,Male,Sunglasses,Accessories,92.0,Minnesota,M,Teal,Spring,4.8,No,Cash,Yes,39,Fortnightly,0,25-34,High,Loyal (31+),1,14,1,0,High (4.5+)
3017,18,Female,Hoodie,Outerwear,21.0,Illinois,S,White,Fall,3.7,Yes,Debit Card,No,11,Fortnightly,0,18-24,Low,Occasional (6-15),1,14,0,1,Medium (3.5-4.4)
3018,32,Female,Jeans,Clothing,63.0,Florida,M,Gray,Summer,2.9,No,Bank Transfer,Yes,10,Fortnightly,0,25-34,Mid-High,Occasional (6-15),1,14,1,0,Low (<3.5)
3019,35,Male,Skirt,Clothing,77.0,Illinois,M,Teal,Summer,4.3,No,Debit Card,Yes,29,Fortnightly,0,35-44,Mid-High,Regular (16-30),1,14,1,0,Medium (3.5-4.4)
3020,52,Male,Socks,Clothing,93.0,Idaho,L,Pink,Winter,2.6,No,PayPal,Yes,15,Every 3 Months,0,45-54,High,Occasional (6-15),1,90,1,0,Low (<3.5)
3021,48,Female,Socks,Clothing,24.0,Maine,M,Gray,Spring,2.8,No,PayPal,Yes,7,Monthly,0,45-54,Low,Occasional (6-15),0,30,1,0,Low (<3.5)
3022,43,Male,Belt,Accessories,78.0,California,L,Gray,Fall,4.9,No,Credit Card,No,46,Every 3 Months,0,35-44,Mid-High,Loyal (31+),1,90,0,0,High (4.5+)
3023,56,Male,Sandals,Footwear,85.0,Utah,S,Blue,Summer,3.8,Yes,Credit Card,No,18,Annually,0,55-64,High,Regular (16-30),1,365,0,1,Medium (3.5-4.4)
3024,58,Male,Boots,Footwear,48.0,Illinois,M,Teal,Spring,3.2,Yes,Debit Card,Yes,41,Fortnightly,0,55-64,Mid-Low,Loyal (31+),1,14,1,1,Low (<3.5)
3025,55,Male,Sweater,Clothing,80.0,California,M,Black,Summer,3.7,Yes,Debit Card,No,37,Fortnightly,0,55-64,Mid-High,Loyal (31+),1,14,0,1,Medium (3.5-4.4)
3026,65,Male,Pants,Clothing,59.0,Oregon,M,Pink,Summer,3.9,Yes,PayPal,No,8,Fortnightly,0,65+,Mid-Low,Occasional (6-15),0,14,0,1,Medium (3.5-4.4)
3027,37,Female,Skirt,Clothing,73.0,Idaho,M,Pink,Summer,4.1,No,Debit Card,Yes,10,Weekly,0,35-44,Mid-High,Occasional (6-15),1,7,1,0,Medium (3.5-4.4)
3028,61,Male,Sunglasses,Accessories,51.0,Minnesota,M,Blue,Spring,3.4,No,Cash,No,30,Weekly,0,55-64,Mid-Low,Regular (16-30),1,7,0,0,Low (<3.5)
3029,40,Male,Handbag,Accessories,34.0,Minnesota,M,Gray,Fall,3.5,No,Bank Transfer,Yes,32,Quarterly,0,35-44,Low,Loyal (31+),1,90,1,0,Medium (3.5-4.4)
3030,27,Male,T-shirt,Clothing,87.0,Ohio,L,Teal,Summer,3.9,No,Debit Card,Yes,14,Quarterly,0,25-34,High,Occasional (6-15),1,90,1,0,Medium (3.5-4.4)
3031,25,Female,Belt,Accessories,37.0,Nevada,M,Red,Fall,4.1,No,PayPal,No,8,Bi-Weekly,0,25-34,Low,Occasional (6-15),0,14,0,0,Medium (3.5-4.4)
3032,22,Male,Shirt,Clothing,35.0,Illinois,L,Blue,Fall,4.8,Yes,Cash,No,32,Monthly,0,18-24,Low,Loyal (31+),1,30,0,1,High (4.5+)
3033,68,Male,Pants,Clothing,91.0,Illinois,L,Black,Fall,3.5,No,PayPal,Yes,12,Fortnightly,0,65+,High,Occasional (6-15),1,14,1,0,Medium (3.5-4.4)
3034,26,Female,Blouse,Clothing,95.0,Illinois,S,Red,Fall,3.7,No,Bank Transfer,Yes,9,Quarterly,1,25-34,High,Occasional (6-15),0,90,1,0,Medium (3.5-4.4)
3035,62,Male,Jacket,Outerwear,69.0,Montana,L,Blue,Summer,5.0,No,Venmo,No,19,Quarterly,0,55-64,Mid-High,Regular (16-30),1,90,0,0,High (4.5+)
3036,59,Male,Gloves,Accessories,67.0,Florida,L,Pink,Summer,3.3,No,Bank Transfer,No,18,Quarterly,0,55-64,Mid-High,Regular (16-30),1,90,0,0,Low (<3.5)
3037,41,Male,Scarf,Accessories,49.0,Nevada,L,Pink,Fall,2.6,No,Venmo,No,21,Monthly,0,35-44,Mid-Low,Regular (16-30),1,30,0,0,Low (<3.5)
3038,66,Female,Dress,Clothing,69.0,California,L,Blue,Spring,4.0,No,Venmo,No,20,Every 3 Months,0,65+,Mid-High,Regular (16-30),1,90,0,0,Medium (3.5-4.4)
3039,66,Male,Blouse,Clothing,69.0,Minnesota,M,White,Fall,4.8,No,PayPal,No,29,Weekly,0,65+,Mid-High,Regular (16-30),1,7,0,0,High (4.5+)
3040,67,Female,Belt,Accessories,61.0,Florida,XL,Blue,Summer,2.6,No,Bank Transfer,No,27,Bi-Weekly,0,65+,Mid-High,Regular (16-30),1,14,0,0,Low (<3.5)
3041,44,Female,Shorts,Clothing,73.0,Alabama,M,Red,Summer,3.0,No,Debit Card,Yes,2,Weekly,0,35-44,Mid-High,New (0-5),0,7,1,0,Low (<3.5)
3042,33,Male,Coat,Outerwear,64.0,New York,S,Olive,Spring,4.2,No,PayPal,No,12,Every 3 Months,0,25-34,Mid-High,Occasional (6-15),1,90,0,0,Medium (3.5-4.4)
3043,20,Male,Gloves,Accessories,91.0,Oregon,L,White,Summer,4.5,No,Bank Transfer,Yes,26,Weekly,0,18-24,High,Regular (16-30),1,7,1,0,High (4.5+)
3044,62,Female,Shoes,Footwear,74.0,Florida,M,Teal,Summer,2.7,Yes,PayPal,No,37,Monthly,0,55-64,Mid-High,Loyal (31+),1,30,0,1,Low (<3.5)
3045,64,Male,Backpack,Accessories,51.0,Oregon,M,Olive,Winter,3.4,No,Credit Card,Yes,2,Fortnightly,0,55-64,Mid-Low,New (0-5),0,14,1,0,Low (<3.5)
3046,46,Female,Hoodie,Outerwear,73.0,New York,M,White,Fall,3.1,No,Debit Card,Yes,41,Quarterly,0,45-54,Mid-High,Loyal (31+),1,90,1,0,Low (<3.5)
3047,21,Female,Sandals,Footwear,38.0,Nevada,M,Blue,Summer,4.9,No,Debit Card,No,5,Bi-Weekly,0,18-24,Low,New (0-5),0,14,0,0,High (4.5+)
3048,61,Male,Jewelry,Accessories,37.0,Georgia,XL,Olive,Spring,4.2,No,Venmo,No,32,Monthly,0,55-64,Low,Loyal (31+),1,30,0,0,Medium (3.5-4.4)
3049,33,Female,Gloves,Accessories,86.0,Georgia,S,Gray,Summer,3.7,No,Debit Card,No,11,Annually,0,25-34,High,Occasional (6-15),1,365,0,0,Medium (3.5-4.4)
3050,47,Male,Shorts,Clothing,67.0,Montana,M,Gray,Winter,4.7,No,PayPal,No,46,Annually,0,45-54,Mid-High,Loyal (31+),1,365,0,0,High (4.5+)
3051,52,Male,Sunglasses,Accessories,24.0,Georgia,L,Black,Spring,3.8,Yes,PayPal,No,35,Bi-Weekly,0,45-54,Low,Loyal (31+),1,14,0,1,Medium (3.5-4.4)
3052,25,Male,Sweater,Clothing,48.0,Utah,L,Red,Fall,4.8,No,Cash,Yes,40,Bi-Weekly,0,25-34,Mid-Low,Loyal (31+),1,14,1,0,High (4.5+)
3053,21,Male,Gloves,Accessories,99.0,Vermont,L,Gray,Fall,3.1,No,PayPal,No,41,Bi-Weekly,0,18-24,High,Loyal (31+),1,14,0,0,Low (<3.5)
3054,22,Female,Gloves,Accessories,71.0,Alabama,M,Olive,Spring,2.6,No,PayPal,Yes,3,Quarterly,0,18-24,Mid-High,New (0-5),0,90,1,0,Low (<3.5)
3055,68,Female,Belt,Accessories,90.0,Ohio,L,Red,Winter,3.6,No,Credit Card,No,43,Annually,0,65+,High,Loyal (31+),1,365,0,0,Medium (3.5-4.4)
3056,68,Male,Slippers,Footwear,64.0,Montana,M,Gray,Summer,3.0,No,PayPal,Yes,5,Quarterly,0,65+,Mid-High,New (0-5),0,90,1,0,Low (<3.5)
3057,40,Male,Handbag,Accessories,23.0,California,L,White,Fall,4.6,No,Venmo,No,28,Monthly,0,35-44,Low,Regular (16-30),1,30,0,0,High (4.5+)
3058,40,Female,Shorts,Clothing,34.0,Ohio,S,Pink,Spring,3.8,Yes,Cash,Yes,33,Annually,0,35-44,Low,Loyal (31+),1,365,1,1,Medium (3.5-4.4)
3059,39,Male,Dress,Clothing,27.0,Illinois,M,Olive,Winter,3.2,Yes,Cash,No,45,Fortnightly,0,35-44,Low,Loyal (31+),1,14,0,1,Low (<3.5)
3060,36,Male,Sweater,Clothing,79.0,Illinois,M,Olive,Spring,4.4,No,Bank Transfer,No,37,Weekly,0,35-44,Mid-High,Loyal (31+),1,7,0,0,Medium (3.5-4.4)
3061,46,Male,Sandals,Footwear,81.0,Alabama,M,Olive,Summer,3.8,No,Credit Card,Yes,36,Weekly,0,45-54,High,Loyal (31+),1,7,1,0,Medium (3.5-4.4)
3062,36,Female,Sneakers,Footwear,57.0,Nevada,S,Teal,Winter,3.8,Yes,Bank Transfer,No,49,Quarterly,0,35-44,Mid-Low,Loyal (31+),1,90,0,1,Medium (3.5-4.4)
3063,50,Male,Blouse,Clothing,78.0,Idaho,M,Teal,Fall,3.0,No,Credit Card,Yes,1,Annually,0,45-54,Mid-High,New (0-5),0,365,1,0,Low (<3.5)
3064,38,Male,Scarf,Accessories,64.0,Maine,L,Pink,Fall,5.0,No,Venmo,No,1,Fortnightly,0,35-44,Mid-High,New (0-5),0,14,0,0,High (4.5+)
3065,51,Male,Socks,Clothing,79.0,Florida,M,Blue,Summer,4.1,No,Credit Card,No,10,Every 3 Months,0,45-54,Mid-High,Occasional (6-15),1,90,0,0,Medium (3.5-4.4)
3066,68,Male,Boots,Footwear,74.0,Maine,M,Black,Winter,4.6,No,Cash,Yes,12,Annually,0,65+,Mid-High,Occasional (6-15),1,365,1,0,High (4.5+)
3067,28,Male,Pants,Clothing,56.0,Utah,M,Black,Winter,4.4,No,Bank Transfer,No,25,Annually,0,25-34,Mid-Low,Regular (16-30),1,365,0,0,Medium (3.5-4.4)
3068,21,Male,Shirt,Clothing,72.0,Texas,L,Pink,Fall,3.8,No,Credit Card,No,42,Every 3 Months,0,18-24,Mid-High,Loyal (31+),1,90,0,0,Medium (3.5-4.4)
3069,45,Female,Belt,Accessories,45.0,Minnesota,M,Teal,Spring,3.7,No,Venmo,No,20,Bi-Weekly,1,45-54,Mid-Low,Regular (16-30),1,14,0,0,Medium (3.5-4.4)
3070,24,Female,Boots,Footwear,80.0,Vermont,M,Olive,Winter,4.2,No,Cash,No,45,Quarterly,0,18-24,Mid-High,Loyal (31+),1,90,0,0,Medium (3.5-4.4)
3071,30,Male,Jeans,Clothing,94.0,Texas,XL,Olive,Spring,2.8,No,Cash,Yes,33,Monthly,0,25-34,High,Loyal (31+),1,30,1,0,Low (<3.5)
3072,59,Male,Jacket,Outerwear,36.0,Nevada,L,Black,Winter,4.9,Yes,Venmo,Yes,24,Monthly,0,55-64,Low,Regular (16-30),1,30,1,1,High (4.5+)
3073,40,Female,Hat,Accessories,74.0,New York,M,Gray,Spring,3.1,No,PayPal,Yes,40,Quarterly,0,35-44,Mid-High,Loyal (31+),1,90,1,0,Low (<3.5)
3074,47,Male,Backpack,Accessories,28.0,Montana,L,Gray,Spring,3.4,No,Debit Card,No,25,Quarterly,0,45-54,Low,Regular (16-30),1,90,0,0,Low (<3.5)
3075,59,Female,Scarf,Accessories,50.0,Vermont,XL,White,Spring,3.9,Yes,PayPal,Yes,3,Every 3 Months,0,55-64,Mid-Low,New (0-5),0,90,1,1,Medium (3.5-4.4)
3076,24,Male,Sunglasses,Accessories,74.0,Georgia,S,Pink,Spring,3.8,No,Cash,Yes,43,Monthly,0,18-24,Mid-High,Loyal (31+),1,30,1,0,Medium (3.5-4.4)
3077,43,Male,Blouse,Clothing,42.0,Oregon,L,Blue,Fall,4.1,No,Cash,Yes,7,Quarterly,0,35-44,Mid-Low,Occasional (6-15),0,90,1,0,Medium (3.5-4.4)
3078,19,Male,Gloves,Accessories,39.0,Illinois,S,White,Summer,4.5,No,Bank Transfer,No,23,Bi-Weekly,0,18-24,Low,Regular (16-30),1,14,0,0,High (4.5+)
3079,44,Male,Backpack,Accessories,51.0,Utah,L,Olive,Spring,4.4,Yes,Venmo,No,8,Monthly,0,35-44,Mid-Low,Occasional (6-15),0,30,0,1,Medium (3.5-4.4)
3080,29,Female,Dress,Clothing,29.0,Idaho,L,Red,Summer,4.8,No,Bank Transfer,Yes,40,Every 3 Months,0,25-34,Low,Loyal (31+),1,90,1,0,High (4.5+)
3081,66,Male,Blouse,Clothing,70.0,Illinois,XL,Gray,Winter,3.7,Yes,Credit Card,No,32,Every 3 Months,0,65+,Mid-High,Loyal (31+),1,90,0,1,Medium (3.5-4.4)
3082,31,Female,Dress,Clothing,30.0,California,L,Gray,Fall,3.8,No,Credit Card,No,48,Monthly,0,25-34,Low,Loyal (31+),1,30,0,0,Medium (3.5-4.4)
3083,28,Female,Scarf,Accessories,46.0,Alabama,S,Gray,Fall,4.7,No,Venmo,No,44,Monthly,0,25-34,Mid-Low,Loyal (31+),1,30,0,0,High (4.5+)
3084,18,Female,Backpack,Accessories,45.0,Minnesota,M,Red,Summer,3.2,No,Bank Transfer,No,14,Fortnightly,0,18-24,Mid-Low,Occasional (6-15),1,14,0,0,Low (<3.5)
3085,25,Female,Sunglasses,Accessories,98.0,Maine,XL,Pink,Fall,3.1,No,PayPal,Yes,13,Bi-Weekly,0,25-34,High,Occasional (6-15),1,14,1,0,Low (<3.5)
3086,29,Male,Socks,Clothing,100.0,Minnesota,M,Teal,Winter,2.5,No,PayPal,Yes,14,Quarterly,0,25-34,High,Occasional (6-15),1,90,1,0,Low (<3.5)
3087,30,Male,Blouse,Clothing,26.0,Vermont,S,Red,Fall,4.3,No,Credit Card,Yes,8,Weekly,0,25-34,Low,Occasional (6-15),0,7,1,0,Medium (3.5-4.4)
3088,57,Female,Boots,Footwear,32.0,Alabama,L,White,Spring,4.2,No,Bank Transfer,No,47,Weekly,0,55-64,Low,Loyal (31+),1,7,0,0,Medium (3.5-4.4)
3089,65,Male,Sneakers,Footwear,79.0,Ohio,M,Blue,Fall,3.2,No,Credit Card,Yes,5,Quarterly,0,65+,Mid-High,New (0-5),0,90,1,0,Low (<3.5)
3090,63,Male,Gloves,Accessories,44.0,Texas,S,Pink,Winter,2.8,Yes,Venmo,No,22,Every 3 Months,0,55-64,Mid-Low,Regular (16-30),1,90,0,1,Low (<3.5)
3091,68,Male,Scarf,Accessories,72.0,Georgia,M,Blue,Spring,2.6,Yes,Cash,No,15,Annually,0,65+,Mid-High,Occasional (6-15),1,365,0,1,Low (<3.5)
3092,65,Male,Belt,Accessories,94.0,Maine,M,Pink,Summer,3.7,No,Cash,No,1,Monthly,0,65+,High,New (0-5),0,30,0,0,Medium (3.5-4.4)
3093,42,Female,Sunglasses,Accessories,33.0,Georgia,L,Olive,Fall,3.0,Yes,Debit Card,Yes,42,Weekly,0,35-44,Low,Loyal (31+),1,7,1,1,Low (<3.5)
3094,38,Male,Hoodie,Outerwear,98.0,Vermont,M,Red,Spring,4.5,No,Cash,No,26,Quarterly,0,35-44,High,Regular (16-30),1,90,0,0,High (4.5+)
3095,52,Female,Shoes,Footwear,24.0,California,M,White,Fall,4.9,Yes,Credit Card,No,44,Bi-Weekly,0,45-54,Low,Loyal (31+),1,14,0,1,High (4.5+)
3096,34,Female,Pants,Clothing,38.0,California,L,Gray,Winter,4.4,Yes,Venmo,No,31,Fortnightly,0,25-34,Low,Loyal (31+),1,14,0,1,Medium (3.5-4.4)
3097,49,Male,T-shirt,Clothing,61.0,Nevada,M,Olive,Fall,4.6,Yes,Credit Card,No,25,Quarterly,0,45-54,Mid-High,Regular (16-30),1,90,0,1,High (4.5+)
3098,70,Female,Skirt,Clothing,91.0,Idaho,L,White,Summer,5.0,Yes,Bank Transfer,Yes,13,Every 3 Months,0,65+,High,Occasional (6-15),1,90,1,1,High (4.5+)
3099,28,Male,Sweater,Clothing,64.0,Nevada,M,Pink,Spring,4.4,Yes,Bank Transfer,No,30,Weekly,0,25-34,Mid-High,Regular (16-30),1,7,0,1,Medium (3.5-4.4)
3100,58,Male,Shirt,Clothing,31.0,Texas,M,White,Fall,3.9,No,Bank Transfer,No,37,Every 3 Months,0,55-64,Low,Loyal (31+),1,90,0,0,Medium (3.5-4.4)
3101,67,Male,Jacket,Outerwear,40.0,Alabama,M,Red,Winter,4.5,No,Cash,No,2,Quarterly,0,65+,Mid-Low,New (0-5),0,90,0,0,High (4.5+)
3102,46,Male,Blouse,Clothing,81.0,California,L,Gray,Winter,3.9,No,Cash,Yes,12,Every 3 Months,0,45-54,High,Occasional (6-15),1,90,1,0,Medium (3.5-4.4)
3103,36,Male,Jacket,Outerwear,65.0,Vermont,XL,Olive,Fall,3.6,No,Venmo,Yes,19,Quarterly,0,35-44,Mid-High,Regular (16-30),1,90,1,0,Medium (3.5-4.4)
3104,31,Male,Hat,Accessories,21.0,Minnesota,M,White,Spring,2.6,No,Bank Transfer,Yes,6,Monthly,0,25-34,Low,Occasional (6-15),0,30,1,0,Low (<3.5)
3105,26,Male,Hat,Accessories,60.0,Georgia,S,Blue,Summer,4.1,No,Debit Card,No,5,Bi-Weekly,0,25-34,Mid-Low,New (0-5),0,14,0,0,Medium (3.5-4.4)
3106,35,Male,Handbag,Accessories,52.0,Texas,M,Pink,Summer,4.7,Yes,Cash,Yes,13,Quarterly,0,35-44,Mid-Low,Occasional (6-15),1,90,1,1,High (4.5+)
3107,57,Male,Socks,Clothing,20.0,Florida,M,Blue,Spring,4.2,Yes,Debit Card,Yes,18,Fortnightly,0,55-64,Low,Regular (16-30),1,14,1,1,Medium (3.5-4.4)
3108,45,Male,Sunglasses,Accessories,40.0,Maine,M,Gray,Spring,3.5,No,Cash,No,27,Monthly,0,45-54,Mid-Low,Regular (16-30),1,30,0,0,Medium (3.5-4.4)
3109,29,Female,Shorts,Clothing,95.0,Alabama,XL,Red,Fall,4.0,No,Debit Card,No,41,Every 3 Months,0,25-34,High,Loyal (31+),1,90,0,0,Medium (3.5-4.4)
3110,46,Female,Hoodie,Outerwear,77.0,Illinois,L,Black,Spring,4.5,Yes,PayPal,Yes,43,Fortnightly,0,45-54,Mid-High,Loyal (31+),1,14,1,1,High (4.5+)
3111,60,Female,Sweater,Clothing,25.0,Vermont,M,Gray,Spring,4.4,No,Cash,No,20,Weekly,0,55-64,Low,Regular (16-30),1,7,0,0,Medium (3.5-4.4)
3112,18,Male,Skirt,Clothing,21.0,Florida,M,Blue,Winter,3.7,No,Debit Card,Yes,27,Weekly,0,18-24,Low,Regular (16-30),1,7,1,0,Medium (3.5-4.4)
3113,19,Male,Sunglasses,Accessories,48.0,Alabama,S,Blue,Fall,3.4,Yes,PayPal,No,1,Monthly,0,18-24,Mid-Low,New (0-5),0,30,0,1,Low (<3.5)
3114,68,Male,Sunglasses,Accessories,57.0,Florida,M,Pink,Winter,3.5,Yes,Venmo,Yes,43,Bi-Weekly,0,65+,Mid-Low,Loyal (31+),1,14,1,1,Medium (3.5-4.4)
3115,57,Female,Sandals,Footwear,56.0,New York,M,Pink,Spring,4.8,No,PayPal,No,12,Quarterly,0,55-64,Mid-Low,Occasional (6-15),1,90,0,0,High (4.5+)
3116,48,Female,Handbag,Accessories,76.0,Georgia,XL,Blue,Summer,2.9,No,Cash,Yes,4,Every 3 Months,0,45-54,Mid-High,New (0-5),0,90,1,0,Low (<3.5)
3117,66,Male,Shirt,Clothing,34.0,Ohio,M,Gray,Fall,4.7,No,PayPal,No,31,Annually,0,65+,Low,Loyal (31+),1,365,0,0,High (4.5+)
3118,49,Male,Sunglasses,Accessories,23.0,Minnesota,S,Olive,Fall,3.0,Yes,Venmo,Yes,19,Bi-Weekly,0,45-54,Low,Regular (16-30),1,14,1,1,Low (<3.5)
3119,45,Female,Dress,Clothing,74.0,Oregon,M,Black,Summer,5.0,Yes,Debit Card,Yes,21,Weekly,0,45-54,Mid-High,Regular (16-30),1,7,1,1,High (4.5+)
3120,29,Male,Blouse,Clothing,92.0,Maine,S,Black,Winter,3.6,Yes,Bank Transfer,No,22,Every 3 Months,0,25-34,High,Regular (16-30),1,90,0,1,Medium (3.5-4.4)
3121,60,Male,Sweater,Clothing,33.0,Minnesota,XL,Gray,Fall,4.3,No,Cash,No,32,Weekly,0,55-64,Low,Loyal (31+),1,7,0,0,Medium (3.5-4.4)
3122,58,Male,Sweater,Clothing,49.0,Maine,L,Teal,Spring,4.3,No,PayPal,No,41,Quarterly,0,55-64,Mid-Low,Loyal (31+),1,90,0,0,Medium (3.5-4.4)
3123,33,Female,Sweater,Clothing,70.0,Illinois,L,Teal,Spring,4.4,No,Bank Transfer,No,29,Fortnightly,0,25-34,Mid-High,Regular (16-30),1,14,0,0,Medium (3.5-4.4)
3124,57,Male,Sandals,Footwear,33.0,Illinois,L,Red,Spring,4.5,Yes,Cash,Yes,31,Bi-Weekly,0,55-64,Low,Loyal (31+),1,14,1,1,High (4.5+)
3125,56,Male,Blouse,Clothing,89.0,Georgia,S,Olive,Winter,2.6,Yes,Venmo,No,41,Weekly,0,55-64,High,Loyal (31+),1,7,0,1,Low (<3.5)
3126,23,Male,Dress,Clothing,38.0,Texas,L,Red,Winter,3.2,Yes,Cash,No,40,Weekly,0,18-24,Low,Loyal (31+),1,7,0,1,Low (<3.5)
3127,26,Male,Boots,Footwear,63.0,Montana,L,Teal,Summer,3.1,No,Bank Transfer,No,9,Fortnightly,0,25-34,Mid-High,Occasional (6-15),0,14,0,0,Low (<3.5)
3128,49,Female,T-shirt,Clothing,47.0,Florida,M,Gray,Fall,4.2,No,Credit Card,Yes,17,Monthly,0,45-54,Mid-Low,Regular (16-30),1,30,1,0,Medium (3.5-4.4)
3129,51,Female,Belt,Accessories,74.0,Alabama,M,Teal,Winter,4.2,No,Credit Card,No,25,Bi-Weekly,0,45-54,Mid-High,Regular (16-30),1,14,0,0,Medium (3.5-4.4)
3130,52,Male,Jacket,Outerwear,36.0,Alabama,L,Blue,Spring,3.2,No,Cash,Yes,47,Bi-Weekly,0,45-54,Low,Loyal (31+),1,14,1,0,Low (<3.5)
3131,37,Male,Pants,Clothing,27.0,New York,XL,Teal,Winter,4.5,No,Cash,Yes,31,Weekly,0,35-44,Low,Loyal (31+),1,7,1,0,High (4.5+)
3132,62,Female,Backpack,Accessories,61.0,Nevada,S,Olive,Summer,3.3,No,Debit Card,No,41,Weekly,0,55-64,Mid-High,Loyal (31+),1,7,0,0,Low (<3.5)
3133,41,Female,Dress,Clothing,90.0,Utah,XL,Pink,Summer,3.4,No,Cash,Yes,40,Every 3 Months,0,35-44,High,Loyal (31+),1,90,1,0,Low (<3.5)
3134,28,Male,T-shirt,Clothing,71.0,New York,XL,Black,Spring,3.5,No,PayPal,Yes,46,Every 3 Months,0,25-34,Mid-High,Loyal (31+),1,90,1,0,Medium (3.5-4.4)
3135,24,Male,Scarf,Accessories,81.0,Alabama,XL,Pink,Fall,4.4,Yes,Credit Card,Yes,26,Every 3 Months,0,18-24,High,Regular (16-30),1,90,1,1,Medium (3.5-4.4)
3136,64,Male,Sunglasses,Accessories,55.0,Maine,S,White,Fall,2.5,No,Debit Card,Yes,14,Annually,0,55-64,Mid-Low,Occasional (6-15),1,365,1,0,Low (<3.5)
3137,55,Female,Gloves,Accessories,31.0,Ohio,M,Teal,Spring,4.8,No,Venmo,No,21,Every 3 Months,0,55-64,Low,Regular (16-30),1,90,0,0,High (4.5+)
3138,42,Male,Skirt,Clothing,54.0,Montana,L,White,Fall,4.2,No,Bank Transfer,No,1,Weekly,0,35-44,Mid-Low,New (0-5),0,7,0,0,Medium (3.5-4.4)
3139,29,Male,Handbag,Accessories,99.0,Florida,M,Pink,Spring,4.0,No,PayPal,No,35,Every 3 Months,0,25-34,High,Loyal (31+),1,90,0,0,Medium (3.5-4.4)
3140,23,Female,Blouse,Clothing,83.0,Ohio,S,Olive,Summer,3.1,No,PayPal,No,31,Fortnightly,0,18-24,High,Loyal (31+),1,14,0,0,Low (<3.5)
3141,26,Male,Pants,Clothing,76.0,Texas,L,Red,Fall,4.5,No,PayPal,Yes,9,Every 3 Months,0,25-34,Mid-High,Occasional (6-15),0,90,1,0,High (4.5+)
3142,23,Female,Sweater,Clothing,44.0,Idaho,S,Teal,Winter,4.7,No,Cash,Yes,25,Quarterly,0,18-24,Mid-Low,Regular (16-30),1,90,1,0,High (4.5+)
3143,46,Male,Coat,Outerwear,68.0,Nevada,M,Red,Spring,3.8,Yes,Credit Card,No,36,Every 3 Months,0,45-54,Mid-High,Loyal (31+),1,90,0,1,Medium (3.5-4.4)
3144,28,Male,Blouse,Clothing,70.0,Florida,XL,Black,Summer,3.2,No,Credit Card,Yes,39,Annually,0,25-34,Mid-High,Loyal (31+),1,365,1,0,Low (<3.5)
3145,24,Female,Hat,Accessories,72.0,Florida,M,Black,Summer,3.5,No,Debit Card,Yes,39,Quarterly,0,18-24,Mid-High,Loyal (31+),1,90,1,0,Medium (3.5-4.4)
3146,32,Female,Gloves,Accessories,92.0,Florida,XL,Pink,Fall,3.5,No,Debit Card,No,5,Annually,0,25-34,High,New (0-5),0,365,0,0,Medium (3.5-4.4)
3147,55,Female,Backpack,Accessories,75.0,Vermont,M,Red,Winter,3.3,Yes,Venmo,Yes,19,Monthly,0,55-64,Mid-High,Regular (16-30),1,30,1,1,Low (<3.5)
3148,44,Female,Sunglasses,Accessories,37.0,Ohio,M,Pink,Fall,4.3,No,Cash,No,30,Annually,0,35-44,Low,Regular (16-30),1,365,0,0,Medium (3.5-4.4)
3149,26,Male,Gloves,Accessories,37.0,New York,S,Black,Winter,3.4,No,Cash,Yes,6,Weekly,0,25-34,Low,Occasional (6-15),0,7,1,0,Low (<3.5)
3150,57,Male,Sweater,Clothing,70.0,Ohio,M,Black,Summer,4.6,No,Venmo,No,10,Monthly,0,55-64,Mid-High,Occasional (6-15),1,30,0,0,High (4.5+)
3151,43,Male,Blouse,Clothing,90.0,Minnesota,M,Teal,Fall,3.7,Yes,PayPal,Yes,48,Every 3 Months,0,35-44,High,Loyal (31+),1,90,1,1,Medium (3.5-4.4)
3152,27,Female,Sandals,Footwear,96.0,Minnesota,L,White,Summer,4.1,Yes,Debit Card,No,26,Annually,0,25-34,High,Regular (16-30),1,365,0,1,Medium (3.5-4.4)
3153,54,Male,Shorts,Clothing,69.0,Oregon,XL,Olive,Winter,4.9,No,Credit Card,No,29,Annually,0,45-54,Mid-High,Regular (16-30),1,365,0,0,High (4.5+)
3154,70,Female,Jeans,Clothing,62.0,Minnesota,S,Blue,Spring,3.6,No,Debit Card,No,8,Bi-Weekly,0,65+,Mid-High,Occasional (6-15),0,14,0,0,Medium (3.5-4.4)
3155,46,Female,Blouse,Clothing,86.0,Oregon,S,Gray,Winter,2.9,No,Debit Card,Yes,32,Quarterly,0,45-54,High,Loyal (31+),1,90,1,0,Low (<3.5)
3156,26,Female,Shirt,Clothing,99.0,Oregon,L,Black,Fall,3.9,Yes,Venmo,Yes,46,Weekly,0,25-34,High,Loyal (31+),1,7,1,1,Medium (3.5-4.4)
3157,34,Female,Skirt,Clothing,22.0,Vermont,M,Blue,Winter,3.7,No,PayPal,No,48,Weekly,0,25-34,Low,Loyal (31+),1,7,0,0,Medium (3.5-4.4)
3158,49,Male,Skirt,Clothing,45.0,Idaho,M,Pink,Fall,4.5,No,Bank Transfer,No,10,Quarterly,0,45-54,Mid-Low,Occasional (6-15),1,90,0,0,High (4.5+)
3159,70,Male,Handbag,Accessories,47.0,Minnesota,M,Gray,Summer,4.7,Yes,Debit Card,Yes,12,Bi-Weekly,0,65+,Mid-Low,Occasional (6-15),1,14,1,1,High (4.5+)
3160,67,Female,Shorts,Clothing,65.0,Maine,M,Gray,Summer,4.3,Yes,Bank Transfer,Yes,29,Monthly,0,65+,Mid-High,Regular (16-30),1,30,1,1,Medium (3.5-4.4)
3161,67,Male,Hoodie,Outerwear,43.0,New York,M,Teal,Spring,4.9,No,Credit Card,No,45,Fortnightly,0,65+,Mid-Low,Loyal (31+),1,14,0,0,High (4.5+)
3162,62,Male,Jacket,Outerwear,45.0,Florida,S,Red,Winter,3.2,No,Venmo,No,1,Every 3 Months,0,55-64,Mid-Low,New (0-5),0,90,0,0,Low (<3.5)
3163,48,Female,Blouse,Clothing,21.0,Oregon,L,Pink,Spring,3.1,Yes,Credit Card,No,12,Weekly,0,45-54,Low,Occasional (6-15),1,7,0,1,Low (<3.5)
3164,52,Female,Jewelry,Accessories,20.0,Utah,M,Olive,Winter,3.2,No,Credit Card,No,8,Quarterly,0,45-54,Low,Occasional (6-15),0,90,0,0,Low (<3.5)
3165,56,Male,Scarf,Accessories,56.0,Illinois,M,Red,Fall,4.2,No,Credit Card,Yes,40,Quarterly,0,55-64,Mid-Low,Loyal (31+),1,90,1,0,Medium (3.5-4.4)
3166,55,Male,Belt,Accessories,100.0,Alabama,M,Blue,Spring,3.1,No,Debit Card,No,25,Every 3 Months,0,55-64,High,Regular (16-30),1,90,0,0,Low (<3.5)
3167,51,Male,Shorts,Clothing,43.0,Nevada,M,Blue,Winter,2.7,No,Debit Card,No,36,Fortnightly,0,45-54,Mid-Low,Loyal (31+),1,14,0,0,Low (<3.5)
3168,25,Female,Pants,Clothing,39.0,Ohio,L,Pink,Spring,4.9,No,Bank Transfer,Yes,3,Bi-Weekly,0,25-34,Low,New (0-5),0,14,1,0,High (4.5+)
3169,64,Male,Blouse,Clothing,41.0,Utah,L,Blue,Spring,3.3,No,Venmo,No,7,Monthly,0,55-64,Mid-Low,Occasional (6-15),0,30,0,0,Low (<3.5)
3170,18,Male,Gloves,Accessories,98.0,Montana,L,Olive,Fall,3.1,Yes,Venmo,Yes,28,Bi-Weekly,0,18-24,High,Regular (16-30),1,14,1,1,Low (<3.5)
3171,40,Male,Jacket,Outerwear,73.0,Illinois,M,Black,Spring,3.4,Yes,PayPal,Yes,21,Every 3 Months,0,35-44,Mid-High,Regular (16-30),1,90,1,1,Low (<3.5)
3172,41,Female,Gloves,Accessories,72.0,Utah,M,Blue,Spring,2.9,No,Debit Card,No,10,Every 3 Months,0,35-44,Mid-High,Occasional (6-15),1,90,0,0,Low (<3.5)
3173,70,Female,Backpack,Accessories,35.0,Texas,M,Teal,Fall,2.6,No,Bank Transfer,Yes,14,Every 3 Months,0,65+,Low,Occasional (6-15),1,90,1,0,Low (<3.5)
3174,22,Male,Hoodie,Outerwear,93.0,Florida,M,Gray,Winter,3.3,Yes,Cash,No,37,Monthly,0,18-24,High,Loyal (31+),1,30,0,1,Low (<3.5)
3175,43,Male,Backpack,Accessories,35.0,Illinois,M,Pink,Spring,3.3,No,Debit Card,Yes,1,Quarterly,0,35-44,Low,New (0-5),0,90,1,0,Low (<3.5)
3176,36,Male,Dress,Clothing,98.0,Texas,M,Blue,Fall,4.5,No,Venmo,Yes,44,Fortnightly,0,35-44,High,Loyal (31+),1,14,1,0,High (4.5+)
3177,23,Male,Handbag,Accessories,97.0,Minnesota,S,Pink,Fall,3.6,No,Venmo,No,8,Fortnightly,0,18-24,High,Occasional (6-15),0,14,0,0,Medium (3.5-4.4)
3178,29,Male,Shirt,Clothing,65.0,Oregon,M,Teal,Spring,4.3,Yes,Debit Card,Yes,38,Bi-Weekly,0,25-34,Mid-High,Loyal (31+),1,14,1,1,Medium (3.5-4.4)
3179,40,Male,Sweater,Clothing,90.0,California,S,Teal,Spring,4.3,No,PayPal,No,32,Fortnightly,0,35-44,High,Loyal (31+),1,14,0,0,Medium (3.5-4.4)
3180,66,Male,Boots,Footwear,100.0,Alabama,M,Red,Summer,4.5,No,Bank Transfer,Yes,4,Every 3 Months,0,65+,High,New (0-5),0,90,1,0,High (4.5+)
3181,38,Male,Coat,Outerwear,67.0,Florida,M,Olive,Fall,4.8,Yes,Bank Transfer,No,39,Fortnightly,0,35-44,Mid-High,Loyal (31+),1,14,0,1,High (4.5+)
3182,64,Male,Pants,Clothing,82.0,Texas,XL,Teal,Spring,3.7,Yes,Credit Card,No,25,Annually,0,55-64,High,Regular (16-30),1,365,0,1,Medium (3.5-4.4)
3183,56,Male,Slippers,Footwear,67.0,Georgia,M,Pink,Summer,2.8,No,Venmo,Yes,16,Bi-Weekly,0,55-64,Mid-High,Regular (16-30),1,14,1,0,Low (<3.5)
3184,61,Male,Sweater,Clothing,62.0,Maine,S,Teal,Summer,2.6,No,Credit Card,Yes,6,Every 3 Months,0,55-64,Mid-High,Occasional (6-15),0,90,1,0,Low (<3.5)
3185,63,Female,Socks,Clothing,47.0,Montana,M,Black,Fall,3.0,No,Cash,No,6,Weekly,0,55-64,Mid-Low,Occasional (6-15),0,7,0,0,Low (<3.5)
3186,55,Male,Jeans,Clothing,73.0,California,S,Gray,Spring,4.6,No,Cash,Yes,21,Every 3 Months,0,55-64,Mid-High,Regular (16-30),1,90,1,0,High (4.5+)
3187,56,Male,Backpack,Accessories,41.0,Minnesota,L,Pink,Fall,3.9,No,Venmo,Yes,15,Monthly,0,55-64,Mid-Low,Occasional (6-15),1,30,1,0,Medium (3.5-4.4)
3188,26,Female,Belt,Accessories,35.0,Vermont,S,Olive,Winter,2.9,No,Cash,No,42,Every 3 Months,0,25-34,Low,Loyal (31+),1,90,0,0,Low (<3.5)
3189,56,Male,Shirt,Clothing,42.0,Nevada,XL,White,Fall,2.8,No,Cash,Yes,28,Fortnightly,0,55-64,Mid-Low,Regular (16-30),1,14,1,0,Low (<3.5)
3190,20,Female,Socks,Clothing,20.0,Utah,L,Gray,Fall,4.7,No,Debit Card,No,3,Fortnightly,0,18-24,Low,New (0-5),0,14,0,0,High (4.5+)
3191,57,Male,Pants,Clothing,95.0,Montana,M,White,Spring,3.8,No,Debit Card,Yes,44,Annually,0,55-64,High,Loyal (31+),1,365,1,0,Medium (3.5-4.4)
3192,52,Female,Jeans,Clothing,40.0,Vermont,XL,Black,Winter,2.9,No,Credit Card,No,13,Quarterly,0,45-54,Mid-Low,Occasional (6-15),1,90,0,0,Low (<3.5)
3193,58,Male,Slippers,Footwear,84.0,Montana,L,Black,Summer,4.7,No,Cash,No,31,Monthly,0,55-64,High,Loyal (31+),1,30,0,0,High (4.5+)
3194,52,Male,Gloves,Accessories,55.0,Maine,XL,Teal,Spring,4.3,No,Debit Card,No,42,Quarterly,0,45-54,Mid-Low,Loyal (31+),1,90,0,0,Medium (3.5-4.4)
3195,37,Female,Belt,Accessories,47.0,Utah,M,Blue,Fall,3.7,No,Credit Card,No,34,Bi-Weekly,0,35-44,Mid-Low,Loyal (31+),1,14,0,0,Medium (3.5-4.4)
3196,37,Female,Pants,Clothing,38.0,Alabama,XL,Red,Summer,3.7,No,Venmo,Yes,21,Annually,0,35-44,Low,Regular (16-30),1,365,1,0,Medium (3.5-4.4)
3197,49,Male,Sneakers,Footwear,86.0,Alabama,M,Blue,Summer,4.2,No,Cash,Yes,1,Monthly,0,45-54,High,New (0-5),0,30,1,0,Medium (3.5-4.4)
3198,43,Female,Blouse,Clothing,61.0,Texas,M,Teal,Winter,3.3,No,Debit Card,No,12,Weekly,0,35-44,Mid-High,Occasional (6-15),1,7,0,0,Low (<3.5)
3199,36,Male,Skirt,Clothing,56.0,Oregon,XL,Teal,Fall,5.0,No,Debit Card,No,29,Bi-Weekly,0,35-44,Mid-Low,Regular (16-30),1,14,0,0,High (4.5+)
3200,43,Female,Jacket,Outerwear,73.0,California,M,Olive,Summer,4.5,No,Venmo,No,48,Annually,0,35-44,Mid-High,Loyal (31+),1,365,0,0,High (4.5+)
3201,46,Female,Backpack,Accessories,85.0,Illinois,M,Pink,Winter,4.1,No,Cash,No,2,Monthly,0,45-54,High,New (0-5),0,30,0,0,Medium (3.5-4.4)
3202,30,Male,Jacket,Outerwear,73.0,Maine,S,Black,Summer,4.2,Yes,Debit Card,No,8,Every 3 Months,0,25-34,Mid-High,Occasional (6-15),0,90,0,1,Medium (3.5-4.4)
3203,51,Female,Handbag,Accessories,57.0,Maine,S,Teal,Winter,5.0,No,Cash,No,18,Weekly,0,45-54,Mid-Low,Regular (16-30),1,7,0,0,High (4.5+)
3204,34,Female,Hat,Accessories,92.0,Idaho,M,Red,Winter,2.5,Yes,Cash,No,40,Weekly,0,25-34,High,Loyal (31+),1,7,0,1,Low (<3.5)
3205,32,Female,Coat,Outerwear,92.0,Utah,M,Red,Summer,2.6,No,Cash,Yes,48,Fortnightly,0,25-34,High,Loyal (31+),1,14,1,0,Low (<3.5)
3206,40,Male,Dress,Clothing,98.0,Georgia,M,White,Winter,4.5,Yes,Cash,Yes,9,Monthly,0,35-44,High,Occasional (6-15),0,30,1,1,High (4.5+)
3207,23,Female,Shirt,Clothing,27.0,Georgia,L,Teal,Fall,3.0,Yes,Venmo,Yes,30,Quarterly,0,18-24,Low,Regular (16-30),1,90,1,1,Low (<3.5)
3208,49,Male,Sweater,Clothing,92.0,Illinois,S,White,Winter,4.2,Yes,Venmo,Yes,49,Weekly,0,45-54,High,Loyal (31+),1,7,1,1,Medium (3.5-4.4)
3209,56,Male,Pants,Clothing,35.0,Florida,L,Pink,Summer,3.8,No,Bank Transfer,No,50,Annually,0,55-64,Low,Loyal (31+),1,365,0,0,Medium (3.5-4.4)
3210,68,Female,Socks,Clothing,70.0,Idaho,M,Olive,Summer,3.3,No,Cash,Yes,40,Quarterly,0,65+,Mid-High,Loyal (31+),1,90,1,0,Low (<3.5)
3211,33,Male,Skirt,Clothing,73.0,Illinois,L,Pink,Summer,3.1,No,Debit Card,No,39,Bi-Weekly,0,25-34,Mid-High,Loyal (31+),1,14,0,0,Low (<3.5)
3212,46,Female,Belt,Accessories,36.0,California,L,Black,Fall,4.4,No,PayPal,No,14,Monthly,0,45-54,Low,Occasional (6-15),1,30,0,0,Medium (3.5-4.4)
3213,44,Male,Jewelry,Accessories,20.0,Nevada,XL,Olive,Fall,2.9,No,Bank Transfer,No,16,Monthly,0,35-44,Low,Regular (16-30),1,30,0,0,Low (<3.5)
3214,56,Male,Sandals,Footwear,96.0,Oregon,S,Teal,Summer,2.9,No,Bank Transfer,No,50,Every 3 Months,0,55-64,High,Loyal (31+),1,90,0,0,Low (<3.5)
3215,51,Female,Shirt,Clothing,92.0,Illinois,M,Red,Summer,3.6,No,Venmo,No,32,Weekly,0,45-54,High,Loyal (31+),1,7,0,0,Medium (3.5-4.4)
3216,60,Male,Scarf,Accessories,34.0,Idaho,XL,Red,Summer,2.8,No,Debit Card,Yes,6,Quarterly,0,55-64,Low,Occasional (6-15),0,90,1,0,Low (<3.5)
3217,63,Male,Socks,Clothing,68.0,Alabama,L,Black,Fall,4.1,No,Venmo,No,4,Monthly,0,55-64,Mid-High,New (0-5),0,30,0,0,Medium (3.5-4.4)
3218,24,Male,T-shirt,Clothing,32.0,Illinois,S,Red,Spring,5.0,No,PayPal,No,43,Every 3 Months,0,18-24,Low,Loyal (31+),1,90,0,0,High (4.5+)
3219,36,Male,Dress,Clothing,65.0,Georgia,M,Olive,Fall,4.4,Yes,Bank Transfer,No,7,Bi-Weekly,0,35-44,Mid-High,Occasional (6-15),0,14,0,1,Medium (3.5-4.4)
3220,52,Female,Skirt,Clothing,45.0,Idaho,L,Blue,Winter,4.0,No,Debit Card,No,35,Bi-Weekly,0,45-54,Mid-Low,Loyal (31+),1,14,0,0,Medium (3.5-4.4)
3221,46,Male,Shirt,Clothing,80.0,Alabama,M,Olive,Summer,3.7,Yes,Cash,Yes,17,Every 3 Months,1,45-54,Mid-High,Regular (16-30),1,90,1,1,Medium (3.5-4.4)
3222,43,Female,Jewelry,Accessories,66.0,Alabama,L,Black,Summer,5.0,No,PayPal,No,9,Every 3 Months,0,35-44,Mid-High,Occasional (6-15),0,90,0,0,High (4.5+)
3223,27,Female,Handbag,Accessories,60.0,Illinois,L,Olive,Spring,4.7,No,Debit Card,No,6,Every 3 Months,0,25-34,Mid-Low,Occasional (6-15),0,90,0,0,High (4.5+)
3224,48,Female,Hat,Accessories,75.0,Vermont,M,Gray,Fall,4.6,No,Cash,Yes,28,Annually,0,45-54,Mid-High,Regular (16-30),1,365,1,0,High (4.5+)
3225,57,Male,Blouse,Clothing,58.0,Illinois,M,White,Summer,3.1,Yes,Debit Card,No,41,Weekly,0,55-64,Mid-Low,Loyal (31+),1,7,0,1,Low (<3.5)
3226,20,Female,Scarf,Accessories,21.0,Nevada,M,Blue,Winter,2.8,No,PayPal,No,1,Quarterly,0,18-24,Low,New (0-5),0,90,0,0,Low (<3.5)
3227,49,Male,Handbag,Accessories,68.0,Texas,M,White,Winter,2.9,No,Venmo,No,36,Quarterly,0,45-54,Mid-High,Loyal (31+),1,90,0,0,Low (<3.5)
3228,66,Female,Pants,Clothing,83.0,Alabama,M,Gray,Winter,3.1,No,Credit Card,No,29,Fortnightly,0,65+,High,Regular (16-30),1,14,0,0,Low (<3.5)
3229,48,Male,Belt,Accessories,59.0,Nevada,L,Olive,Spring,2.7,No,Debit Card,No,40,Monthly,0,45-54,Mid-Low,Loyal (31+),1,30,0,0,Low (<3.5)
3230,68,Female,Sandals,Footwear,34.0,Idaho,M,Gray,Spring,4.7,Yes,Cash,No,30,Annually,0,65+,Low,Regular (16-30),1,365,0,1,High (4.5+)
3231,36,Male,Jeans,Clothing,20.0,Nevada,L,White,Summer,3.0,No,PayPal,Yes,7,Weekly,0,35-44,Low,Occasional (6-15),0,7,1,0,Low (<3.5)
3232,18,Male,Shorts,Clothing,44.0,Montana,L,White,Fall,3.1,No,Venmo,Yes,21,Every 3 Months,0,18-24,Mid-Low,Regular (16-30),1,90,1,0,Low (<3.5)
3233,54,Female,Boots,Footwear,82.0,Nevada,L,Pink,Spring,4.7,No,Venmo,Yes,50,Bi-Weekly,0,45-54,High,Loyal (31+),1,14,1,0,High (4.5+)
3234,29,Male,Dress,Clothing,46.0,Minnesota,M,Red,Summer,4.9,No,PayPal,No,42,Every 3 Months,0,25-34,Mid-Low,Loyal (31+),1,90,0,0,High (4.5+)
3235,18,Female,Shirt,Clothing,97.0,Minnesota,M,Red,Spring,3.1,No,Bank Transfer,No,18,Monthly,0,18-24,High,Regular (16-30),1,30,0,0,Low (<3.5)
3236,27,Female,Dress,Clothing,46.0,California,L,Blue,Summer,3.2,Yes,Credit Card,No,47,Weekly,0,25-34,Mid-Low,Loyal (31+),1,7,0,1,Low (<3.5)
3237,67,Male,Coat,Outerwear,54.0,Vermont,S,Teal,Summer,4.5,Yes,PayPal,No,1,Weekly,0,65+,Mid-Low,New (0-5),0,7,0,1,High (4.5+)
3238,59,Male,Dress,Clothing,81.0,Montana,M,White,Spring,4.9,Yes,PayPal,No,27,Every 3 Months,0,55-64,High,Regular (16-30),1,90,0,1,High (4.5+)
3239,32,Male,Sweater,Clothing,69.0,Idaho,S,Pink,Summer,4.1,No,Bank Transfer,No,39,Every 3 Months,0,25-34,Mid-High,Loyal (31+),1,90,0,0,Medium (3.5-4.4)
3240,49,Female,Skirt,Clothing,23.0,California,M,Pink,Fall,3.6,No,PayPal,Yes,34,Fortnightly,0,45-54,Low,Loyal (31+),1,14,1,0,Medium (3.5-4.4)
3241,35,Female,Handbag,Accessories,26.0,Vermont,L,White,Winter,4.2,No,PayPal,Yes,9,Quarterly,0,35-44,Low,Occasional (6-15),0,90,1,0,Medium (3.5-4.4)
3242,27,Male,Shoes,Footwear,35.0,Minnesota,M,Black,Winter,4.5,No,Venmo,No,8,Monthly,0,25-34,Low,Occasional (6-15),0,30,0,0,High (4.5+)
3243,70,Female,Belt,Accessories,90.0,New York,M,White,Summer,2.8,No,PayPal,No,38,Weekly,0,65+,High,Loyal (31+),1,7,0,0,Low (<3.5)
3244,61,Male,Jeans,Clothing,21.0,Maine,S,Blue,Winter,3.6,No,PayPal,Yes,50,Quarterly,0,55-64,Low,Loyal (31+),1,90,1,0,Medium (3.5-4.4)
3245,37,Male,Jeans,Clothing,25.0,Montana,M,Olive,Summer,4.6,No,PayPal,Yes,39,Fortnightly,0,35-44,Low,Loyal (31+),1,14,1,0,High (4.5+)
3246,36,Female,Shoes,Footwear,83.0,California,M,Gray,Summer,4.3,No,Venmo,No,43,Bi-Weekly,0,35-44,High,Loyal (31+),1,14,0,0,Medium (3.5-4.4)
3247,61,Female,Shirt,Clothing,70.0,Idaho,L,Red,Winter,2.9,No,Debit Card,Yes,46,Weekly,0,55-64,Mid-High,Loyal (31+),1,7,1,0,Low (<3.5)
3248,42,Male,Handbag,Accessories,99.0,Florida,XL,Red,Summer,4.4,No,Cash,Yes,48,Fortnightly,0,35-44,High,Loyal (31+),1,14,1,0,Medium (3.5-4.4)
3249,37,Male,Jewelry,Accessories,37.0,Vermont,XL,Teal,Fall,4.2,No,Bank Transfer,Yes,40,Annually,0,35-44,Low,Loyal (31+),1,365,1,0,Medium (3.5-4.4)
3250,38,Male,Sneakers,Footwear,73.0,Texas,S,Teal,Spring,3.2,No,PayPal,Yes,39,Monthly,0,35-44,Mid-High,Loyal (31+),1,30,1,0,Low (<3.5)
3251,41,Male,Hoodie,Outerwear,30.0,Georgia,M,Black,Summer,3.4,No,Bank Transfer,No,40,Every 3 Months,0,35-44,Low,Loyal (31+),1,90,0,0,Low (<3.5)
3252,45,Male,Slippers,Footwear,67.0,Utah,M,Pink,Winter,3.3,No,Debit Card,No,17,Bi-Weekly,0,45-54,Mid-High,Regular (16-30),1,14,0,0,Low (<3.5)
3253,20,Female,Shorts,Clothing,28.0,Alabama,L,Blue,Spring,5.0,No,Credit Card,Yes,28,Weekly,0,18-24,Low,Regular (16-30),1,7,1,0,High (4.5+)
3254,43,Male,Sneakers,Footwear,93.0,Idaho,L,Pink,Winter,3.0,No,Debit Card,No,12,Quarterly,0,35-44,High,Occasional (6-15),1,90,0,0,Low (<3.5)
3255,41,Male,Dress,Clothing,53.0,Idaho,L,Teal,Summer,4.6,No,Bank Transfer,No,27,Fortnightly,0,35-44,Mid-Low,Regular (16-30),1,14,0,0,High (4.5+)
3256,32,Female,Sunglasses,Accessories,40.0,Maine,M,Gray,Winter,3.8,No,Debit Card,Yes,26,Weekly,0,25-34,Mid-Low,Regular (16-30),1,7,1,0,Medium (3.5-4.4)
3257,36,Male,Dress,Clothing,99.0,Florida,M,Gray,Summer,4.7,Yes,PayPal,No,4,Monthly,0,35-44,High,New (0-5),0,30,0,1,High (4.5+)
3258,40,Male,Shorts,Clothing,25.0,Georgia,XL,Red,Summer,5.0,No,Cash,Yes,5,Bi-Weekly,0,35-44,Low,New (0-5),0,14,1,0,High (4.5+)
3259,37,Female,Slippers,Footwear,84.0,Ohio,M,Black,Summer,4.9,Yes,Bank Transfer,No,48,Weekly,0,35-44,High,Loyal (31+),1,7,0,1,High (4.5+)
3260,66,Male,Socks,Clothing,61.0,Vermont,L,Black,Spring,4.6,Yes,PayPal,No,28,Quarterly,0,65+,Mid-High,Regular (16-30),1,90,0,1,High (4.5+)
3261,46,Male,T-shirt,Clothing,75.0,Utah,L,Blue,Winter,3.5,Yes,Cash,Yes,2,Monthly,0,45-54,Mid-High,New (0-5),0,30,1,1,Medium (3.5-4.4)
3262,44,Male,Belt,Accessories,41.0,Maine,S,Pink,Fall,3.2,No,Venmo,No,19,Annually,0,35-44,Mid-Low,Regular (16-30),1,365,0,0,Low (<3.5)
3263,31,Male,Shirt,Clothing,91.0,Maine,XL,Blue,Fall,3.3,No,Debit Card,Yes,45,Weekly,0,25-34,High,Loyal (31+),1,7,1,0,Low (<3.5)
3264,66,Male,Slippers,Footwear,56.0,California,L,Red,Summer,4.1,No,Bank Transfer,Yes,37,Monthly,0,65+,Mid-Low,Loyal (31+),1,30,1,0,Medium (3.5-4.4)
3265,19,Male,Socks,Clothing,53.0,Oregon,L,Gray,Winter,3.4,No,Debit Card,Yes,42,Every 3 Months,0,18-24,Mid-Low,Loyal (31+),1,90,1,0,Low (<3.5)
3266,47,Male,Skirt,Clothing,56.0,Vermont,S,Blue,Summer,3.6,No,Cash,No,32,Bi-Weekly,0,45-54,Mid-Low,Loyal (31+),1,14,0,0,Medium (3.5-4.4)
3267,26,Female,Socks,Clothing,44.0,Alabama,S,Red,Spring,2.7,No,Cash,No,36,Fortnightly,0,25-34,Mid-Low,Loyal (31+),1,14,0,0,Low (<3.5)
3268,58,Male,Belt,Accessories,45.0,Georgia,L,Gray,Spring,4.4,No,Venmo,No,13,Annually,0,55-64,Mid-Low,Occasional (6-15),1,365,0,0,Medium (3.5-4.4)
3269,38,Male,Coat,Outerwear,31.0,Minnesota,S,Pink,Winter,2.8,No,Credit Card,No,43,Bi-Weekly,0,35-44,Low,Loyal (31+),1,14,0,0,Low (<3.5)
3270,33,Male,Socks,Clothing,59.0,Illinois,S,Pink,Spring,3.3,No,Cash,No,37,Annually,0,25-34,Mid-Low,Loyal (31+),1,365,0,0,Low (<3.5)
3271,21,Female,Coat,Outerwear,58.0,Oregon,M,Pink,Winter,4.0,No,Cash,Yes,12,Every 3 Months,0,18-24,Mid-Low,Occasional (6-15),1,90,1,0,Medium (3.5-4.4)
3272,59,Male,Boots,Footwear,50.0,Idaho,S,Gray,Summer,3.8,No,Bank Transfer,No,16,Quarterly,0,55-64,Mid-Low,Regular (16-30),1,90,0,0,Medium (3.5-4.4)
3273,39,Female,Scarf,Accessories,99.0,Nevada,L,Olive,Spring,4.7,Yes,Bank Transfer,Yes,39,Every 3 Months,0,35-44,High,Loyal (31+),1,90,1,1,High (4.5+)
3274,32,Male,Belt,Accessories,29.0,Utah,M,White,Winter,4.1,No,PayPal,No,13,Monthly,0,25-34,Low,Occasional (6-15),1,30,0,0,Medium (3.5-4.4)
3275,62,Female,Sunglasses,Accessories,93.0,Idaho,S,White,Fall,4.5,No,Venmo,Yes,34,Quarterly,0,55-64,High,Loyal (31+),1,90,1,0,High (4.5+)
3276,19,Male,Hat,Accessories,90.0,Idaho,M,Teal,Fall,3.3,No,Cash,Yes,21,Fortnightly,0,18-24,High,Regular (16-30),1,14,1,0,Low (<3.5)
3277,42,Male,Shoes,Footwear,21.0,Vermont,S,Gray,Fall,2.8,No,Debit Card,Yes,15,Weekly,0,35-44,Low,Occasional (6-15),1,7,1,0,Low (<3.5)
3278,26,Male,Sneakers,Footwear,76.0,Maine,S,Black,Winter,4.4,Yes,Cash,Yes,8,Quarterly,0,25-34,Mid-High,Occasional (6-15),0,90,1,1,Medium (3.5-4.4)
3279,24,Male,T-shirt,Clothing,36.0,Nevada,M,Red,Spring,2.9,Yes,Venmo,No,37,Every 3 Months,0,18-24,Low,Loyal (31+),1,90,0,1,Low (<3.5)
3280,19,Female,Blouse,Clothing,23.0,New York,M,Teal,Spring,4.6,No,Debit Card,Yes,17,Every 3 Months,0,18-24,Low,Regular (16-30),1,90,1,0,High (4.5+)
3281,27,Male,Jewelry,Accessories,89.0,Vermont,M,Black,Fall,4.9,No,Debit Card,No,28,Every 3 Months,0,25-34,High,Regular (16-30),1,90,0,0,High (4.5+)
3282,68,Female,Shorts,Clothing,29.0,Oregon,L,Red,Fall,3.2,No,Debit Card,No,13,Annually,0,65+,Low,Occasional (6-15),1,365,0,0,Low (<3.5)
3283,41,Male,Sweater,Clothing,44.0,Utah,M,Pink,Fall,4.4,Yes,PayPal,No,8,Quarterly,0,35-44,Mid-Low,Occasional (6-15),0,90,0,1,Medium (3.5-4.4)
3284,70,Female,Skirt,Clothing,27.0,California,M,Teal,Summer,3.6,No,Debit Card,No,2,Fortnightly,0,65+,Low,New (0-5),0,14,0,0,Medium (3.5-4.4)
3285,32,Male,Blouse,Clothing,31.0,Ohio,M,Blue,Fall,3.2,No,PayPal,No,47,Fortnightly,0,25-34,Low,Loyal (31+),1,14,0,0,Low (<3.5)
3286,58,Female,Hat,Accessories,25.0,Oregon,L,Teal,Spring,3.6,Yes,Debit Card,Yes,16,Fortnightly,0,55-64,Low,Regular (16-30),1,14,1,1,Medium (3.5-4.4)
3287,22,Female,Scarf,Accessories,88.0,Montana,M,Olive,Fall,4.1,No,Bank Transfer,Yes,29,Annually,0,18-24,High,Regular (16-30),1,365,1,0,Medium (3.5-4.4)
3288,23,Male,Skirt,Clothing,24.0,Ohio,S,Red,Summer,5.0,No,Cash,Yes,24,Annually,0,18-24,Low,Regular (16-30),1,365,1,0,High (4.5+)
3289,18,Female,Blouse,Clothing,81.0,Montana,L,Pink,Summer,3.3,Yes,Bank Transfer,Yes,19,Every 3 Months,0,18-24,High,Regular (16-30),1,90,1,1,Low (<3.5)
3290,65,Male,Skirt,Clothing,32.0,Utah,L,Pink,Spring,4.3,No,Credit Card,Yes,42,Annually,0,65+,Low,Loyal (31+),1,365,1,0,Medium (3.5-4.4)
3291,53,Male,Skirt,Clothing,94.0,Florida,S,Blue,Winter,3.3,No,Cash,No,46,Bi-Weekly,0,45-54,High,Loyal (31+),1,14,0,0,Low (<3.5)
3292,57,Male,Belt,Accessories,88.0,Illinois,M,Black,Winter,3.1,No,Bank Transfer,Yes,10,Every 3 Months,0,55-64,High,Occasional (6-15),1,90,1,0,Low (<3.5)
3293,67,Male,Sandals,Footwear,70.0,Ohio,L,Pink,Winter,4.1,No,Debit Card,No,2,Fortnightly,0,65+,Mid-High,New (0-5),0,14,0,0,Medium (3.5-4.4)
3294,35,Male,Slippers,Footwear,87.0,California,S,Black,Winter,4.4,Yes,PayPal,No,17,Weekly,0,35-44,High,Regular (16-30),1,7,0,1,Medium (3.5-4.4)
3295,56,Male,Boots,Footwear,44.0,Maine,XL,Pink,Fall,4.3,No,Venmo,Yes,6,Quarterly,0,55-64,Mid-Low,Occasional (6-15),0,90,1,0,Medium (3.5-4.4)
3296,44,Female,Coat,Outerwear,83.0,Illinois,M,Blue,Summer,4.9,Yes,Credit Card,No,2,Quarterly,0,35-44,High,New (0-5),0,90,0,1,High (4.5+)
3297,46,Male,Backpack,Accessories,37.0,Texas,L,Olive,Spring,2.8,No,Debit Card,Yes,41,Quarterly,0,45-54,Low,Loyal (31+),1,90,1,0,Low (<3.5)
3298,53,Male,Boots,Footwear,69.0,California,XL,Gray,Fall,3.9,Yes,Credit Card,No,4,Monthly,0,45-54,Mid-High,New (0-5),0,30,0,1,Medium (3.5-4.4)
3299,42,Male,Sandals,Footwear,94.0,Idaho,XL,Black,Winter,3.2,No,Venmo,Yes,4,Quarterly,0,35-44,High,New (0-5),0,90,1,0,Low (<3.5)
3300,19,Male,Shirt,Clothing,78.0,Vermont,M,Black,Summer,4.5,No,Cash,No,18,Bi-Weekly,0,18-24,Mid-High,Regular (16-30),1,14,0,0,High (4.5+)
3301,21,Female,Hoodie,Outerwear,41.0,New York,L,Olive,Winter,2.7,Yes,Venmo,No,29,Bi-Weekly,0,18-24,Mid-Low,Regular (16-30),1,14,0,1,Low (<3.5)
3302,44,Male,Jeans,Clothing,79.0,California,M,Gray,Spring,2.9,No,Cash,No,25,Fortnightly,0,35-44,Mid-High,Regular (16-30),1,14,0,0,Low (<3.5)
3303,48,Male,Shorts,Clothing,91.0,Oregon,M,Black,Summer,4.4,No,Credit Card,Yes,38,Bi-Weekly,0,45-54,High,Loyal (31+),1,14,1,0,Medium (3.5-4.4)
3304,56,Male,Jacket,Outerwear,92.0,Illinois,L,Teal,Fall,3.4,Yes,Venmo,Yes,38,Bi-Weekly,0,55-64,High,Loyal (31+),1,14,1,1,Low (<3.5)
3305,48,Female,Belt,Accessories,79.0,Texas,M,White,Summer,4.2,No,Bank Transfer,No,1,Fortnightly,0,45-54,Mid-High,New (0-5),0,14,0,0,Medium (3.5-4.4)
3306,27,Male,Pants,Clothing,79.0,Maine,L,Pink,Winter,5.0,No,Venmo,No,39,Monthly,0,25-34,Mid-High,Loyal (31+),1,30,0,0,High (4.5+)
3307,37,Female,Sweater,Clothing,83.0,Florida,S,Black,Summer,3.6,No,Credit Card,No,3,Bi-Weekly,0,35-44,High,New (0-5),0,14,0,0,Medium (3.5-4.4)
3308,41,Male,Dress,Clothing,79.0,Illinois,M,White,Winter,3.8,No,Credit Card,No,46,Fortnightly,0,35-44,Mid-High,Loyal (31+),1,14,0,0,Medium (3.5-4.4)
3309,70,Male,Sneakers,Footwear,30.0,Illinois,M,Gray,Summer,4.9,No,PayPal,Yes,16,Annually,0,65+,Low,Regular (16-30),1,365,1,0,High (4.5+)
3310,46,Male,Sweater,Clothing,85.0,Illinois,M,Gray,Spring,4.4,Yes,PayPal,No,46,Monthly,0,45-54,High,Loyal (31+),1,30,0,1,Medium (3.5-4.4)
3311,51,Male,Jacket,Outerwear,34.0,Florida,S,Gray,Fall,3.0,No,Credit Card,No,50,Weekly,0,45-54,Low,Loyal (31+),1,7,0,0,Low (<3.5)
3312,56,Male,Hoodie,Outerwear,65.0,Florida,M,White,Fall,4.5,No,Bank Transfer,Yes,6,Weekly,0,55-64,Mid-High,Occasional (6-15),0,7,1,0,High (4.5+)
3313,37,Male,Slippers,Footwear,47.0,Ohio,XL,Blue,Fall,3.8,No,Debit Card,Yes,20,Weekly,0,35-44,Mid-Low,Regular (16-30),1,7,1,0,Medium (3.5-4.4)
3314,69,Male,Belt,Accessories,37.0,New York,L,Blue,Spring,4.5,No,Debit Card,No,6,Bi-Weekly,0,65+,Low,Occasional (6-15),0,14,0,0,High (4.5+)
3315,53,Male,Skirt,Clothing,42.0,Montana,L,Red,Summer,4.0,Yes,Bank Transfer,Yes,49,Fortnightly,0,45-54,Mid-Low,Loyal (31+),1,14,1,1,Medium (3.5-4.4)
3316,62,Male,Pants,Clothing,26.0,Georgia,S,Teal,Spring,3.1,Yes,Bank Transfer,Yes,25,Annually,0,55-64,Low,Regular (16-30),1,365,1,1,Low (<3.5)
3317,57,Male,Belt,Accessories,55.0,Florida,M,Red,Winter,4.5,No,PayPal,No,42,Monthly,0,55-64,Mid-Low,Loyal (31+),1,30,0,0,High (4.5+)
3318,50,Male,Sweater,Clothing,53.0,Florida,L,Teal,Spring,2.5,Yes,Credit Card,No,30,Every 3 Months,0,45-54,Mid-Low,Regular (16-30),1,90,0,1,Low (<3.5)
3319,19,Male,Jeans,Clothing,52.0,California,S,Blue,Winter,4.7,No,Debit Card,Yes,43,Fortnightly,0,18-24,Mid-Low,Loyal (31+),1,14,1,0,High (4.5+)
3320,48,Male,Dress,Clothing,27.0,Alabama,M,White,Spring,4.5,Yes,Bank Transfer,No,30,Weekly,0,45-54,Low,Regular (16-30),1,7,0,1,High (4.5+)
3321,24,Female,Jeans,Clothing,69.0,Alabama,XL,Black,Fall,4.9,Yes,Debit Card,Yes,3,Bi-Weekly,0,18-24,Mid-High,New (0-5),0,14,1,1,High (4.5+)
3322,49,Male,Shorts,Clothing,33.0,Texas,S,White,Summer,2.6,Yes,Bank Transfer,Yes,25,Quarterly,0,45-54,Low,Regular (16-30),1,90,1,1,Low (<3.5)
3323,55,Male,Belt,Accessories,89.0,Maine,XL,Blue,Spring,3.6,No,Venmo,Yes,33,Every 3 Months,0,55-64,High,Loyal (31+),1,90,1,0,Medium (3.5-4.4)
3324,46,Male,Belt,Accessories,21.0,Georgia,M,Red,Summer,2.9,No,Cash,No,50,Fortnightly,0,45-54,Low,Loyal (31+),1,14,0,0,Low (<3.5)
3325,34,Female,Handbag,Accessories,24.0,Ohio,M,Olive,Spring,3.4,No,Credit Card,No,42,Bi-Weekly,0,25-34,Low,Loyal (31+),1,14,0,0,Low (<3.5)
3326,21,Male,Jewelry,Accessories,44.0,Minnesota,M,Red,Fall,3.4,No,Debit Card,Yes,26,Monthly,0,18-24,Mid-Low,Regular (16-30),1,30,1,0,Low (<3.5)
3327,53,Male,Jeans,Clothing,53.0,New York,XL,Olive,Winter,4.0,Yes,PayPal,No,41,Bi-Weekly,0,45-54,Mid-Low,Loyal (31+),1,14,0,1,Medium (3.5-4.4)
3328,55,Male,Sunglasses,Accessories,98.0,Oregon,M,Black,Summer,3.6,No,PayPal,Yes,47,Bi-Weekly,0,55-64,High,Loyal (31+),1,14,1,0,Medium (3.5-4.4)
3329,43,Male,Slippers,Footwear,62.0,Minnesota,L,Teal,Summer,4.9,No,Bank Transfer,Yes,44,Annually,0,35-44,Mid-High,Loyal (31+),1,365,1,0,High (4.5+)
3330,55,Female,Shorts,Clothing,50.0,New York,M,White,Spring,3.2,No,Venmo,Yes,50,Annually,0,55-64,Mid-Low,Loyal (31+),1,365,1,0,Low (<3.5)
3331,59,Male,Hoodie,Outerwear,87.0,Maine,L,Black,Summer,3.5,No,Cash,No,18,Bi-Weekly,0,55-64,High,Regular (16-30),1,14,0,0,Medium (3.5-4.4)
3332,45,Male,Jeans,Clothing,39.0,Ohio,M,Red,Winter,4.3,No,Debit Card,Yes,23,Weekly,0,45-54,Low,Regular (16-30),1,7,1,0,Medium (3.5-4.4)
3333,20,Male,Sweater,Clothing,92.0,Nevada,M,Olive,Fall,3.2,No,Debit Card,No,1,Bi-Weekly,0,18-24,High,New (0-5),0,14,0,0,Low (<3.5)
3334,64,Female,Sweater,Clothing,52.0,Oregon,L,White,Winter,4.3,No,Cash,Yes,7,Annually,0,55-64,Mid-Low,Occasional (6-15),0,365,1,0,Medium (3.5-4.4)
3335,42,Female,Socks,Clothing,45.0,Alabama,L,White,Winter,4.3,No,Bank Transfer,No,41,Annually,0,35-44,Mid-Low,Loyal (31+),1,365,0,0,Medium (3.5-4.4)
3336,53,Female,Dress,Clothing,44.0,Montana,L,Pink,Spring,4.3,No,Credit Card,No,17,Quarterly,0,45-54,Mid-Low,Regular (16-30),1,90,0,0,Medium (3.5-4.4)
3337,66,Female,Boots,Footwear,20.0,Maine,S,Pink,Spring,4.2,No,Cash,Yes,22,Quarterly,0,65+,Low,Regular (16-30),1,90,1,0,Medium (3.5-4.4)
3338,37,Female,Sunglasses,Accessories,74.0,Nevada,L,Pink,Summer,4.5,Yes,Cash,No,18,Bi-Weekly,0,35-44,Mid-High,Regular (16-30),1,14,0,1,High (4.5+)
3339,50,Male,Skirt,Clothing,66.0,Minnesota,M,White,Winter,5.0,Yes,Credit Card,No,47,Monthly,0,45-54,Mid-High,Loyal (31+),1,30,0,1,High (4.5+)
3340,19,Male,Slippers,Footwear,71.0,California,XL,Gray,Spring,2.6,No,Debit Card,No,45,Annually,0,18-24,Mid-High,Loyal (31+),1,365,0,0,Low (<3.5)
3341,64,Male,Blouse,Clothing,72.0,Utah,M,Olive,Spring,3.7,No,Credit Card,No,37,Fortnightly,0,55-64,Mid-High,Loyal (31+),1,14,0,0,Medium (3.5-4.4)
3342,21,Male,Sunglasses,Accessories,22.0,Oregon,S,Red,Winter,4.5,Yes,Debit Card,Yes,49,Bi-Weekly,0,18-24,Low,Loyal (31+),1,14,1,1,High (4.5+)
3343,46,Female,Socks,Clothing,91.0,Alabama,M,White,Spring,2.5,No,Debit Card,Yes,28,Annually,0,45-54,High,Regular (16-30),1,365,1,0,Low (<3.5)
3344,36,Male,Blouse,Clothing,61.0,Texas,M,Pink,Summer,3.9,No,Cash,No,9,Quarterly,0,35-44,Mid-High,Occasional (6-15),0,90,0,0,Medium (3.5-4.4)
3345,19,Male,Boots,Footwear,76.0,Nevada,M,Teal,Winter,4.1,Yes,PayPal,No,32,Weekly,0,18-24,Mid-High,Loyal (31+),1,7,0,1,Medium (3.5-4.4)
3346,42,Female,Hat,Accessories,22.0,Minnesota,L,White,Spring,3.0,No,Bank Transfer,Yes,2,Every 3 Months,0,35-44,Low,New (0-5),0,90,1,0,Low (<3.5)
3347,67,Male,Belt,Accessories,81.0,Alabama,L,Olive,Spring,3.5,No,Debit Card,No,21,Weekly,0,65+,High,Regular (16-30),1,7,0,0,Medium (3.5-4.4)
3348,26,Male,Slippers,Footwear,74.0,California,M,Teal,Fall,4.5,No,Credit Card,No,42,Bi-Weekly,0,25-34,Mid-High,Loyal (31+),1,14,0,0,High (4.5+)
3349,33,Male,Backpack,Accessories,49.0,Vermont,M,Gray,Spring,2.7,No,Debit Card,No,10,Annually,0,25-34,Mid-Low,Occasional (6-15),1,365,0,0,Low (<3.5)
3350,28,Female,Pants,Clothing,95.0,Utah,L,Black,Fall,2.8,No,Credit Card,No,28,Weekly,0,25-34,High,Regular (16-30),1,7,0,0,Low (<3.5)
3351,24,Male,Blouse,Clothing,72.0,Georgia,XL,Olive,Fall,4.5,No,Venmo,No,39,Fortnightly,0,18-24,Mid-High,Loyal (31+),1,14,0,0,High (4.5+)
3352,30,Male,Dress,Clothing,93.0,Minnesota,M,Teal,Spring,4.5,No,PayPal,No,38,Annually,0,25-34,High,Loyal (31+),1,365,0,0,High (4.5+)
3353,48,Male,Dress,Clothing,86.0,Vermont,XL,Blue,Fall,4.0,No,Venmo,Yes,30,Quarterly,0,45-54,High,Regular (16-30),1,90,1,0,Medium (3.5-4.4)
3354,59,Female,Shorts,Clothing,36.0,Alabama,S,White,Summer,3.5,No,Debit Card,No,17,Fortnightly,0,55-64,Low,Regular (16-30),1,14,0,0,Medium (3.5-4.4)
3355,54,Male,Shoes,Footwear,100.0,Georgia,L,Blue,Winter,2.8,No,Debit Card,No,13,Bi-Weekly,0,45-54,High,Occasional (6-15),1,14,0,0,Low (<3.5)
3356,58,Male,Sweater,Clothing,80.0,California,L,Pink,Summer,4.5,No,Debit Card,No,8,Annually,0,55-64,Mid-High,Occasional (6-15),0,365,0,0,High (4.5+)
3357,55,Female,Sneakers,Footwear,35.0,Alabama,M,Gray,Fall,3.1,No,Debit Card,Yes,37,Quarterly,0,55-64,Low,Loyal (31+),1,90,1,0,Low (<3.5)
3358,38,Female,Slippers,Footwear,84.0,Texas,S,Black,Summer,4.8,Yes,Debit Card,Yes,14,Bi-Weekly,0,35-44,High,Occasional (6-15),1,14,1,1,High (4.5+)
3359,65,Male,Handbag,Accessories,54.0,Vermont,L,Gray,Winter,4.4,No,Bank Transfer,No,33,Fortnightly,0,65+,Mid-Low,Loyal (31+),1,14,0,0,Medium (3.5-4.4)
3360,27,Male,Backpack,Accessories,90.0,Alabama,M,Pink,Summer,2.7,Yes,Bank Transfer,No,3,Bi-Weekly,0,25-34,High,New (0-5),0,14,0,1,Low (<3.5)
3361,55,Male,Shirt,Clothing,34.0,New York,S,White,Fall,4.1,No,Debit Card,No,15,Bi-Weekly,0,55-64,Low,Occasional (6-15),1,14,0,0,Medium (3.5-4.4)
3362,23,Female,Sweater,Clothing,41.0,Georgia,S,Gray,Winter,4.8,Yes,Cash,Yes,20,Monthly,0,18-24,Mid-Low,Regular (16-30),1,30,1,1,High (4.5+)
3363,58,Male,Shoes,Footwear,48.0,Nevada,L,White,Winter,4.7,No,PayPal,No,39,Weekly,0,55-64,Mid-Low,Loyal (31+),1,7,0,0,High (4.5+)
3364,22,Female,Sneakers,Footwear,56.0,Florida,M,Black,Winter,4.0,No,PayPal,Yes,5,Monthly,0,18-24,Mid-Low,New (0-5),0,30,1,0,Medium (3.5-4.4)
3365,29,Female,Skirt,Clothing,71.0,New York,M,Red,Fall,2.9,No,Venmo,No,24,Fortnightly,0,25-34,Mid-High,Regular (16-30),1,14,0,0,Low (<3.5)
3366,38,Male,Pants,Clothing,37.0,Montana,XL,Pink,Fall,4.2,No,Venmo,No,24,Annually,0,35-44,Low,Regular (16-30),1,365,0,0,Medium (3.5-4.4)
3367,54,Male,Gloves,Accessories,77.0,Alabama,L,Olive,Summer,4.2,Yes,Cash,No,17,Fortnightly,0,45-54,Mid-High,Regular (16-30),1,14,0,1,Medium (3.5-4.4)
3368,20,Female,Handbag,Accessories,21.0,Texas,M,Black,Fall,4.0,Yes,Cash,No,40,Fortnightly,0,18-24,Low,Loyal (31+),1,14,0,1,Medium (3.5-4.4)
3369,31,Female,T-shirt,Clothing,46.0,Montana,M,White,Fall,3.2,Yes,Debit Card,Yes,50,Bi-Weekly,0,25-34,Mid-Low,Loyal (31+),1,14,1,1,Low (<3.5)
3370,35,Female,Boots,Footwear,73.0,Illinois,S,Gray,Fall,4.8,No,Venmo,No,3,Quarterly,0,35-44,Mid-High,New (0-5),0,90,0,0,High (4.5+)
3371,56,Male,Scarf,Accessories,41.0,Vermont,M,Blue,Summer,3.8,No,Credit Card,No,47,Every 3 Months,0,55-64,Mid-Low,Loyal (31+),1,90,0,0,Medium (3.5-4.4)
3372,68,Female,Shorts,Clothing,54.0,Montana,S,Blue,Summer,3.2,Yes,Credit Card,No,45,Bi-Weekly,0,65+,Mid-Low,Loyal (31+),1,14,0,1,Low (<3.5)
3373,50,Female,Sunglasses,Accessories,69.0,Illinois,S,Red,Spring,3.1,No,PayPal,No,43,Quarterly,0,45-54,Mid-High,Loyal (31+),1,90,0,0,Low (<3.5)
3374,44,Female,Skirt,Clothing,40.0,Texas,S,Pink,Fall,3.2,Yes,Cash,No,7,Weekly,0,35-44,Mid-Low,Occasional (6-15),0,7,0,1,Low (<3.5)
3375,35,Male,Sandals,Footwear,98.0,Texas,M,Gray,Spring,3.8,No,Debit Card,No,20,Fortnightly,1,35-44,High,Regular (16-30),1,14,0,0,Medium (3.5-4.4)
3376,61,Male,Jeans,Clothing,88.0,Illinois,M,Pink,Spring,3.1,No,Cash,Yes,33,Bi-Weekly,0,55-64,High,Loyal (31+),1,14,1,0,Low (<3.5)
3377,23,Male,Skirt,Clothing,98.0,Montana,S,Black,Summer,3.8,No,Cash,No,11,Quarterly,0,18-24,High,Occasional (6-15),1,90,0,0,Medium (3.5-4.4)
3378,24,Female,Scarf,Accessories,60.0,Utah,L,Red,Spring,3.0,No,Credit Card,Yes,13,Monthly,0,18-24,Mid-Low,Occasional (6-15),1,30,1,0,Low (<3.5)
3379,28,Female,Slippers,Footwear,47.0,Ohio,S,Gray,Fall,3.2,No,Credit Card,Yes,29,Monthly,0,25-34,Mid-Low,Regular (16-30),1,30,1,0,Low (<3.5)
3380,32,Male,Coat,Outerwear,100.0,Texas,L,Pink,Spring,2.8,No,Bank Transfer,Yes,43,Quarterly,0,25-34,High,Loyal (31+),1,90,1,0,Low (<3.5)
3381,42,Male,Shirt,Clothing,79.0,Montana,M,Gray,Summer,3.4,Yes,Bank Transfer,No,9,Fortnightly,0,35-44,Mid-High,Occasional (6-15),0,14,0,1,Low (<3.5)
3382,68,Male,Scarf,Accessories,84.0,Illinois,M,Teal,Fall,3.5,No,Credit Card,No,1,Fortnightly,0,65+,High,New (0-5),0,14,0,0,Medium (3.5-4.4)
3383,52,Male,Coat,Outerwear,34.0,California,S,Pink,Fall,3.5,No,Cash,No,50,Quarterly,0,45-54,Low,Loyal (31+),1,90,0,0,Medium (3.5-4.4)
3384,38,Female,Boots,Footwear,90.0,Vermont,S,Olive,Fall,4.3,No,Bank Transfer,Yes,22,Annually,0,35-44,High,Regular (16-30),1,365,1,0,Medium (3.5-4.4)
3385,29,Male,Jeans,Clothing,62.0,Maine,L,Red,Summer,3.7,No,Debit Card,No,4,Weekly,0,25-34,Mid-High,New (0-5),0,7,0,0,Medium (3.5-4.4)
3386,52,Male,Hat,Accessories,82.0,Ohio,M,Blue,Summer,4.2,Yes,Credit Card,Yes,49,Bi-Weekly,0,45-54,High,Loyal (31+),1,14,1,1,Medium (3.5-4.4)
3387,31,Female,Shoes,Footwear,86.0,Florida,S,Gray,Winter,2.6,Yes,Cash,No,14,Annually,0,25-34,High,Occasional (6-15),1,365,0,1,Low (<3.5)
3388,69,Male,Jacket,Outerwear,28.0,Idaho,M,Red,Summer,3.6,No,Bank Transfer,Yes,6,Every 3 Months,0,65+,Low,Occasional (6-15),0,90,1,0,Medium (3.5-4.4)
3389,43,Male,Shorts,Clothing,28.0,Vermont,M,Black,Fall,2.7,No,PayPal,Yes,34,Fortnightly,0,35-44,Low,Loyal (31+),1,14,1,0,Low (<3.5)
3390,47,Male,Skirt,Clothing,25.0,Ohio,S,White,Winter,3.7,No,Venmo,Yes,39,Weekly,0,45-54,Low,Loyal (31+),1,7,1,0,Medium (3.5-4.4)
3391,65,Male,Jeans,Clothing,72.0,Ohio,M,Pink,Spring,4.0,No,PayPal,Yes,7,Monthly,0,65+,Mid-High,Occasional (6-15),0,30,1,0,Medium (3.5-4.4)
3392,34,Male,Handbag,Accessories,94.0,Vermont,M,Red,Spring,4.5,No,PayPal,No,37,Quarterly,0,25-34,High,Loyal (31+),1,90,0,0,High (4.5+)
3393,43,Male,Hoodie,Outerwear,22.0,California,M,Teal,Summer,3.9,Yes,Bank Transfer,No,19,Fortnightly,0,35-44,Low,Regular (16-30),1,14,0,1,Medium (3.5-4.4)
3394,46,Male,Shorts,Clothing,31.0,New York,L,White,Summer,3.4,Yes,PayPal,No,16,Bi-Weekly,0,45-54,Low,Regular (16-30),1,14,0,1,Low (<3.5)
3395,32,Male,Jewelry,Accessories,59.0,California,M,Teal,Spring,3.2,No,Venmo,Yes,34,Quarterly,0,25-34,Mid-Low,Loyal (31+),1,90,1,0,Low (<3.5)
3396,20,Male,Coat,Outerwear,51.0,New York,L,Pink,Winter,4.9,Yes,Cash,Yes,4,Monthly,0,18-24,Mid-Low,New (0-5),0,30,1,1,High (4.5+)
3397,33,Male,Dress,Clothing,28.0,Alabama,M,Blue,Fall,3.0,No,Venmo,No,9,Fortnightly,0,25-34,Low,Occasional (6-15),0,14,0,0,Low (<3.5)
3398,23,Male,Skirt,Clothing,69.0,Nevada,M,Gray,Fall,2.6,No,Debit Card,No,42,Every 3 Months,0,18-24,Mid-High,Loyal (31+),1,90,0,0,Low (<3.5)
3399,53,Male,Hat,Accessories,93.0,Oregon,L,Teal,Fall,2.8,No,Venmo,No,50,Annually,0,45-54,High,Loyal (31+),1,365,0,0,Low (<3.5)
3400,18,Male,Scarf,Accessories,37.0,Alabama,M,Olive,Summer,5.0,No,Credit Card,No,46,Every 3 Months,0,18-24,Low,Loyal (31+),1,90,0,0,High (4.5+)
3401,34,Female,Shorts,Clothing,20.0,Montana,S,Teal,Fall,4.8,No,PayPal,Yes,40,Annually,0,25-34,Low,Loyal (31+),1,365,1,0,High (4.5+)
3402,64,Male,Hat,Accessories,38.0,Idaho,XL,Black,Spring,3.3,No,PayPal,No,7,Bi-Weekly,0,55-64,Low,Occasional (6-15),0,14,0,0,Low (<3.5)
3403,48,Male,Shoes,Footwear,34.0,Oregon,XL,White,Fall,2.5,Yes,Debit Card,Yes,16,Weekly,0,45-54,Low,Regular (16-30),1,7,1,1,Low (<3.5)
3404,53,Male,Jewelry,Accessories,57.0,Texas,M,Black,Winter,4.4,No,Debit Card,No,43,Every 3 Months,0,45-54,Mid-Low,Loyal (31+),1,90,0,0,Medium (3.5-4.4)
3405,53,Male,Belt,Accessories,28.0,Vermont,M,Blue,Winter,3.3,Yes,Credit Card,Yes,36,Monthly,0,45-54,Low,Loyal (31+),1,30,1,1,Low (<3.5)
3406,33,Male,Gloves,Accessories,49.0,Utah,L,Pink,Summer,2.6,No,Venmo,Yes,42,Bi-Weekly,0,25-34,Mid-Low,Loyal (31+),1,14,1,0,Low (<3.5)
3407,51,Male,Shoes,Footwear,29.0,Idaho,XL,Teal,Spring,3.6,No,Cash,Yes,21,Fortnightly,0,45-54,Low,Regular (16-30),1,14,1,0,Medium (3.5-4.4)
3408,29,Male,Shorts,Clothing,74.0,Oregon,M,Gray,Winter,3.6,No,Cash,No,29,Weekly,0,25-34,Mid-High,Regular (16-30),1,7,0,0,Medium (3.5-4.4)
3409,51,Female,Shoes,Footwear,58.0,California,S,Red,Fall,3.4,No,Bank Transfer,Yes,37,Fortnightly,0,45-54,Mid-Low,Loyal (31+),1,14,1,0,Low (<3.5)
3410,54,Male,Skirt,Clothing,26.0,California,L,Teal,Winter,4.1,No,Credit Card,No,40,Quarterly,0,45-54,Low,Loyal (31+),1,90,0,0,Medium (3.5-4.4)
3411,64,Male,Scarf,Accessories,23.0,Maine,S,Gray,Summer,4.3,Yes,Debit Card,Yes,37,Fortnightly,0,55-64,Low,Loyal (31+),1,14,1,1,Medium (3.5-4.4)
3412,66,Female,Skirt,Clothing,59.0,New York,L,Gray,Winter,3.9,No,Venmo,Yes,2,Annually,0,65+,Mid-Low,New (0-5),0,365,1,0,Medium (3.5-4.4)
3413,19,Male,Sandals,Footwear,67.0,Vermont,M,Black,Winter,2.5,No,PayPal,No,11,Monthly,0,18-24,Mid-High,Occasional (6-15),1,30,0,0,Low (<3.5)
3414,33,Male,Blouse,Clothing,34.0,Montana,L,White,Spring,2.6,No,PayPal,Yes,25,Weekly,0,25-34,Low,Regular (16-30),1,7,1,0,Low (<3.5)
3415,46,Male,Shirt,Clothing,46.0,Ohio,M,Olive,Fall,4.7,Yes,Credit Card,Yes,35,Quarterly,0,45-54,Mid-Low,Loyal (31+),1,90,1,1,High (4.5+)
3416,35,Male,Skirt,Clothing,69.0,Alabama,M,Olive,Summer,3.0,Yes,Venmo,No,49,Quarterly,0,35-44,Mid-High,Loyal (31+),1,90,0,1,Low (<3.5)
3417,50,Female,Hat,Accessories,58.0,Vermont,M,Red,Fall,3.5,No,Venmo,No,16,Fortnightly,0,45-54,Mid-Low,Regular (16-30),1,14,0,0,Medium (3.5-4.4)
3418,63,Male,Scarf,Accessories,29.0,Florida,M,Olive,Summer,2.8,No,PayPal,No,39,Every 3 Months,0,55-64,Low,Loyal (31+),1,90,0,0,Low (<3.5)
3419,31,Male,Jeans,Clothing,51.0,Maine,M,Olive,Spring,3.1,Yes,Cash,No,34,Every 3 Months,0,25-34,Mid-Low,Loyal (31+),1,90,0,1,Low (<3.5)
3420,65,Female,Handbag,Accessories,36.0,Alabama,M,Black,Summer,3.7,No,Bank Transfer,No,14,Quarterly,0,65+,Low,Occasional (6-15),1,90,0,0,Medium (3.5-4.4)
3421,64,Male,Hat,Accessories,95.0,Utah,L,Pink,Fall,3.1,No,Debit Card,No,9,Weekly,0,55-64,High,Occasional (6-15),0,7,0,0,Low (<3.5)
3422,66,Male,Blouse,Clothing,85.0,Georgia,M,Olive,Summer,4.1,Yes,Venmo,Yes,32,Monthly,0,65+,High,Loyal (31+),1,30,1,1,Medium (3.5-4.4)
3423,21,Male,Scarf,Accessories,45.0,Maine,L,White,Summer,3.4,No,Credit Card,No,17,Annually,0,18-24,Mid-Low,Regular (16-30),1,365,0,0,Low (<3.5)
3424,33,Male,T-shirt,Clothing,39.0,Nevada,M,White,Summer,4.5,No,Venmo,Yes,11,Fortnightly,0,25-34,Low,Occasional (6-15),1,14,1,0,High (4.5+)
3425,24,Male,T-shirt,Clothing,30.0,Utah,L,Teal,Fall,4.0,No,Cash,No,11,Annually,0,18-24,Low,Occasional (6-15),1,365,0,0,Medium (3.5-4.4)
3426,24,Male,Sneakers,Footwear,79.0,Florida,M,Blue,Summer,3.1,No,Bank Transfer,Yes,12,Fortnightly,0,18-24,Mid-High,Occasional (6-15),1,14,1,0,Low (<3.5)
3427,20,Male,Shorts,Clothing,94.0,California,S,Black,Spring,4.5,No,PayPal,No,5,Quarterly,0,18-24,High,New (0-5),0,90,0,0,High (4.5+)
3428,41,Female,Handbag,Accessories,42.0,Utah,M,Black,Fall,4.8,No,Bank Transfer,Yes,10,Bi-Weekly,0,35-44,Mid-Low,Occasional (6-15),1,14,1,0,High (4.5+)
3429,22,Male,Coat,Outerwear,71.0,Montana,S,White,Spring,2.8,No,Bank Transfer,Yes,49,Weekly,0,18-24,Mid-High,Loyal (31+),1,7,1,0,Low (<3.5)
3430,33,Female,Handbag,Accessories,39.0,Florida,L,Olive,Summer,4.2,No,Debit Card,Yes,10,Quarterly,0,25-34,Low,Occasional (6-15),1,90,1,0,Medium (3.5-4.4)
3431,70,Male,Slippers,Footwear,94.0,Illinois,L,Red,Fall,4.1,No,Venmo,Yes,21,Monthly,0,65+,High,Regular (16-30),1,30,1,0,Medium (3.5-4.4)
3432,64,Female,Sneakers,Footwear,44.0,Utah,L,Olive,Summer,4.2,No,Venmo,Yes,25,Bi-Weekly,0,55-64,Mid-Low,Regular (16-30),1,14,1,0,Medium (3.5-4.4)
3433,67,Male,Jacket,Outerwear,27.0,Oregon,L,White,Spring,2.6,Yes,Bank Transfer,No,36,Fortnightly,0,65+,Low,Loyal (31+),1,14,0,1,Low (<3.5)
3434,19,Female,Shirt,Clothing,91.0,Maine,L,White,Summer,2.6,No,Bank Transfer,Yes,16,Monthly,0,18-24,High,Regular (16-30),1,30,1,0,Low (<3.5)
3435,53,Female,Blouse,Clothing,96.0,Oregon,XL,Red,Summer,3.2,Yes,Debit Card,No,42,Weekly,0,45-54,High,Loyal (31+),1,7,0,1,Low (<3.5)
3436,51,Male,Slippers,Footwear,52.0,Texas,L,Pink,Fall,2.7,No,PayPal,Yes,39,Quarterly,0,45-54,Mid-Low,Loyal (31+),1,90,1,0,Low (<3.5)
3437,25,Male,Shorts,Clothing,93.0,Georgia,M,Gray,Fall,3.4,No,Cash,Yes,26,Weekly,0,25-34,High,Regular (16-30),1,7,1,0,Low (<3.5)
3438,66,Female,Sweater,Clothing,39.0,Alabama,S,Pink,Spring,4.7,No,Debit Card,Yes,45,Fortnightly,0,65+,Low,Loyal (31+),1,14,1,0,High (4.5+)
3439,39,Female,Shorts,Clothing,41.0,Ohio,M,Black,Winter,3.4,Yes,Credit Card,No,18,Monthly,0,35-44,Mid-Low,Regular (16-30),1,30,0,1,Low (<3.5)
3440,69,Male,Sandals,Footwear,63.0,Alabama,L,Red,Fall,3.5,No,Debit Card,No,25,Every 3 Months,0,65+,Mid-High,Regular (16-30),1,90,0,0,Medium (3.5-4.4)
3441,24,Female,Sweater,Clothing,68.0,California,M,Red,Spring,3.2,Yes,Cash,No,30,Bi-Weekly,0,18-24,Mid-High,Regular (16-30),1,14,0,1,Low (<3.5)
3442,52,Male,Shirt,Clothing,51.0,Utah,M,Black,Summer,3.6,Yes,Venmo,Yes,10,Quarterly,0,45-54,Mid-Low,Occasional (6-15),1,90,1,1,Medium (3.5-4.4)
3443,24,Male,Jeans,Clothing,84.0,Nevada,L,Blue,Winter,4.5,No,Bank Transfer,No,5,Annually,0,18-24,High,New (0-5),0,365,0,0,High (4.5+)
3444,68,Male,Pants,Clothing,84.0,Montana,M,Blue,Fall,4.6,Yes,Bank Transfer,No,50,Quarterly,0,65+,High,Loyal (31+),1,90,0,1,High (4.5+)
3445,50,Female,Hat,Accessories,29.0,Georgia,M,Red,Summer,3.6,Yes,Cash,No,3,Every 3 Months,0,45-54,Low,New (0-5),0,90,0,1,Medium (3.5-4.4)
3446,22,Male,Sweater,Clothing,100.0,Vermont,L,White,Winter,3.5,No,Debit Card,No,3,Monthly,0,18-24,High,New (0-5),0,30,0,0,Medium (3.5-4.4)
3447,29,Male,Sunglasses,Accessories,32.0,Florida,M,Blue,Fall,3.0,No,Credit Card,Yes,6,Fortnightly,0,25-34,Low,Occasional (6-15),0,14,1,0,Low (<3.5)
3448,37,Male,Hat,Accessories,62.0,Minnesota,M,Teal,Fall,4.9,No,Debit Card,No,28,Bi-Weekly,0,35-44,Mid-High,Regular (16-30),1,14,0,0,High (4.5+)
3449,18,Male,Shorts,Clothing,54.0,Georgia,M,White,Spring,3.3,No,Credit Card,Yes,14,Bi-Weekly,0,18-24,Mid-Low,Occasional (6-15),1,14,1,0,Low (<3.5)
3450,18,Male,Jewelry,Accessories,56.0,Oregon,M,Pink,Fall,3.4,No,Bank Transfer,No,11,Monthly,0,18-24,Mid-Low,Occasional (6-15),1,30,0,0,Low (<3.5)
3451,67,Male,Gloves,Accessories,30.0,Alabama,M,Gray,Spring,3.6,Yes,PayPal,Yes,44,Fortnightly,0,65+,Low,Loyal (31+),1,14,1,1,Medium (3.5-4.4)
3452,70,Female,Boots,Footwear,47.0,Minnesota,S,Black,Winter,2.7,No,Debit Card,No,47,Every 3 Months,0,65+,Mid-Low,Loyal (31+),1,90,0,0,Low (<3.5)
3453,46,Male,Pants,Clothing,22.0,Vermont,M,Red,Spring,3.3,No,Venmo,No,44,Fortnightly,0,45-54,Low,Loyal (31+),1,14,0,0,Low (<3.5)
3454,65,Male,T-shirt,Clothing,98.0,Vermont,L,Gray,Spring,4.8,No,PayPal,Yes,17,Quarterly,0,65+,High,Regular (16-30),1,90,1,0,High (4.5+)
3455,52,Male,Coat,Outerwear,31.0,Florida,S,Blue,Summer,2.7,Yes,Bank Transfer,No,5,Monthly,0,45-54,Low,New (0-5),0,30,0,1,Low (<3.5)
3456,19,Male,Backpack,Accessories,59.0,Montana,M,Blue,Summer,3.1,Yes,PayPal,Yes,48,Every 3 Months,0,18-24,Mid-Low,Loyal (31+),1,90,1,1,Low (<3.5)
3457,55,Male,Jacket,Outerwear,37.0,Illinois,M,Olive,Summer,3.0,Yes,Bank Transfer,Yes,28,Fortnightly,0,55-64,Low,Regular (16-30),1,14,1,1,Low (<3.5)
3458,18,Male,Jewelry,Accessories,34.0,Minnesota,M,Black,Winter,3.1,No,Venmo,Yes,49,Fortnightly,0,18-24,Low,Loyal (31+),1,14,1,0,Low (<3.5)
3459,61,Male,Sweater,Clothing,51.0,Ohio,M,Teal,Summer,4.9,No,Cash,No,9,Fortnightly,0,55-64,Mid-Low,Occasional (6-15),0,14,0,0,High (4.5+)
3460,37,Male,Belt,Accessories,98.0,Georgia,M,Blue,Winter,4.3,No,PayPal,No,48,Every 3 Months,0,35-44,High,Loyal (31+),1,90,0,0,Medium (3.5-4.4)
3461,25,Male,Sneakers,Footwear,58.0,Georgia,M,Red,Spring,4.8,Yes,Credit Card,No,16,Fortnightly,0,25-34,Mid-Low,Regular (16-30),1,14,0,1,High (4.5+)
3462,31,Female,Scarf,Accessories,97.0,Alabama,L,White,Fall,4.6,No,Debit Card,No,40,Bi-Weekly,0,25-34,High,Loyal (31+),1,14,0,0,High (4.5+)
3463,54,Male,T-shirt,Clothing,86.0,California,M,Teal,Spring,4.1,Yes,Debit Card,Yes,6,Weekly,0,45-54,High,Occasional (6-15),0,7,1,1,Medium (3.5-4.4)
3464,62,Male,Dress,Clothing,55.0,Alabama,XL,White,Spring,3.9,Yes,Bank Transfer,Yes,38,Fortnightly,0,55-64,Mid-Low,Loyal (31+),1,14,1,1,Medium (3.5-4.4)
3465,48,Male,Gloves,Accessories,92.0,Illinois,M,Pink,Spring,3.8,No,Bank Transfer,No,24,Every 3 Months,0,45-54,High,Regular (16-30),1,90,0,0,Medium (3.5-4.4)
3466,26,Male,Scarf,Accessories,48.0,Utah,L,Blue,Summer,4.2,Yes,PayPal,No,48,Weekly,0,25-34,Mid-Low,Loyal (31+),1,7,0,1,Medium (3.5-4.4)
3467,65,Male,Sunglasses,Accessories,60.0,Montana,M,Black,Summer,4.3,No,Venmo,No,8,Annually,0,65+,Mid-Low,Occasional (6-15),0,365,0,0,Medium (3.5-4.4)
3468,59,Female,Blouse,Clothing,75.0,Georgia,L,Red,Winter,4.0,No,Bank Transfer,Yes,12,Every 3 Months,0,55-64,Mid-High,Occasional (6-15),1,90,1,0,Medium (3.5-4.4)
3469,39,Male,Socks,Clothing,67.0,Florida,L,Gray,Winter,3.6,Yes,Venmo,No,32,Annually,0,35-44,Mid-High,Loyal (31+),1,365,0,1,Medium (3.5-4.4)
3470,47,Male,Jacket,Outerwear,87.0,California,M,Red,Fall,4.2,Yes,Debit Card,No,41,Quarterly,0,45-54,High,Loyal (31+),1,90,0,1,Medium (3.5-4.4)
3471,69,Male,Shirt,Clothing,33.0,Florida,M,Teal,Summer,2.9,Yes,Debit Card,No,45,Quarterly,0,65+,Low,Loyal (31+),1,90,0,1,Low (<3.5)
3472,38,Male,Boots,Footwear,60.0,Texas,XL,Gray,Summer,3.9,No,Bank Transfer,No,6,Every 3 Months,0,35-44,Mid-Low,Occasional (6-15),0,90,0,0,Medium (3.5-4.4)
3473,19,Female,Shoes,Footwear,73.0,Montana,XL,Pink,Summer,3.8,Yes,Cash,Yes,1,Quarterly,0,18-24,Mid-High,New (0-5),0,90,1,1,Medium (3.5-4.4)
3474,25,Male,Jeans,Clothing,46.0,Illinois,XL,Blue,Spring,3.8,No,PayPal,No,19,Monthly,0,25-34,Mid-Low,Regular (16-30),1,30,0,0,Medium (3.5-4.4)
3475,49,Male,Sandals,Footwear,90.0,Minnesota,S,White,Fall,3.8,No,Bank Transfer,No,5,Bi-Weekly,0,45-54,High,New (0-5),0,14,0,0,Medium (3.5-4.4)
3476,70,Male,T-shirt,Clothing,44.0,Illinois,S,Red,Winter,4.4,No,Cash,Yes,21,Annually,0,65+,Mid-Low,Regular (16-30),1,365,1,0,Medium (3.5-4.4)
3477,57,Male,Scarf,Accessories,44.0,Texas,M,Gray,Fall,4.4,Yes,PayPal,Yes,24,Bi-Weekly,0,55-64,Mid-Low,Regular (16-30),1,14,1,1,Medium (3.5-4.4)
3478,50,Male,Jewelry,Accessories,46.0,Texas,L,Red,Fall,3.3,No,Venmo,No,50,Monthly,0,45-54,Mid-Low,Loyal (31+),1,30,0,0,Low (<3.5)
3479,35,Male,Jacket,Outerwear,74.0,Idaho,S,Pink,Summer,3.4,No,Bank Transfer,No,2,Weekly,0,35-44,Mid-High,New (0-5),0,7,0,0,Low (<3.5)
3480,41,Male,Shoes,Footwear,29.0,California,M,Teal,Winter,2.5,Yes,Debit Card,No,17,Quarterly,0,35-44,Low,Regular (16-30),1,90,0,1,Low (<3.5)
3481,20,Male,Sandals,Footwear,31.0,Florida,M,Black,Winter,2.8,Yes,Cash,No,17,Weekly,0,18-24,Low,Regular (16-30),1,7,0,1,Low (<3.5)
3482,37,Male,Scarf,Accessories,83.0,Nevada,M,Black,Summer,3.2,No,Bank Transfer,No,28,Weekly,0,35-44,High,Regular (16-30),1,7,0,0,Low (<3.5)
3483,51,Male,Jewelry,Accessories,36.0,Alabama,L,Blue,Winter,4.4,No,Credit Card,No,17,Bi-Weekly,0,45-54,Low,Regular (16-30),1,14,0,0,Medium (3.5-4.4)
3484,66,Male,Boots,Footwear,28.0,Alabama,M,Gray,Summer,4.5,No,Bank Transfer,Yes,32,Quarterly,0,65+,Low,Loyal (31+),1,90,1,0,High (4.5+)
3485,66,Female,Handbag,Accessories,41.0,Montana,L,Black,Spring,3.1,No,PayPal,Yes,43,Every 3 Months,0,65+,Mid-Low,Loyal (31+),1,90,1,0,Low (<3.5)
3486,61,Male,Backpack,Accessories,52.0,Georgia,M,White,Summer,4.7,No,PayPal,Yes,34,Quarterly,0,55-64,Mid-Low,Loyal (31+),1,90,1,0,High (4.5+)
3487,19,Female,Jewelry,Accessories,22.0,Georgia,M,Red,Winter,3.4,Yes,PayPal,No,34,Quarterly,0,18-24,Low,Loyal (31+),1,90,0,1,Low (<3.5)
3488,60,Female,Scarf,Accessories,87.0,Ohio,M,Red,Summer,4.5,No,Cash,No,7,Fortnightly,0,55-64,High,Occasional (6-15),0,14,0,0,High (4.5+)
3489,29,Male,Jeans,Clothing,29.0,Minnesota,M,Pink,Winter,3.7,No,Credit Card,No,45,Weekly,0,25-34,Low,Loyal (31+),1,7,0,0,Medium (3.5-4.4)
3490,50,Male,Boots,Footwear,52.0,Illinois,M,Gray,Summer,4.3,No,Debit Card,No,28,Weekly,0,45-54,Mid-Low,Regular (16-30),1,7,0,0,Medium (3.5-4.4)
3491,68,Female,Slippers,Footwear,36.0,Alabama,L,Pink,Summer,3.4,No,Credit Card,No,9,Weekly,0,65+,Low,Occasional (6-15),0,7,0,0,Low (<3.5)
3492,65,Male,Jeans,Clothing,43.0,Utah,M,Pink,Spring,2.7,No,Credit Card,No,32,Bi-Weekly,0,65+,Mid-Low,Loyal (31+),1,14,0,0,Low (<3.5)
3493,53,Male,Backpack,Accessories,23.0,California,S,Red,Winter,3.1,No,Credit Card,Yes,25,Every 3 Months,0,45-54,Low,Regular (16-30),1,90,1,0,Low (<3.5)
3494,33,Male,Hat,Accessories,96.0,Georgia,L,Teal,Summer,4.2,Yes,Bank Transfer,No,46,Weekly,0,25-34,High,Loyal (31+),1,7,0,1,Medium (3.5-4.4)
3495,45,Male,Socks,Clothing,95.0,Alabama,M,Pink,Spring,4.8,No,Credit Card,No,33,Bi-Weekly,0,45-54,High,Loyal (31+),1,14,0,0,High (4.5+)
3496,55,Female,Jewelry,Accessories,30.0,Alabama,M,Red,Spring,4.1,No,Debit Card,No,48,Quarterly,0,55-64,Low,Loyal (31+),1,90,0,0,Medium (3.5-4.4)
3497,45,Female,Gloves,Accessories,35.0,Maine,M,Pink,Fall,4.4,No,Venmo,Yes,49,Weekly,0,45-54,Low,Loyal (31+),1,7,1,0,Medium (3.5-4.4)
3498,39,Female,Scarf,Accessories,91.0,Vermont,M,Blue,Winter,2.5,No,Debit Card,Yes,12,Monthly,0,35-44,High,Occasional (6-15),1,30,1,0,Low (<3.5)
3499,39,Female,Jeans,Clothing,53.0,Vermont,S,White,Winter,4.4,No,Cash,No,15,Bi-Weekly,0,35-44,Mid-Low,Occasional (6-15),1,14,0,0,Medium (3.5-4.4)
3500,49,Male,Sunglasses,Accessories,25.0,Alabama,M,Pink,Spring,4.6,No,Bank Transfer,No,11,Annually,0,45-54,Low,Occasional (6-15),1,365,0,0,High (4.5+)
3501,19,Male,Shorts,Clothing,31.0,Texas,S,Pink,Fall,3.5,No,Cash,Yes,12,Monthly,0,18-24,Low,Occasional (6-15),1,30,1,0,Medium (3.5-4.4)
3502,70,Female,Slippers,Footwear,53.0,Alabama,M,White,Summer,3.7,No,PayPal,No,35,Monthly,0,65+,Mid-Low,Loyal (31+),1,30,0,0,Medium (3.5-4.4)
3503,23,Female,Dress,Clothing,65.0,Illinois,L,Pink,Fall,2.6,Yes,Bank Transfer,Yes,48,Every 3 Months,0,18-24,Mid-High,Loyal (31+),1,90,1,1,Low (<3.5)
3504,70,Female,Scarf,Accessories,71.0,New York,L,Gray,Fall,2.9,No,Cash,Yes,25,Every 3 Months,0,65+,Mid-High,Regular (16-30),1,90,1,0,Low (<3.5)
3505,19,Female,Handbag,Accessories,32.0,Montana,S,Gray,Spring,2.6,No,Credit Card,No,41,Monthly,0,18-24,Low,Loyal (31+),1,30,0,0,Low (<3.5)
3506,45,Male,Shoes,Footwear,49.0,Idaho,S,Pink,Spring,4.3,No,Venmo,Yes,38,Quarterly,0,45-54,Mid-Low,Loyal (31+),1,90,1,0,Medium (3.5-4.4)
3507,40,Male,Sandals,Footwear,41.0,Texas,L,White,Fall,4.5,No,PayPal,No,14,Bi-Weekly,0,35-44,Mid-Low,Occasional (6-15),1,14,0,0,High (4.5+)
3508,48,Female,Belt,Accessories,63.0,Florida,M,Red,Fall,2.8,No,Debit Card,No,43,Quarterly,0,45-54,Mid-High,Loyal (31+),1,90,0,0,Low (<3.5)
3509,40,Male,Belt,Accessories,46.0,Alabama,L,Blue,Winter,3.7,No,Credit Card,No,24,Bi-Weekly,1,35-44,Mid-Low,Regular (16-30),1,14,0,0,Medium (3.5-4.4)
3510,65,Male,Jeans,Clothing,36.0,Ohio,M,Gray,Winter,4.6,No,Debit Card,Yes,1,Bi-Weekly,0,65+,Low,New (0-5),0,14,1,0,High (4.5+)
3511,18,Male,Hoodie,Outerwear,86.0,Maine,S,White,Spring,3.9,No,Debit Card,Yes,36,Every 3 Months,0,18-24,High,Loyal (31+),1,90,1,0,Medium (3.5-4.4)
3512,70,Male,Sunglasses,Accessories,66.0,Utah,M,Black,Fall,4.9,No,Credit Card,No,44,Bi-Weekly,0,65+,Mid-High,Loyal (31+),1,14,0,0,High (4.5+)
3513,54,Male,Hoodie,Outerwear,58.0,Texas,L,Olive,Summer,4.7,No,Venmo,No,13,Monthly,0,45-54,Mid-Low,Occasional (6-15),1,30,0,0,High (4.5+)
3514,59,Male,Hoodie,Outerwear,30.0,Illinois,M,Black,Summer,3.1,No,Venmo,No,14,Weekly,0,55-64,Low,Occasional (6-15),1,7,0,0,Low (<3.5)
3515,25,Male,Backpack,Accessories,25.0,Oregon,S,Red,Spring,4.9,No,Bank Transfer,No,37,Bi-Weekly,0,25-34,Low,Loyal (31+),1,14,0,0,High (4.5+)
3516,21,Male,Backpack,Accessories,84.0,Idaho,S,Teal,Winter,3.6,No,PayPal,Yes,49,Quarterly,0,18-24,High,Loyal (31+),1,90,1,0,Medium (3.5-4.4)
3517,39,Male,Sunglasses,Accessories,98.0,Idaho,L,Teal,Spring,2.9,No,Cash,Yes,14,Monthly,0,35-44,High,Occasional (6-15),1,30,1,0,Low (<3.5)
3518,35,Male,Dress,Clothing,67.0,Minnesota,M,White,Winter,3.0,No,Cash,Yes,22,Bi-Weekly,0,35-44,Mid-High,Regular (16-30),1,14,1,0,Low (<3.5)
3519,59,Female,Boots,Footwear,23.0,Minnesota,L,Teal,Winter,4.2,No,Cash,No,34,Weekly,0,55-64,Low,Loyal (31+),1,7,0,0,Medium (3.5-4.4)
3520,65,Male,Handbag,Accessories,59.0,Idaho,M,Blue,Winter,5.0,No,Bank Transfer,No,43,Monthly,0,65+,Mid-Low,Loyal (31+),1,30,0,0,High (4.5+)
3521,40,Male,Boots,Footwear,42.0,Montana,M,White,Spring,3.6,No,Venmo,No,2,Bi-Weekly,0,35-44,Mid-Low,New (0-5),0,14,0,0,Medium (3.5-4.4)
3522,58,Male,Scarf,Accessories,24.0,Vermont,M,Gray,Summer,3.9,No,Credit Card,No,10,Annually,0,55-64,Low,Occasional (6-15),1,365,0,0,Medium (3.5-4.4)
3523,21,Male,Skirt,Clothing,31.0,Florida,XL,Red,Spring,3.3,No,Bank Transfer,Yes,45,Weekly,0,18-24,Low,Loyal (31+),1,7,1,0,Low (<3.5)
3524,57,Female,Blouse,Clothing,60.0,Oregon,S,Blue,Fall,4.6,No,Credit Card,No,27,Quarterly,0,55-64,Mid-Low,Regular (16-30),1,90,0,0,High (4.5+)
3525,23,Male,Sneakers,Footwear,54.0,California,S,Red,Winter,2.8,Yes,Bank Transfer,No,38,Bi-Weekly,0,18-24,Mid-Low,Loyal (31+),1,14,0,1,Low (<3.5)
3526,53,Male,Skirt,Clothing,65.0,Maine,L,Black,Fall,4.0,No,Cash,No,4,Fortnightly,0,45-54,Mid-High,New (0-5),0,14,0,0,Medium (3.5-4.4)
3527,38,Female,Dress,Clothing,76.0,Minnesota,S,Blue,Spring,4.0,No,Debit Card,Yes,5,Quarterly,0,35-44,Mid-High,New (0-5),0,90,1,0,Medium (3.5-4.4)
3528,40,Male,Dress,Clothing,41.0,Oregon,M,White,Summer,2.5,No,Bank Transfer,Yes,37,Monthly,0,35-44,Mid-Low,Loyal (31+),1,30,1,0,Low (<3.5)
3529,32,Female,Jewelry,Accessories,43.0,Nevada,M,Teal,Spring,4.9,Yes,Bank Transfer,No,19,Weekly,0,25-34,Mid-Low,Regular (16-30),1,7,0,1,High (4.5+)
3530,39,Female,Sneakers,Footwear,74.0,Illinois,L,Red,Summer,4.9,No,Credit Card,Yes,48,Quarterly,0,35-44,Mid-High,Loyal (31+),1,90,1,0,High (4.5+)
3531,64,Male,Shorts,Clothing,35.0,Alabama,M,Gray,Summer,3.7,No,Cash,No,22,Fortnightly,0,55-64,Low,Regular (16-30),1,14,0,0,Medium (3.5-4.4)
3532,60,Female,Sweater,Clothing,26.0,Idaho,L,Red,Winter,4.3,Yes,Credit Card,No,43,Every 3 Months,0,55-64,Low,Loyal (31+),1,90,0,1,Medium (3.5-4.4)
3533,36,Male,Slippers,Footwear,89.0,Georgia,L,Teal,Spring,4.6,No,Venmo,No,28,Fortnightly,0,35-44,High,Regular (16-30),1,14,0,0,High (4.5+)
3534,33,Male,Jeans,Clothing,36.0,New York,M,Pink,Summer,2.8,No,Cash,Yes,35,Every 3 Months,0,25-34,Low,Loyal (31+),1,90,1,0,Low (<3.5)
3535,44,Male,Hat,Accessories,29.0,Maine,M,Olive,Spring,2.7,No,Bank Transfer,No,33,Bi-Weekly,0,35-44,Low,Loyal (31+),1,14,0,0,Low (<3.5)
3536,54,Male,Gloves,Accessories,79.0,Georgia,L,Blue,Winter,4.2,No,Venmo,No,6,Bi-Weekly,0,45-54,Mid-High,Occasional (6-15),0,14,0,0,Medium (3.5-4.4)
3537,27,Male,Pants,Clothing,63.0,Idaho,L,Blue,Summer,3.9,No,Cash,Yes,40,Weekly,0,25-34,Mid-High,Loyal (31+),1,7,1,0,Medium (3.5-4.4)
3538,56,Male,Boots,Footwear,31.0,Minnesota,L,Teal,Winter,4.2,Yes,Credit Card,No,50,Annually,0,55-64,Low,Loyal (31+),1,365,0,1,Medium (3.5-4.4)
3539,68,Male,Sweater,Clothing,88.0,California,S,Teal,Fall,3.9,No,PayPal,No,20,Monthly,0,65+,High,Regular (16-30),1,30,0,0,Medium (3.5-4.4)
3540,62,Male,Socks,Clothing,39.0,Montana,L,Blue,Summer,4.3,No,Debit Card,Yes,18,Fortnightly,0,55-64,Low,Regular (16-30),1,14,1,0,Medium (3.5-4.4)
3541,47,Male,Gloves,Accessories,74.0,Vermont,L,Blue,Fall,2.9,No,Credit Card,Yes,30,Weekly,0,45-54,Mid-High,Regular (16-30),1,7,1,0,Low (<3.5)
3542,34,Male,Boots,Footwear,72.0,Florida,XL,Blue,Spring,3.0,Yes,Bank Transfer,No,32,Fortnightly,0,25-34,Mid-High,Loyal (31+),1,14,0,1,Low (<3.5)
3543,35,Male,Hat,Accessories,87.0,Nevada,M,Pink,Winter,3.1,No,Venmo,No,20,Monthly,0,35-44,High,Regular (16-30),1,30,0,0,Low (<3.5)
3544,57,Male,Socks,Clothing,79.0,Illinois,L,Teal,Winter,3.5,Yes,Venmo,No,14,Weekly,0,55-64,Mid-High,Occasional (6-15),1,7,0,1,Medium (3.5-4.4)
3545,42,Female,Sweater,Clothing,76.0,Texas,L,Teal,Summer,4.4,No,Cash,Yes,49,Bi-Weekly,0,35-44,Mid-High,Loyal (31+),1,14,1,0,Medium (3.5-4.4)
3546,23,Male,Sneakers,Footwear,24.0,Ohio,L,Pink,Spring,4.6,Yes,Credit Card,No,42,Bi-Weekly,0,18-24,Low,Loyal (31+),1,14,0,1,High (4.5+)
3547,53,Female,Boots,Footwear,95.0,Illinois,L,Blue,Summer,3.5,Yes,PayPal,No,29,Annually,0,45-54,High,Regular (16-30),1,365,0,1,Medium (3.5-4.4)
3548,25,Male,Coat,Outerwear,30.0,Montana,L,Blue,Winter,4.0,Yes,Venmo,No,19,Bi-Weekly,0,25-34,Low,Regular (16-30),1,14,0,1,Medium (3.5-4.4)
3549,70,Male,Jeans,Clothing,40.0,Nevada,M,Teal,Fall,3.2,No,Cash,No,18,Weekly,0,65+,Mid-Low,Regular (16-30),1,7,0,0,Low (<3.5)
3550,40,Female,Hat,Accessories,56.0,Ohio,S,Red,Spring,3.7,No,PayPal,No,20,Fortnightly,0,35-44,Mid-Low,Regular (16-30),1,14,0,0,Medium (3.5-4.4)
3551,36,Male,Hat,Accessories,43.0,Maine,M,White,Spring,4.9,No,Debit Card,No,30,Every 3 Months,0,35-44,Mid-Low,Regular (16-30),1,90,0,0,High (4.5+)
3552,20,Male,Slippers,Footwear,68.0,New York,L,Pink,Spring,3.2,No,Cash,Yes,1,Weekly,0,18-24,Mid-High,New (0-5),0,7,1,0,Low (<3.5)
3553,26,Male,Skirt,Clothing,24.0,California,S,Red,Winter,4.5,No,Cash,No,33,Weekly,0,25-34,Low,Loyal (31+),1,7,0,0,High (4.5+)
3554,68,Male,Sandals,Footwear,56.0,Utah,L,Black,Summer,2.6,No,Debit Card,No,29,Weekly,0,65+,Mid-Low,Regular (16-30),1,7,0,0,Low (<3.5)
3555,46,Male,Shorts,Clothing,48.0,New York,XL,Teal,Winter,3.4,Yes,Credit Card,Yes,8,Weekly,0,45-54,Mid-Low,Occasional (6-15),0,7,1,1,Low (<3.5)
3556,65,Male,Hat,Accessories,72.0,Oregon,XL,Blue,Summer,4.1,No,Credit Card,Yes,13,Annually,0,65+,Mid-High,Occasional (6-15),1,365,1,0,Medium (3.5-4.4)
3557,68,Male,Sneakers,Footwear,62.0,Montana,L,Blue,Winter,4.4,No,PayPal,Yes,14,Annually,0,65+,Mid-High,Occasional (6-15),1,365,1,0,Medium (3.5-4.4)
3558,20,Female,Hoodie,Outerwear,81.0,Montana,L,Gray,Winter,4.0,No,Credit Card,Yes,47,Every 3 Months,0,18-24,High,Loyal (31+),1,90,1,0,Medium (3.5-4.4)
3559,38,Male,Scarf,Accessories,33.0,Montana,S,Blue,Fall,4.7,No,Cash,No,47,Weekly,0,35-44,Low,Loyal (31+),1,7,0,0,High (4.5+)
3560,62,Male,Sneakers,Footwear,96.0,Maine,M,Pink,Spring,4.6,No,Credit Card,No,40,Quarterly,0,55-64,High,Loyal (31+),1,90,0,0,High (4.5+)
3561,44,Female,Backpack,Accessories,51.0,Illinois,M,Olive,Spring,4.0,Yes,Venmo,Yes,35,Every 3 Months,0,35-44,Mid-Low,Loyal (31+),1,90,1,1,Medium (3.5-4.4)
3562,44,Male,Slippers,Footwear,48.0,Maine,L,Gray,Spring,3.4,No,Credit Card,Yes,48,Every 3 Months,0,35-44,Mid-Low,Loyal (31+),1,90,1,0,Low (<3.5)
3563,48,Female,Hat,Accessories,64.0,Vermont,M,White,Fall,3.4,No,PayPal,Yes,37,Every 3 Months,0,45-54,Mid-High,Loyal (31+),1,90,1,0,Low (<3.5)
3564,55,Male,Pants,Clothing,33.0,Florida,S,Red,Fall,4.0,No,PayPal,No,20,Quarterly,0,55-64,Low,Regular (16-30),1,90,0,0,Medium (3.5-4.4)
3565,67,Male,Hoodie,Outerwear,85.0,Vermont,L,Blue,Winter,4.1,Yes,Venmo,No,18,Monthly,0,65+,High,Regular (16-30),1,30,0,1,Medium (3.5-4.4)
3566,65,Female,Sunglasses,Accessories,41.0,Utah,M,Teal,Winter,3.5,Yes,Cash,No,34,Weekly,0,65+,Mid-Low,Loyal (31+),1,7,0,1,Medium (3.5-4.4)
3567,51,Male,Handbag,Accessories,95.0,Oregon,L,Pink,Summer,3.5,No,Debit Card,No,21,Every 3 Months,0,45-54,High,Regular (16-30),1,90,0,0,Medium (3.5-4.4)
3568,48,Female,Shoes,Footwear,32.0,Maine,M,Black,Summer,2.9,No,Debit Card,No,23,Annually,0,45-54,Low,Regular (16-30),1,365,0,0,Low (<3.5)
3569,37,Male,Backpack,Accessories,90.0,Texas,L,Gray,Winter,2.5,Yes,Cash,Yes,49,Monthly,0,35-44,High,Loyal (31+),1,30,1,1,Low (<3.5)
3570,24,Female,Shirt,Clothing,51.0,Illinois,M,Pink,Winter,3.7,No,Credit Card,Yes,46,Monthly,0,18-24,Mid-Low,Loyal (31+),1,30,1,0,Medium (3.5-4.4)
3571,55,Male,Backpack,Accessories,69.0,California,L,Gray,Summer,4.6,No,Bank Transfer,No,31,Annually,0,55-64,Mid-High,Loyal (31+),1,365,0,0,High (4.5+)
3572,18,Male,Blouse,Clothing,90.0,New York,L,White,Spring,4.4,No,Cash,No,17,Monthly,0,18-24,High,Regular (16-30),1,30,0,0,Medium (3.5-4.4)
3573,55,Male,T-shirt,Clothing,30.0,Nevada,M,White,Spring,5.0,No,Venmo,No,23,Bi-Weekly,0,55-64,Low,Regular (16-30),1,14,0,0,High (4.5+)
3574,44,Female,Sandals,Footwear,48.0,Minnesota,M,Olive,Winter,4.2,No,Bank Transfer,No,17,Annually,0,35-44,Mid-Low,Regular (16-30),1,365,0,0,Medium (3.5-4.4)
3575,59,Male,Sweater,Clothing,96.0,California,XL,Gray,Summer,3.1,No,Venmo,No,21,Annually,0,55-64,High,Regular (16-30),1,365,0,0,Low (<3.5)
3576,68,Male,Dress,Clothing,32.0,Ohio,M,Gray,Fall,4.2,No,Venmo,Yes,19,Fortnightly,0,65+,Low,Regular (16-30),1,14,1,0,Medium (3.5-4.4)
3577,47,Female,Gloves,Accessories,28.0,Nevada,L,Blue,Winter,4.6,No,Cash,No,23,Fortnightly,0,45-54,Low,Regular (16-30),1,14,0,0,High (4.5+)
3578,48,Male,T-shirt,Clothing,62.0,Vermont,S,Blue,Winter,4.1,No,Debit Card,No,25,Bi-Weekly,0,45-54,Mid-High,Regular (16-30),1,14,0,0,Medium (3.5-4.4)
3579,43,Male,Jewelry,Accessories,22.0,Vermont,L,Red,Summer,3.7,No,PayPal,Yes,33,Fortnightly,0,35-44,Low,Loyal (31+),1,14,1,0,Medium (3.5-4.4)
3580,37,Male,Socks,Clothing,100.0,Texas,M,Gray,Fall,4.0,Yes,Cash,No,45,Every 3 Months,0,35-44,High,Loyal (31+),1,90,0,1,Medium (3.5-4.4)
3581,22,Male,Belt,Accessories,93.0,Georgia,M,Red,Spring,2.6,No,Cash,Yes,27,Annually,0,18-24,High,Regular (16-30),1,365,1,0,Low (<3.5)
3582,19,Male,Hat,Accessories,35.0,Minnesota,M,Teal,Winter,3.2,No,Credit Card,No,11,Monthly,0,18-24,Low,Occasional (6-15),1,30,0,0,Low (<3.5)
3583,56,Male,Blouse,Clothing,33.0,Vermont,M,White,Winter,2.9,Yes,PayPal,Yes,10,Quarterly,0,55-64,Low,Occasional (6-15),1,90,1,1,Low (<3.5)
3584,66,Male,Jewelry,Accessories,83.0,Vermont,M,Red,Summer,3.5,Yes,PayPal,Yes,33,Bi-Weekly,0,65+,High,Loyal (31+),1,14,1,1,Medium (3.5-4.4)
3585,20,Male,Sunglasses,Accessories,62.0,Idaho,L,White,Summer,4.7,No,Credit Card,No,50,Annually,0,18-24,Mid-High,Loyal (31+),1,365,0,0,High (4.5+)
3586,35,Male,Hat,Accessories,86.0,Oregon,L,Black,Fall,3.0,No,Debit Card,No,16,Annually,0,35-44,High,Regular (16-30),1,365,0,0,Low (<3.5)
3587,50,Male,Skirt,Clothing,98.0,Nevada,XL,Red,Summer,2.7,No,Debit Card,Yes,5,Every 3 Months,0,45-54,High,New (0-5),0,90,1,0,Low (<3.5)
3588,55,Female,Slippers,Footwear,52.0,Alabama,L,Black,Fall,4.4,Yes,Bank Transfer,Yes,5,Annually,0,55-64,Mid-Low,New (0-5),0,365,1,1,Medium (3.5-4.4)
3589,56,Male,Sunglasses,Accessories,40.0,New York,L,Blue,Spring,4.7,No,Credit Card,No,14,Weekly,0,55-64,Mid-Low,Occasional (6-15),1,7,0,0,High (4.5+)
3590,54,Male,T-shirt,Clothing,70.0,Utah,M,Olive,Summer,3.8,No,Cash,No,48,Annually,0,45-54,Mid-High,Loyal (31+),1,365,0,0,Medium (3.5-4.4)
3591,22,Male,Jewelry,Accessories,71.0,Utah,XL,Red,Winter,3.4,No,Venmo,No,40,Bi-Weekly,0,18-24,Mid-High,Loyal (31+),1,14,0,0,Low (<3.5)
3592,31,Male,Jeans,Clothing,55.0,Minnesota,M,Olive,Winter,3.6,No,Cash,Yes,40,Fortnightly,0,25-34,Mid-Low,Loyal (31+),1,14,1,0,Medium (3.5-4.4)
3593,42,Female,Sunglasses,Accessories,44.0,Nevada,M,Blue,Spring,4.1,No,Credit Card,No,17,Annually,0,35-44,Mid-Low,Regular (16-30),1,365,0,0,Medium (3.5-4.4)
3594,21,Male,Dress,Clothing,41.0,Ohio,L,Red,Winter,4.6,Yes,Cash,No,48,Every 3 Months,0,18-24,Mid-Low,Loyal (31+),1,90,0,1,High (4.5+)
3595,36,Female,Skirt,Clothing,62.0,Oregon,XL,Teal,Spring,3.0,No,Credit Card,Yes,21,Weekly,0,35-44,Mid-High,Regular (16-30),1,7,1,0,Low (<3.5)
3596,38,Male,Hoodie,Outerwear,54.0,Nevada,M,White,Winter,4.8,Yes,Credit Card,Yes,21,Quarterly,0,35-44,Mid-Low,Regular (16-30),1,90,1,1,High (4.5+)
3597,69,Female,Handbag,Accessories,57.0,New York,S,Gray,Summer,4.1,Yes,Debit Card,Yes,47,Annually,0,65+,Mid-Low,Loyal (31+),1,365,1,1,Medium (3.5-4.4)
3598,34,Female,Backpack,Accessories,27.0,Utah,M,Olive,Summer,4.3,No,Credit Card,Yes,38,Quarterly,0,25-34,Low,Loyal (31+),1,90,1,0,Medium (3.5-4.4)
3599,69,Male,Coat,Outerwear,91.0,Minnesota,L,Blue,Fall,2.7,No,PayPal,No,15,Monthly,0,65+,High,Occasional (6-15),1,30,0,0,Low (<3.5)
3600,55,Female,Blouse,Clothing,77.0,Alabama,M,Blue,Winter,4.8,No,Bank Transfer,Yes,33,Weekly,0,55-64,Mid-High,Loyal (31+),1,7,1,0,High (4.5+)
3601,54,Female,Pants,Clothing,94.0,Minnesota,L,Olive,Summer,3.8,No,Bank Transfer,No,18,Monthly,0,45-54,High,Regular (16-30),1,30,0,0,Medium (3.5-4.4)
3602,61,Male,Socks,Clothing,87.0,Minnesota,M,Black,Summer,3.4,No,Credit Card,No,31,Monthly,0,55-64,High,Loyal (31+),1,30,0,0,Low (<3.5)
3603,62,Male,Sandals,Footwear,70.0,Ohio,M,Blue,Winter,3.5,No,Cash,No,7,Every 3 Months,0,55-64,Mid-High,Occasional (6-15),0,90,0,0,Medium (3.5-4.4)
3604,29,Male,Blouse,Clothing,44.0,Florida,L,Red,Winter,3.2,No,Cash,No,3,Fortnightly,0,25-34,Mid-Low,New (0-5),0,14,0,0,Low (<3.5)
3605,40,Male,Hoodie,Outerwear,72.0,Idaho,M,White,Fall,2.9,No,Venmo,No,49,Fortnightly,0,35-44,Mid-High,Loyal (31+),1,14,0,0,Low (<3.5)
3606,45,Male,Blouse,Clothing,65.0,Utah,L,Gray,Spring,2.6,Yes,Debit Card,Yes,4,Annually,0,45-54,Mid-High,New (0-5),0,365,1,1,Low (<3.5)
3607,69,Male,Shorts,Clothing,94.0,Alabama,S,Gray,Winter,3.2,Yes,Credit Card,Yes,21,Every 3 Months,0,65+,High,Regular (16-30),1,90,1,1,Low (<3.5)
3608,20,Male,T-shirt,Clothing,38.0,California,L,Teal,Fall,3.7,Yes,Cash,No,10,Monthly,0,18-24,Low,Occasional (6-15),1,30,0,1,Medium (3.5-4.4)
3609,43,Male,Sweater,Clothing,22.0,Florida,M,Gray,Fall,4.2,No,PayPal,Yes,1,Monthly,0,35-44,Low,New (0-5),0,30,1,0,Medium (3.5-4.4)
3610,29,Male,Skirt,Clothing,30.0,Illinois,XL,Gray,Spring,4.3,No,Bank Transfer,Yes,38,Quarterly,0,25-34,Low,Loyal (31+),1,90,1,0,Medium (3.5-4.4)
3611,28,Male,Jewelry,Accessories,34.0,Maine,L,Olive,Winter,4.0,No,PayPal,No,15,Fortnightly,0,25-34,Low,Occasional (6-15),1,14,0,0,Medium (3.5-4.4)
3612,58,Male,Shirt,Clothing,73.0,Vermont,M,White,Fall,2.8,No,Credit Card,Yes,40,Fortnightly,0,55-64,Mid-High,Loyal (31+),1,14,1,0,Low (<3.5)
3613,28,Female,Backpack,Accessories,31.0,Oregon,XL,Red,Spring,3.6,No,Venmo,Yes,28,Monthly,0,25-34,Low,Regular (16-30),1,30,1,0,Medium (3.5-4.4)
3614,60,Male,Gloves,Accessories,30.0,Maine,M,Pink,Summer,4.2,Yes,Bank Transfer,No,33,Bi-Weekly,0,55-64,Low,Loyal (31+),1,14,0,1,Medium (3.5-4.4)
3615,70,Female,Scarf,Accessories,52.0,Nevada,M,White,Summer,4.4,No,Debit Card,No,34,Fortnightly,0,65+,Mid-Low,Loyal (31+),1,14,0,0,Medium (3.5-4.4)
3616,59,Female,Backpack,Accessories,83.0,Minnesota,XL,Blue,Winter,3.3,No,Credit Card,No,10,Monthly,0,55-64,High,Occasional (6-15),1,30,0,0,Low (<3.5)
3617,27,Female,T-shirt,Clothing,54.0,Texas,XL,White,Summer,4.8,No,Debit Card,Yes,23,Quarterly,0,25-34,Mid-Low,Regular (16-30),1,90,1,0,High (4.5+)
3618,25,Male,Blouse,Clothing,42.0,Minnesota,L,Teal,Winter,4.5,No,PayPal,No,39,Every 3 Months,0,25-34,Mid-Low,Loyal (31+),1,90,0,0,High (4.5+)
3619,41,Female,Sweater,Clothing,43.0,Utah,XL,Blue,Fall,4.6,No,Credit Card,Yes,12,Quarterly,0,35-44,Mid-Low,Occasional (6-15),1,90,1,0,High (4.5+)
3620,47,Female,Coat,Outerwear,86.0,Nevada,M,Blue,Summer,4.2,No,Venmo,No,6,Quarterly,0,45-54,High,Occasional (6-15),0,90,0,0,Medium (3.5-4.4)
3621,59,Female,Hat,Accessories,55.0,Nevada,M,Pink,Summer,3.5,No,Debit Card,No,21,Monthly,0,55-64,Mid-Low,Regular (16-30),1,30,0,0,Medium (3.5-4.4)
3622,40,Male,T-shirt,Clothing,49.0,Florida,S,Teal,Winter,4.8,Yes,Bank Transfer,No,45,Weekly,0,35-44,Mid-Low,Loyal (31+),1,7,0,1,High (4.5+)
3623,26,Male,Slippers,Footwear,82.0,Illinois,M,Black,Summer,4.8,No,Venmo,No,17,Bi-Weekly,0,25-34,High,Regular (16-30),1,14,0,0,High (4.5+)
3624,70,Male,Hat,Accessories,49.0,Ohio,M,Teal,Fall,4.6,No,Cash,Yes,20,Monthly,0,65+,Mid-Low,Regular (16-30),1,30,1,0,High (4.5+)
3625,65,Male,Belt,Accessories,48.0,Maine,M,Olive,Spring,4.7,No,Venmo,Yes,7,Monthly,0,65+,Mid-Low,Occasional (6-15),0,30,1,0,High (4.5+)
3626,52,Female,Slippers,Footwear,80.0,Maine,M,Pink,Summer,4.8,No,PayPal,Yes,37,Bi-Weekly,0,45-54,Mid-High,Loyal (31+),1,14,1,0,High (4.5+)
3627,54,Female,Gloves,Accessories,46.0,Illinois,S,Black,Fall,4.4,No,Credit Card,No,17,Every 3 Months,0,45-54,Mid-Low,Regular (16-30),1,90,0,0,Medium (3.5-4.4)
3628,67,Male,Handbag,Accessories,61.0,Montana,M,Black,Summer,3.0,No,Cash,No,9,Monthly,0,65+,Mid-High,Occasional (6-15),0,30,0,0,Low (<3.5)
3629,43,Male,Handbag,Accessories,73.0,Illinois,L,Blue,Winter,3.8,No,PayPal,No,6,Bi-Weekly,0,35-44,Mid-High,Occasional (6-15),0,14,0,0,Medium (3.5-4.4)
3630,25,Female,Dress,Clothing,36.0,Georgia,S,Pink,Spring,4.0,No,Credit Card,No,16,Monthly,0,25-34,Low,Regular (16-30),1,30,0,0,Medium (3.5-4.4)
3631,50,Male,Shirt,Clothing,30.0,Alabama,L,Red,Winter,4.4,No,Debit Card,Yes,11,Quarterly,0,45-54,Low,Occasional (6-15),1,90,1,0,Medium (3.5-4.4)
3632,41,Male,Jacket,Outerwear,88.0,Montana,L,Olive,Spring,3.7,No,Bank Transfer,No,25,Weekly,0,35-44,High,Regular (16-30),1,7,0,0,Medium (3.5-4.4)
3633,60,Female,Shoes,Footwear,44.0,Texas,M,White,Summer,3.8,No,Debit Card,Yes,22,Bi-Weekly,0,55-64,Mid-Low,Regular (16-30),1,14,1,0,Medium (3.5-4.4)
3634,58,Female,Socks,Clothing,47.0,Utah,L,Blue,Fall,5.0,No,Bank Transfer,Yes,25,Fortnightly,0,55-64,Mid-Low,Regular (16-30),1,14,1,0,High (4.5+)
3635,42,Male,Sneakers,Footwear,67.0,Illinois,XL,Teal,Summer,3.6,No,Cash,No,19,Bi-Weekly,0,35-44,Mid-High,Regular (16-30),1,14,0,0,Medium (3.5-4.4)
3636,37,Male,Shorts,Clothing,28.0,Montana,S,Red,Fall,2.8,No,Debit Card,Yes,5,Quarterly,0,35-44,Low,New (0-5),0,90,1,0,Low (<3.5)
3637,40,Male,Sunglasses,Accessories,23.0,Idaho,L,Pink,Winter,4.3,No,PayPal,No,39,Fortnightly,0,35-44,Low,Loyal (31+),1,14,0,0,Medium (3.5-4.4)
3638,51,Male,Blouse,Clothing,53.0,Idaho,M,Olive,Summer,3.7,No,Cash,No,28,Monthly,1,45-54,Mid-Low,Regular (16-30),1,30,0,0,Medium (3.5-4.4)
3639,51,Female,Gloves,Accessories,98.0,Illinois,M,White,Fall,3.1,No,Credit Card,No,10,Bi-Weekly,0,45-54,High,Occasional (6-15),1,14,0,0,Low (<3.5)
3640,45,Female,Sandals,Footwear,66.0,Idaho,L,Teal,Winter,4.1,Yes,Venmo,No,4,Weekly,0,45-54,Mid-High,New (0-5),0,7,0,1,Medium (3.5-4.4)
3641,46,Male,T-shirt,Clothing,66.0,Florida,L,Teal,Winter,4.9,No,Cash,Yes,47,Annually,0,45-54,Mid-High,Loyal (31+),1,365,1,0,High (4.5+)
3642,70,Male,T-shirt,Clothing,69.0,Illinois,L,Pink,Spring,3.3,No,Venmo,No,47,Quarterly,0,65+,Mid-High,Loyal (31+),1,90,0,0,Low (<3.5)
3643,31,Male,Belt,Accessories,89.0,Ohio,L,Red,Fall,3.4,No,Bank Transfer,No,10,Bi-Weekly,0,25-34,High,Occasional (6-15),1,14,0,0,Low (<3.5)
3644,27,Male,Blouse,Clothing,87.0,New York,L,Red,Winter,3.7,Yes,Credit Card,No,22,Monthly,0,25-34,High,Regular (16-30),1,30,0,1,Medium (3.5-4.4)
3645,60,Male,Pants,Clothing,21.0,Florida,M,Blue,Winter,4.2,No,Cash,No,30,Annually,0,55-64,Low,Regular (16-30),1,365,0,0,Medium (3.5-4.4)
3646,67,Male,Jewelry,Accessories,63.0,Florida,S,Olive,Winter,3.5,Yes,Cash,No,22,Fortnightly,0,65+,Mid-High,Regular (16-30),1,14,0,1,Medium (3.5-4.4)
3647,50,Female,Sweater,Clothing,64.0,Texas,S,Blue,Spring,3.6,No,Debit Card,No,42,Every 3 Months,0,45-54,Mid-High,Loyal (31+),1,90,0,0,Medium (3.5-4.4)
3648,39,Male,Socks,Clothing,38.0,Utah,M,White,Winter,4.3,No,Venmo,No,29,Weekly,0,35-44,Low,Regular (16-30),1,7,0,0,Medium (3.5-4.4)
3649,36,Female,Shorts,Clothing,98.0,Illinois,L,Black,Winter,5.0,No,Debit Card,Yes,14,Annually,0,35-44,High,Occasional (6-15),1,365,1,0,High (4.5+)
3650,42,Male,Backpack,Accessories,41.0,Ohio,S,Red,Fall,3.3,No,Bank Transfer,No,40,Bi-Weekly,0,35-44,Mid-Low,Loyal (31+),1,14,0,0,Low (<3.5)
3651,20,Female,T-shirt,Clothing,87.0,New York,M,Pink,Spring,4.0,No,PayPal,No,44,Bi-Weekly,0,18-24,High,Loyal (31+),1,14,0,0,Medium (3.5-4.4)
3652,46,Female,Socks,Clothing,28.0,Ohio,M,Pink,Spring,4.5,No,Cash,Yes,4,Every 3 Months,0,45-54,Low,New (0-5),0,90,1,0,High (4.5+)
3653,32,Male,T-shirt,Clothing,68.0,Idaho,M,Pink,Summer,3.0,No,Cash,No,43,Fortnightly,0,25-34,Mid-High,Loyal (31+),1,14,0,0,Low (<3.5)
3654,32,Male,Sweater,Clothing,79.0,Minnesota,M,Gray,Winter,4.5,No,Debit Card,No,36,Weekly,0,25-34,Mid-High,Loyal (31+),1,7,0,0,High (4.5+)
3655,47,Female,Shorts,Clothing,60.0,Vermont,M,Pink,Spring,3.4,Yes,Cash,No,46,Monthly,0,45-54,Mid-Low,Loyal (31+),1,30,0,1,Low (<3.5)
3656,69,Male,Pants,Clothing,28.0,Maine,S,Pink,Fall,2.8,No,Debit Card,Yes,46,Annually,0,65+,Low,Loyal (31+),1,365,1,0,Low (<3.5)
3657,28,Male,Shirt,Clothing,30.0,New York,M,Pink,Spring,2.6,No,PayPal,No,3,Bi-Weekly,0,25-34,Low,New (0-5),0,14,0,0,Low (<3.5)
3658,66,Male,Shorts,Clothing,69.0,California,M,Gray,Winter,2.6,No,Bank Transfer,No,22,Monthly,0,65+,Mid-High,Regular (16-30),1,30,0,0,Low (<3.5)
3659,45,Female,Belt,Accessories,89.0,Florida,XL,Black,Spring,4.5,No,Cash,Yes,4,Bi-Weekly,0,45-54,High,New (0-5),0,14,1,0,High (4.5+)
3660,69,Male,Jeans,Clothing,68.0,Alabama,M,Red,Spring,3.7,No,Bank Transfer,No,1,Every 3 Months,1,65+,Mid-High,New (0-5),0,90,0,0,Medium (3.5-4.4)
3661,38,Male,Dress,Clothing,28.0,Minnesota,M,Pink,Spring,4.5,Yes,Cash,No,46,Annually,0,35-44,Low,Loyal (31+),1,365,0,1,High (4.5+)
3662,70,Male,Belt,Accessories,83.0,California,M,Olive,Fall,4.4,Yes,Credit Card,Yes,13,Annually,0,65+,High,Occasional (6-15),1,365,1,1,Medium (3.5-4.4)
3663,52,Male,Hat,Accessories,57.0,Alabama,L,Black,Winter,3.5,No,PayPal,No,4,Fortnightly,0,45-54,Mid-Low,New (0-5),0,14,0,0,Medium (3.5-4.4)
3664,53,Male,Gloves,Accessories,26.0,Illinois,M,Black,Summer,4.8,No,Cash,Yes,48,Fortnightly,0,45-54,Low,Loyal (31+),1,14,1,0,High (4.5+)
3665,47,Female,Dress,Clothing,49.0,Montana,S,Olive,Fall,4.7,No,Credit Card,Yes,21,Annually,0,45-54,Mid-Low,Regular (16-30),1,365,1,0,High (4.5+)
3666,41,Female,Sweater,Clothing,36.0,Texas,XL,Teal,Fall,3.4,No,Debit Card,Yes,6,Quarterly,0,35-44,Low,Occasional (6-15),0,90,1,0,Low (<3.5)
3667,45,Male,T-shirt,Clothing,99.0,Vermont,XL,Olive,Summer,4.4,Yes,Cash,No,13,Bi-Weekly,0,45-54,High,Occasional (6-15),1,14,0,1,Medium (3.5-4.4)
3668,63,Male,Socks,Clothing,93.0,Idaho,M,Teal,Winter,4.5,Yes,Debit Card,No,1,Bi-Weekly,0,55-64,High,New (0-5),0,14,0,1,High (4.5+)
3669,59,Female,T-shirt,Clothing,28.0,Montana,M,Black,Summer,3.7,No,Bank Transfer,No,34,Fortnightly,0,55-64,Low,Loyal (31+),1,14,0,0,Medium (3.5-4.4)
3670,19,Female,Sandals,Footwear,66.0,California,S,Teal,Spring,2.8,No,Credit Card,Yes,47,Weekly,0,18-24,Mid-High,Loyal (31+),1,7,1,0,Low (<3.5)
3671,54,Male,Shirt,Clothing,20.0,Ohio,S,White,Spring,3.3,No,PayPal,No,20,Bi-Weekly,0,45-54,Low,Regular (16-30),1,14,0,0,Low (<3.5)
3672,62,Male,Gloves,Accessories,57.0,Georgia,S,Teal,Spring,5.0,No,Venmo,No,44,Every 3 Months,0,55-64,Mid-Low,Loyal (31+),1,90,0,0,High (4.5+)
3673,57,Male,Shorts,Clothing,32.0,Alabama,L,Teal,Spring,4.3,No,Bank Transfer,No,18,Quarterly,0,55-64,Low,Regular (16-30),1,90,0,0,Medium (3.5-4.4)
3674,44,Male,Sweater,Clothing,80.0,California,M,Gray,Spring,4.4,No,Bank Transfer,Yes,24,Weekly,0,35-44,Mid-High,Regular (16-30),1,7,1,0,Medium (3.5-4.4)
3675,35,Male,Gloves,Accessories,25.0,California,M,Gray,Spring,4.8,No,PayPal,Yes,11,Weekly,0,35-44,Low,Occasional (6-15),1,7,1,0,High (4.5+)
3676,53,Male,Handbag,Accessories,93.0,Texas,S,Red,Spring,3.0,No,PayPal,No,1,Annually,0,45-54,High,New (0-5),0,365,0,0,Low (<3.5)
3677,53,Male,Blouse,Clothing,38.0,Minnesota,S,Gray,Fall,4.9,Yes,PayPal,No,9,Every 3 Months,0,45-54,Low,Occasional (6-15),0,90,0,1,High (4.5+)
3678,37,Female,Slippers,Footwear,41.0,Minnesota,M,Pink,Spring,3.8,Yes,Cash,Yes,30,Every 3 Months,0,35-44,Mid-Low,Regular (16-30),1,90,1,1,Medium (3.5-4.4)
3679,39,Female,Dress,Clothing,91.0,Illinois,M,Blue,Fall,4.4,No,Venmo,No,5,Annually,0,35-44,High,New (0-5),0,365,0,0,Medium (3.5-4.4)
3680,37,Female,Pants,Clothing,93.0,Utah,M,Blue,Spring,3.7,No,Cash,Yes,41,Quarterly,1,35-44,High,Loyal (31+),1,90,1,0,Medium (3.5-4.4)
3681,20,Male,Sunglasses,Accessories,27.0,Minnesota,M,Teal,Winter,3.3,Yes,Debit Card,No,46,Bi-Weekly,0,18-24,Low,Loyal (31+),1,14,0,1,Low (<3.5)
3682,19,Male,T-shirt,Clothing,28.0,Oregon,M,Pink,Summer,3.4,No,Cash,Yes,15,Quarterly,0,18-24,Low,Occasional (6-15),1,90,1,0,Low (<3.5)
3683,22,Male,Blouse,Clothing,89.0,Oregon,L,Gray,Summer,3.4,No,Venmo,No,14,Quarterly,0,18-24,High,Occasional (6-15),1,90,0,0,Low (<3.5)
3684,40,Female,Boots,Footwear,99.0,Montana,M,White,Fall,2.7,Yes,Venmo,Yes,9,Every 3 Months,0,35-44,High,Occasional (6-15),0,90,1,1,Low (<3.5)
3685,45,Male,Socks,Clothing,59.0,Illinois,M,Teal,Winter,3.3,No,PayPal,No,21,Monthly,0,45-54,Mid-Low,Regular (16-30),1,30,0,0,Low (<3.5)
3686,39,Male,T-shirt,Clothing,33.0,Utah,L,Teal,Winter,4.1,Yes,Credit Card,No,46,Weekly,0,35-44,Low,Loyal (31+),1,7,0,1,Medium (3.5-4.4)
3687,68,Female,Pants,Clothing,32.0,Utah,L,Blue,Summer,4.8,No,PayPal,Yes,20,Quarterly,0,65+,Low,Regular (16-30),1,90,1,0,High (4.5+)
3688,29,Female,Hoodie,Outerwear,41.0,New York,M,Gray,Summer,2.6,No,Debit Card,Yes,39,Every 3 Months,0,25-34,Mid-Low,Loyal (31+),1,90,1,0,Low (<3.5)
3689,38,Male,Belt,Accessories,75.0,Idaho,M,Red,Summer,2.5,No,Debit Card,No,17,Annually,0,35-44,Mid-High,Regular (16-30),1,365,0,0,Low (<3.5)
3690,31,Female,Sweater,Clothing,27.0,Alabama,S,Pink,Spring,4.0,No,Credit Card,Yes,23,Fortnightly,0,25-34,Low,Regular (16-30),1,14,1,0,Medium (3.5-4.4)
3691,33,Male,Skirt,Clothing,71.0,Vermont,S,Olive,Summer,4.2,No,Cash,Yes,25,Annually,0,25-34,Mid-High,Regular (16-30),1,365,1,0,Medium (3.5-4.4)
3692,48,Male,Jewelry,Accessories,85.0,Florida,L,Red,Winter,4.0,Yes,Debit Card,No,46,Weekly,0,45-54,High,Loyal (31+),1,7,0,1,Medium (3.5-4.4)
3693,34,Male,Blouse,Clothing,31.0,California,M,Teal,Summer,4.9,No,Debit Card,Yes,25,Every 3 Months,0,25-34,Low,Regular (16-30),1,90,1,0,High (4.5+)
3694,34,Male,Sandals,Footwear,99.0,Oregon,S,Gray,Summer,3.1,No,Credit Card,No,31,Bi-Weekly,0,25-34,High,Loyal (31+),1,14,0,0,Low (<3.5)
3695,53,Female,Gloves,Accessories,99.0,Idaho,S,Red,Spring,3.7,Yes,Debit Card,No,43,Weekly,0,45-54,High,Loyal (31+),1,7,0,1,Medium (3.5-4.4)
3696,62,Male,Shorts,Clothing,44.0,Alabama,M,Teal,Summer,4.8,No,Debit Card,Yes,48,Bi-Weekly,0,55-64,Mid-Low,Loyal (31+),1,14,1,0,High (4.5+)
3697,29,Male,Shirt,Clothing,29.0,Nevada,M,Red,Spring,4.0,Yes,Credit Card,Yes,45,Monthly,0,25-34,Low,Loyal (31+),1,30,1,1,Medium (3.5-4.4)
3698,23,Female,Shorts,Clothing,46.0,Minnesota,M,Red,Summer,3.9,No,Cash,Yes,6,Fortnightly,0,18-24,Mid-Low,Occasional (6-15),0,14,1,0,Medium (3.5-4.4)
3699,30,Male,Blouse,Clothing,40.0,Oregon,M,Red,Summer,4.8,No,Credit Card,No,6,Monthly,0,25-34,Mid-Low,Occasional (6-15),0,30,0,0,High (4.5+)
3700,48,Male,Shorts,Clothing,42.0,Idaho,L,White,Winter,3.3,No,Venmo,Yes,22,Quarterly,0,45-54,Mid-Low,Regular (16-30),1,90,1,0,Low (<3.5)
3701,68,Male,Sunglasses,Accessories,94.0,Utah,L,Blue,Fall,2.9,No,Bank Transfer,No,18,Annually,0,65+,High,Regular (16-30),1,365,0,0,Low (<3.5)
3702,26,Male,Blouse,Clothing,32.0,Texas,XL,Black,Summer,2.8,No,PayPal,No,34,Monthly,0,25-34,Low,Loyal (31+),1,30,0,0,Low (<3.5)
3703,20,Male,Boots,Footwear,45.0,Alabama,L,Olive,Fall,4.6,No,Cash,No,22,Quarterly,0,18-24,Mid-Low,Regular (16-30),1,90,0,0,High (4.5+)
3704,45,Male,Scarf,Accessories,83.0,Vermont,XL,Gray,Winter,4.6,No,Venmo,Yes,21,Annually,0,45-54,High,Regular (16-30),1,365,1,0,High (4.5+)
3705,70,Female,Jeans,Clothing,24.0,Nevada,XL,Teal,Spring,3.1,No,Credit Card,Yes,5,Weekly,0,65+,Low,New (0-5),0,7,1,0,Low (<3.5)
3706,47,Male,T-shirt,Clothing,24.0,New York,M,Gray,Summer,3.6,No,PayPal,No,18,Every 3 Months,0,45-54,Low,Regular (16-30),1,90,0,0,Medium (3.5-4.4)
3707,66,Male,Pants,Clothing,44.0,Montana,M,Black,Fall,4.0,No,PayPal,No,29,Annually,0,65+,Mid-Low,Regular (16-30),1,365,0,0,Medium (3.5-4.4)
3708,52,Male,Backpack,Accessories,98.0,Vermont,S,Gray,Spring,2.8,No,Credit Card,No,35,Every 3 Months,0,45-54,High,Loyal (31+),1,90,0,0,Low (<3.5)
3709,19,Female,Dress,Clothing,87.0,Georgia,L,White,Fall,4.6,No,Debit Card,Yes,9,Annually,0,18-24,High,Occasional (6-15),0,365,1,0,High (4.5+)
3710,40,Male,Jewelry,Accessories,95.0,Idaho,L,Black,Spring,3.5,No,Debit Card,No,31,Annually,0,35-44,High,Loyal (31+),1,365,0,0,Medium (3.5-4.4)
3711,58,Male,Belt,Accessories,89.0,Vermont,S,Olive,Winter,4.7,No,Credit Card,Yes,29,Quarterly,0,55-64,High,Regular (16-30),1,90,1,0,High (4.5+)
3712,45,Female,Hat,Accessories,29.0,Maine,L,Black,Winter,4.4,No,Credit Card,No,15,Every 3 Months,0,45-54,Low,Occasional (6-15),1,90,0,0,Medium (3.5-4.4)
3713,28,Male,Jacket,Outerwear,52.0,New York,L,Red,Spring,3.2,Yes,Credit Card,No,45,Bi-Weekly,0,25-34,Mid-Low,Loyal (31+),1,14,0,1,Low (<3.5)
3714,27,Male,Sunglasses,Accessories,62.0,Utah,L,Teal,Fall,4.3,Yes,Bank Transfer,Yes,23,Weekly,0,25-34,Mid-High,Regular (16-30),1,7,1,1,Medium (3.5-4.4)
3715,53,Male,Handbag,Accessories,33.0,Ohio,M,Blue,Spring,4.4,No,Venmo,No,14,Weekly,0,45-54,Low,Occasional (6-15),1,7,0,0,Medium (3.5-4.4)
3716,42,Male,Scarf,Accessories,100.0,Oregon,S,Olive,Fall,3.3,Yes,Venmo,No,36,Fortnightly,0,35-44,High,Loyal (31+),1,14,0,1,Low (<3.5)
3717,48,Female,Scarf,Accessories,68.0,Idaho,M,Red,Fall,3.1,Yes,Credit Card,Yes,10,Every 3 Months,0,45-54,Mid-High,Occasional (6-15),1,90,1,1,Low (<3.5)
3718,37,Male,Sunglasses,Accessories,89.0,California,S,Black,Winter,4.6,No,Credit Card,Yes,32,Bi-Weekly,0,35-44,High,Loyal (31+),1,14,1,0,High (4.5+)
3719,35,Male,Jacket,Outerwear,40.0,Ohio,M,White,Spring,4.2,No,Bank Transfer,No,35,Every 3 Months,0,35-44,Mid-Low,Loyal (31+),1,90,0,0,Medium (3.5-4.4)
3720,53,Male,Sandals,Footwear,77.0,Minnesota,M,Black,Fall,4.3,Yes,Bank Transfer,No,23,Bi-Weekly,0,45-54,Mid-High,Regular (16-30),1,14,0,1,Medium (3.5-4.4)
3721,18,Male,Handbag,Accessories,28.0,Vermont,M,White,Winter,3.7,No,Venmo,Yes,11,Every 3 Months,1,18-24,Low,Occasional (6-15),1,90,1,0,Medium (3.5-4.4)
3722,41,Male,Sandals,Footwear,21.0,California,M,White,Spring,4.3,No,Credit Card,Yes,14,Annually,0,35-44,Low,Occasional (6-15),1,365,1,0,Medium (3.5-4.4)
3723,37,Female,Sunglasses,Accessories,71.0,Maine,M,Teal,Summer,4.3,No,Credit Card,No,12,Bi-Weekly,0,35-44,Mid-High,Occasional (6-15),1,14,0,0,Medium (3.5-4.4)
3724,59,Male,Shorts,Clothing,25.0,Texas,M,Pink,Fall,3.3,No,Bank Transfer,Yes,6,Monthly,0,55-64,Low,Occasional (6-15),0,30,1,0,Low (<3.5)
3725,56,Female,Belt,Accessories,42.0,Utah,XL,Blue,Spring,3.2,Yes,Venmo,Yes,50,Monthly,0,55-64,Mid-Low,Loyal (31+),1,30,1,1,Low (<3.5)
3726,40,Female,Handbag,Accessories,84.0,Vermont,S,Olive,Spring,3.6,No,PayPal,Yes,43,Annually,0,35-44,High,Loyal (31+),1,365,1,0,Medium (3.5-4.4)
3727,31,Male,Coat,Outerwear,60.0,Georgia,XL,White,Winter,4.3,No,Credit Card,No,27,Bi-Weekly,0,25-34,Mid-Low,Regular (16-30),1,14,0,0,Medium (3.5-4.4)
3728,30,Female,Shorts,Clothing,50.0,Minnesota,S,Olive,Fall,3.0,No,Venmo,Yes,42,Bi-Weekly,0,25-34,Mid-Low,Loyal (31+),1,14,1,0,Low (<3.5)
3729,29,Female,Backpack,Accessories,43.0,Oregon,M,White,Spring,4.7,Yes,Bank Transfer,Yes,33,Every 3 Months,0,25-34,Mid-Low,Loyal (31+),1,90,1,1,High (4.5+)
3730,32,Male,Scarf,Accessories,74.0,Idaho,XL,Olive,Winter,3.1,No,Bank Transfer,Yes,31,Annually,0,25-34,Mid-High,Loyal (31+),1,365,1,0,Low (<3.5)
3731,58,Male,Hoodie,Outerwear,97.0,Nevada,L,Blue,Fall,4.6,No,Debit Card,Yes,36,Weekly,0,55-64,High,Loyal (31+),1,7,1,0,High (4.5+)
3732,20,Male,Scarf,Accessories,79.0,Alabama,L,Pink,Summer,2.9,No,Credit Card,No,29,Weekly,0,18-24,Mid-High,Regular (16-30),1,7,0,0,Low (<3.5)
3733,19,Male,Slippers,Footwear,49.0,Alabama,L,Pink,Winter,4.3,No,Debit Card,Yes,29,Annually,0,18-24,Mid-Low,Regular (16-30),1,365,1,0,Medium (3.5-4.4)
3734,46,Female,Sneakers,Footwear,54.0,Texas,M,Blue,Summer,3.9,No,Debit Card,Yes,7,Monthly,0,45-54,Mid-Low,Occasional (6-15),0,30,1,0,Medium (3.5-4.4)
3735,29,Male,Socks,Clothing,28.0,Idaho,L,Black,Summer,4.2,No,Bank Transfer,No,31,Monthly,0,25-34,Low,Loyal (31+),1,30,0,0,Medium (3.5-4.4)
3736,62,Male,Coat,Outerwear,31.0,Texas,S,Blue,Fall,4.9,Yes,Credit Card,No,23,Annually,0,55-64,Low,Regular (16-30),1,365,0,1,High (4.5+)
3737,57,Male,Sweater,Clothing,41.0,New York,L,Blue,Spring,2.6,Yes,Bank Transfer,No,13,Bi-Weekly,0,55-64,Mid-Low,Occasional (6-15),1,14,0,1,Low (<3.5)
3738,58,Male,Belt,Accessories,51.0,Illinois,XL,Red,Spring,2.9,Yes,Debit Card,Yes,25,Monthly,0,55-64,Mid-Low,Regular (16-30),1,30,1,1,Low (<3.5)
3739,42,Female,Backpack,Accessories,100.0,Ohio,L,Gray,Spring,2.7,Yes,Debit Card,No,42,Every 3 Months,0,35-44,High,Loyal (31+),1,90,0,1,Low (<3.5)
3740,41,Female,Boots,Footwear,90.0,Maine,L,Teal,Summer,3.8,Yes,Credit Card,No,24,Every 3 Months,0,35-44,High,Regular (16-30),1,90,0,1,Medium (3.5-4.4)
3741,40,Female,Socks,Clothing,29.0,Texas,L,Black,Spring,4.5,No,Bank Transfer,No,24,Quarterly,0,35-44,Low,Regular (16-30),1,90,0,0,High (4.5+)
3742,28,Male,Socks,Clothing,46.0,California,M,Gray,Fall,2.6,No,Credit Card,Yes,13,Bi-Weekly,0,25-34,Mid-Low,Occasional (6-15),1,14,1,0,Low (<3.5)
3743,48,Male,Sunglasses,Accessories,24.0,Ohio,M,White,Winter,4.4,Yes,PayPal,Yes,41,Quarterly,0,45-54,Low,Loyal (31+),1,90,1,1,Medium (3.5-4.4)
3744,63,Female,Slippers,Footwear,25.0,Texas,L,Gray,Summer,3.6,No,Credit Card,Yes,7,Every 3 Months,0,55-64,Low,Occasional (6-15),0,90,1,0,Medium (3.5-4.4)
3745,31,Male,Socks,Clothing,50.0,Florida,L,Olive,Spring,4.9,No,PayPal,No,42,Annually,0,25-34,Mid-Low,Loyal (31+),1,365,0,0,High (4.5+)
3746,21,Female,Sunglasses,Accessories,97.0,New York,M,Pink,Spring,3.5,Yes,Venmo,Yes,47,Quarterly,0,18-24,High,Loyal (31+),1,90,1,1,Medium (3.5-4.4)
3747,47,Male,Shorts,Clothing,34.0,California,L,Gray,Spring,5.0,Yes,Bank Transfer,No,9,Annually,0,45-54,Low,Occasional (6-15),0,365,0,1,High (4.5+)
3748,39,Male,Hat,Accessories,75.0,Idaho,S,White,Fall,3.9,No,Bank Transfer,No,28,Every 3 Months,0,35-44,Mid-High,Regular (16-30),1,90,0,0,Medium (3.5-4.4)
3749,60,Male,Pants,Clothing,51.0,Minnesota,L,Teal,Summer,5.0,No,Credit Card,No,30,Every 3 Months,0,55-64,Mid-Low,Regular (16-30),1,90,0,0,High (4.5+)
3750,63,Male,Jeans,Clothing,63.0,Florida,L,Red,Summer,4.1,No,Bank Transfer,No,44,Monthly,0,55-64,Mid-High,Loyal (31+),1,30,0,0,Medium (3.5-4.4)
3751,68,Male,Pants,Clothing,90.0,Oregon,M,Red,Winter,3.4,Yes,Credit Card,No,17,Monthly,0,65+,High,Regular (16-30),1,30,0,1,Low (<3.5)
3752,38,Female,Sandals,Footwear,87.0,Florida,S,Olive,Summer,4.5,No,Debit Card,Yes,34,Quarterly,0,35-44,High,Loyal (31+),1,90,1,0,High (4.5+)
3753,65,Male,Boots,Footwear,87.0,Alabama,L,Blue,Fall,3.7,No,PayPal,No,5,Annually,0,65+,High,New (0-5),0,365,0,0,Medium (3.5-4.4)
3754,24,Male,Handbag,Accessories,53.0,Nevada,M,Teal,Winter,3.3,No,Debit Card,Yes,42,Monthly,0,18-24,Mid-Low,Loyal (31+),1,30,1,0,Low (<3.5)
3755,37,Female,Boots,Footwear,23.0,Montana,XL,Black,Spring,3.7,No,Cash,Yes,38,Quarterly,0,35-44,Low,Loyal (31+),1,90,1,0,Medium (3.5-4.4)
3756,32,Male,Skirt,Clothing,99.0,Maine,S,White,Spring,4.7,No,Bank Transfer,No,11,Monthly,0,25-34,High,Occasional (6-15),1,30,0,0,High (4.5+)
3757,66,Male,Pants,Clothing,100.0,Minnesota,M,Teal,Spring,4.3,Yes,Venmo,No,7,Quarterly,0,65+,High,Occasional (6-15),0,90,0,1,Medium (3.5-4.4)
3758,49,Female,T-shirt,Clothing,89.0,Ohio,S,Red,Spring,2.9,No,Venmo,Yes,6,Quarterly,0,45-54,High,Occasional (6-15),0,90,1,0,Low (<3.5)
3759,37,Female,Hoodie,Outerwear,58.0,Nevada,L,Teal,Winter,4.6,Yes,Cash,Yes,42,Weekly,0,35-44,Mid-Low,Loyal (31+),1,7,1,1,High (4.5+)
3760,26,Male,Blouse,Clothing,42.0,Alabama,M,Teal,Winter,3.6,No,PayPal,Yes,31,Weekly,0,25-34,Mid-Low,Loyal (31+),1,7,1,0,Medium (3.5-4.4)
3761,59,Female,Coat,Outerwear,34.0,Idaho,L,Teal,Fall,2.7,No,Venmo,No,19,Weekly,0,55-64,Low,Regular (16-30),1,7,0,0,Low (<3.5)
3762,52,Male,Shorts,Clothing,50.0,Vermont,XL,Olive,Spring,2.9,Yes,Venmo,No,28,Every 3 Months,0,45-54,Mid-Low,Regular (16-30),1,90,0,1,Low (<3.5)
3763,63,Male,Socks,Clothing,47.0,California,M,Olive,Winter,2.7,No,Credit Card,No,28,Annually,0,55-64,Mid-Low,Regular (16-30),1,365,0,0,Low (<3.5)
3764,41,Male,Shorts,Clothing,42.0,Vermont,M,Gray,Winter,4.2,Yes,Credit Card,No,5,Bi-Weekly,0,35-44,Mid-Low,New (0-5),0,14,0,1,Medium (3.5-4.4)
3765,25,Male,Dress,Clothing,96.0,California,S,Olive,Summer,3.1,Yes,Cash,No,22,Weekly,0,25-34,High,Regular (16-30),1,7,0,1,Low (<3.5)
3766,35,Male,Scarf,Accessories,73.0,California,L,Blue,Fall,2.7,No,Debit Card,Yes,31,Weekly,0,35-44,Mid-High,Loyal (31+),1,7,1,0,Low (<3.5)
3767,50,Male,Sandals,Footwear,38.0,Utah,M,Pink,Fall,3.4,No,Cash,No,31,Monthly,0,45-54,Low,Loyal (31+),1,30,0,0,Low (<3.5)
3768,30,Female,Socks,Clothing,71.0,Vermont,XL,White,Fall,4.7,No,Cash,No,10,Quarterly,0,25-34,Mid-High,Occasional (6-15),1,90,0,0,High (4.5+)
3769,21,Male,Hat,Accessories,77.0,Utah,L,Red,Summer,4.1,No,Bank Transfer,No,47,Bi-Weekly,0,18-24,Mid-High,Loyal (31+),1,14,0,0,Medium (3.5-4.4)
3770,61,Male,Sunglasses,Accessories,62.0,Maine,L,Blue,Summer,3.7,No,PayPal,No,6,Quarterly,0,55-64,Mid-High,Occasional (6-15),0,90,0,0,Medium (3.5-4.4)
3771,46,Female,Jacket,Outerwear,96.0,Nevada,M,Pink,Summer,4.3,No,Cash,Yes,44,Fortnightly,0,45-54,High,Loyal (31+),1,14,1,0,Medium (3.5-4.4)
3772,39,Female,Hoodie,Outerwear,98.0,California,XL,Blue,Summer,2.7,No,Bank Transfer,No,50,Every 3 Months,0,35-44,High,Loyal (31+),1,90,0,0,Low (<3.5)
3773,47,Male,Backpack,Accessories,55.0,Texas,L,White,Winter,4.7,Yes,Venmo,No,38,Bi-Weekly,0,45-54,Mid-Low,Loyal (31+),1,14,0,1,High (4.5+)
3774,57,Female,Gloves,Accessories,58.0,Ohio,L,Pink,Winter,2.9,No,Credit Card,No,28,Annually,0,55-64,Mid-Low,Regular (16-30),1,365,0,0,Low (<3.5)
3775,18,Female,Gloves,Accessories,37.0,Oregon,M,Red,Spring,2.6,No,PayPal,No,10,Every 3 Months,0,18-24,Low,Occasional (6-15),1,90,0,0,Low (<3.5)
3776,41,Male,Slippers,Footwear,83.0,Montana,M,Olive,Spring,3.4,No,Bank Transfer,No,17,Monthly,0,35-44,High,Regular (16-30),1,30,0,0,Low (<3.5)
3777,31,Male,Backpack,Accessories,95.0,California,M,Teal,Summer,2.6,No,Debit Card,Yes,28,Annually,0,25-34,High,Regular (16-30),1,365,1,0,Low (<3.5)
3778,22,Male,Socks,Clothing,73.0,Texas,XL,Pink,Winter,2.9,No,Bank Transfer,No,5,Annually,0,18-24,Mid-High,New (0-5),0,365,0,0,Low (<3.5)
3779,19,Male,Gloves,Accessories,36.0,Georgia,L,Red,Fall,4.3,No,Cash,No,36,Fortnightly,0,18-24,Low,Loyal (31+),1,14,0,0,Medium (3.5-4.4)
3780,41,Male,Coat,Outerwear,61.0,Utah,L,White,Winter,3.5,No,Venmo,No,46,Quarterly,0,35-44,Mid-High,Loyal (31+),1,90,0,0,Medium (3.5-4.4)
3781,46,Male,T-shirt,Clothing,84.0,Texas,S,Teal,Fall,2.5,No,Credit Card,No,38,Quarterly,0,45-54,High,Loyal (31+),1,90,0,0,Low (<3.5)
3782,44,Female,Backpack,Accessories,23.0,Minnesota,L,Blue,Fall,4.1,No,Debit Card,No,48,Bi-Weekly,0,35-44,Low,Loyal (31+),1,14,0,0,Medium (3.5-4.4)
3783,59,Male,Jacket,Outerwear,67.0,Nevada,M,Pink,Fall,4.3,No,Venmo,No,24,Annually,0,55-64,Mid-High,Regular (16-30),1,365,0,0,Medium (3.5-4.4)
3784,42,Male,Sweater,Clothing,73.0,Ohio,L,Pink,Spring,4.8,Yes,Credit Card,No,13,Quarterly,0,35-44,Mid-High,Occasional (6-15),1,90,0,1,High (4.5+)
3785,49,Female,Sneakers,Footwear,63.0,Texas,S,Red,Spring,2.9,No,Bank Transfer,No,1,Every 3 Months,0,45-54,Mid-High,New (0-5),0,90,0,0,Low (<3.5)
3786,61,Female,Jacket,Outerwear,72.0,Illinois,XL,White,Fall,4.6,No,Cash,Yes,22,Fortnightly,0,55-64,Mid-High,Regular (16-30),1,14,1,0,High (4.5+)
3787,52,Female,Jacket,Outerwear,92.0,New York,L,Red,Summer,4.3,No,Bank Transfer,Yes,6,Annually,0,45-54,High,Occasional (6-15),0,365,1,0,Medium (3.5-4.4)
3788,66,Male,Dress,Clothing,30.0,Ohio,M,White,Fall,3.9,No,Bank Transfer,No,33,Annually,0,65+,Low,Loyal (31+),1,365,0,0,Medium (3.5-4.4)
3789,29,Male,Socks,Clothing,66.0,Georgia,M,Blue,Summer,3.2,No,Cash,No,41,Annually,0,25-34,Mid-High,Loyal (31+),1,365,0,0,Low (<3.5)
3790,59,Male,Backpack,Accessories,84.0,Maine,M,Red,Spring,3.6,No,Credit Card,No,6,Monthly,0,55-64,High,Occasional (6-15),0,30,0,0,Medium (3.5-4.4)
3791,54,Male,Dress,Clothing,86.0,Maine,M,Gray,Fall,3.0,No,Credit Card,Yes,26,Annually,0,45-54,High,Regular (16-30),1,365,1,0,Low (<3.5)
3792,48,Male,Sweater,Clothing,57.0,Illinois,S,White,Winter,4.3,No,PayPal,Yes,27,Weekly,0,45-54,Mid-Low,Regular (16-30),1,7,1,0,Medium (3.5-4.4)
3793,18,Female,Sweater,Clothing,100.0,New York,M,Pink,Summer,4.3,No,PayPal,Yes,16,Fortnightly,0,18-24,High,Regular (16-30),1,14,1,0,Medium (3.5-4.4)
3794,46,Male,Skirt,Clothing,46.0,Ohio,M,Black,Spring,3.0,No,Cash,Yes,11,Quarterly,0,45-54,Mid-Low,Occasional (6-15),1,90,1,0,Low (<3.5)
3795,63,Male,Boots,Footwear,55.0,Vermont,M,Teal,Summer,3.1,No,Bank Transfer,No,36,Every 3 Months,0,55-64,Mid-Low,Loyal (31+),1,90,0,0,Low (<3.5)
3796,52,Male,Gloves,Accessories,86.0,Minnesota,L,Blue,Winter,4.8,No,Debit Card,No,12,Weekly,0,45-54,High,Occasional (6-15),1,7,0,0,High (4.5+)
3797,18,Male,Hat,Accessories,55.0,Utah,M,Red,Summer,3.7,Yes,PayPal,No,2,Bi-Weekly,0,18-24,Mid-Low,New (0-5),0,14,0,1,Medium (3.5-4.4)
3798,33,Male,Handbag,Accessories,47.0,Oregon,S,Teal,Spring,3.9,No,Debit Card,Yes,31,Weekly,0,25-34,Mid-Low,Loyal (31+),1,7,1,0,Medium (3.5-4.4)
3799,48,Female,Skirt,Clothing,65.0,Florida,L,Olive,Winter,4.9,No,Credit Card,Yes,4,Weekly,0,45-54,Mid-High,New (0-5),0,7,1,0,High (4.5+)
3800,61,Male,Pants,Clothing,70.0,Oregon,M,Black,Spring,3.0,No,Credit Card,No,16,Weekly,0,55-64,Mid-High,Regular (16-30),1,7,0,0,Low (<3.5)
3801,41,Female,Socks,Clothing,98.0,Maine,L,Gray,Spring,4.1,No,Venmo,Yes,5,Annually,0,35-44,High,New (0-5),0,365,1,0,Medium (3.5-4.4)
3802,63,Male,Shirt,Clothing,70.0,Oregon,XL,Gray,Fall,4.4,No,PayPal,No,28,Annually,0,55-64,Mid-High,Regular (16-30),1,365,0,0,Medium (3.5-4.4)
3803,60,Male,T-shirt,Clothing,35.0,Florida,L,Teal,Summer,3.3,No,Cash,No,11,Quarterly,0,55-64,Low,Occasional (6-15),1,90,0,0,Low (<3.5)
3804,32,Female,Sweater,Clothing,24.0,New York,M,Gray,Spring,3.3,Yes,Debit Card,Yes,14,Weekly,0,25-34,Low,Occasional (6-15),1,7,1,1,Low (<3.5)
3805,28,Male,Sweater,Clothing,98.0,New York,M,Teal,Spring,4.7,No,Cash,No,20,Every 3 Months,0,25-34,High,Regular (16-30),1,90,0,0,High (4.5+)
3806,65,Male,T-shirt,Clothing,54.0,Texas,L,Gray,Spring,2.7,No,PayPal,No,25,Monthly,0,65+,Mid-Low,Regular (16-30),1,30,0,0,Low (<3.5)
3807,49,Male,Handbag,Accessories,36.0,Georgia,L,White,Spring,2.9,No,Bank Transfer,Yes,36,Every 3 Months,0,45-54,Low,Loyal (31+),1,90,1,0,Low (<3.5)
3808,62,Male,Hat,Accessories,38.0,Florida,M,Gray,Spring,3.5,Yes,PayPal,No,47,Monthly,0,55-64,Low,Loyal (31+),1,30,0,1,Medium (3.5-4.4)
3809,66,Male,Coat,Outerwear,28.0,Vermont,L,Teal,Summer,4.5,Yes,Venmo,Yes,31,Weekly,0,65+,Low,Loyal (31+),1,7,1,1,High (4.5+)
3810,40,Male,Hat,Accessories,36.0,Florida,L,Black,Winter,3.6,Yes,Credit Card,Yes,25,Annually,0,35-44,Low,Regular (16-30),1,365,1,1,Medium (3.5-4.4)
3811,20,Male,Sneakers,Footwear,83.0,New York,L,Red,Summer,3.2,No,Credit Card,Yes,30,Annually,0,18-24,High,Regular (16-30),1,365,1,0,Low (<3.5)
3812,66,Male,T-shirt,Clothing,73.0,Texas,S,Black,Spring,3.6,Yes,Debit Card,No,26,Annually,0,65+,Mid-High,Regular (16-30),1,365,0,1,Medium (3.5-4.4)
3813,48,Male,Slippers,Footwear,68.0,Texas,M,Pink,Winter,3.6,No,Bank Transfer,No,1,Quarterly,0,45-54,Mid-High,New (0-5),0,90,0,0,Medium (3.5-4.4)
3814,24,Female,T-shirt,Clothing,20.0,Georgia,M,Gray,Fall,4.3,No,Credit Card,No,25,Annually,0,18-24,Low,Regular (16-30),1,365,0,0,Medium (3.5-4.4)
3815,46,Female,T-shirt,Clothing,74.0,Alabama,M,Olive,Winter,4.7,No,Bank Transfer,No,38,Weekly,0,45-54,Mid-High,Loyal (31+),1,7,0,0,High (4.5+)
3816,19,Male,Socks,Clothing,98.0,Illinois,L,Teal,Fall,3.3,No,PayPal,Yes,43,Bi-Weekly,0,18-24,High,Loyal (31+),1,14,1,0,Low (<3.5)
3817,33,Male,Pants,Clothing,94.0,Illinois,M,Pink,Summer,4.3,No,Bank Transfer,No,5,Bi-Weekly,0,25-34,High,New (0-5),0,14,0,0,Medium (3.5-4.4)
3818,36,Male,Blouse,Clothing,52.0,Montana,M,Red,Fall,4.3,Yes,Venmo,No,35,Monthly,0,35-44,Mid-Low,Loyal (31+),1,30,0,1,Medium (3.5-4.4)
3819,42,Male,Belt,Accessories,68.0,Florida,M,Teal,Spring,4.4,No,Debit Card,No,6,Weekly,0,35-44,Mid-High,Occasional (6-15),0,7,0,0,Medium (3.5-4.4)
3820,47,Male,Backpack,Accessories,44.0,Vermont,L,Red,Summer,3.9,No,Credit Card,No,2,Every 3 Months,0,45-54,Mid-Low,New (0-5),0,90,0,0,Medium (3.5-4.4)
3821,62,Female,Backpack,Accessories,91.0,Texas,L,Teal,Summer,2.5,Yes,Credit Card,Yes,3,Bi-Weekly,0,55-64,High,New (0-5),0,14,1,1,Low (<3.5)
3822,36,Male,Hat,Accessories,94.0,Montana,L,Teal,Summer,4.1,No,Bank Transfer,No,6,Weekly,0,35-44,High,Occasional (6-15),0,7,0,0,Medium (3.5-4.4)
3823,56,Male,Boots,Footwear,38.0,Minnesota,XL,White,Winter,4.0,Yes,Credit Card,No,5,Fortnightly,0,55-64,Low,New (0-5),0,14,0,1,Medium (3.5-4.4)
3824,67,Male,Blouse,Clothing,59.0,Utah,XL,Pink,Winter,4.0,Yes,Bank Transfer,No,29,Weekly,0,65+,Mid-Low,Regular (16-30),1,7,0,1,Medium (3.5-4.4)
3825,57,Female,Handbag,Accessories,39.0,Montana,M,Olive,Summer,3.2,No,Credit Card,No,47,Quarterly,0,55-64,Low,Loyal (31+),1,90,0,0,Low (<3.5)
3826,31,Male,Boots,Footwear,69.0,Texas,S,Pink,Winter,2.7,No,Venmo,No,39,Annually,0,25-34,Mid-High,Loyal (31+),1,365,0,0,Low (<3.5)
3827,53,Male,Skirt,Clothing,43.0,Nevada,L,White,Spring,3.0,Yes,Cash,Yes,37,Weekly,0,45-54,Mid-Low,Loyal (31+),1,7,1,1,Low (<3.5)
3828,32,Female,T-shirt,Clothing,76.0,Utah,L,Gray,Winter,3.0,No,Cash,Yes,6,Weekly,0,25-34,Mid-High,Occasional (6-15),0,7,1,0,Low (<3.5)
3829,43,Male,Coat,Outerwear,99.0,Ohio,M,White,Fall,2.9,Yes,Debit Card,Yes,47,Annually,0,35-44,High,Loyal (31+),1,365,1,1,Low (<3.5)
3830,51,Male,Hat,Accessories,90.0,Texas,XL,Teal,Fall,3.1,No,Credit Card,Yes,26,Bi-Weekly,0,45-54,High,Regular (16-30),1,14,1,0,Low (<3.5)
3831,33,Male,Boots,Footwear,34.0,Oregon,M,Pink,Fall,2.7,Yes,Cash,Yes,2,Weekly,0,25-34,Low,New (0-5),0,7,1,1,Low (<3.5)
3832,18,Male,Backpack,Accessories,30.0,Georgia,XL,Gray,Winter,3.2,Yes,Venmo,No,33,Fortnightly,0,18-24,Low,Loyal (31+),1,14,0,1,Low (<3.5)
3833,62,Male,Jeans,Clothing,85.0,Ohio,M,White,Fall,5.0,No,Cash,Yes,36,Quarterly,0,55-64,High,Loyal (31+),1,90,1,0,High (4.5+)
3834,56,Male,Sneakers,Footwear,26.0,Oregon,S,Olive,Winter,3.8,No,PayPal,Yes,21,Weekly,0,55-64,Low,Regular (16-30),1,7,1,0,Medium (3.5-4.4)
3835,24,Male,Shirt,Clothing,52.0,Maine,L,Red,Fall,3.4,No,Credit Card,No,36,Bi-Weekly,0,18-24,Mid-Low,Loyal (31+),1,14,0,0,Low (<3.5)
3836,38,Male,Jeans,Clothing,100.0,Ohio,L,Pink,Summer,4.3,No,Venmo,No,35,Annually,0,35-44,High,Loyal (31+),1,365,0,0,Medium (3.5-4.4)
3837,31,Female,Belt,Accessories,56.0,Oregon,L,Black,Spring,3.7,Yes,Credit Card,Yes,30,Monthly,0,25-34,Mid-Low,Regular (16-30),1,30,1,1,Medium (3.5-4.4)
3838,69,Female,Pants,Clothing,20.0,Minnesota,M,Red,Winter,2.6,No,Credit Card,No,18,Fortnightly,0,65+,Low,Regular (16-30),1,14,0,0,Low (<3.5)
3839,67,Female,Belt,Accessories,99.0,Minnesota,M,Blue,Spring,3.9,Yes,PayPal,No,50,Every 3 Months,0,65+,High,Loyal (31+),1,90,0,1,Medium (3.5-4.4)
3840,54,Female,Shirt,Clothing,77.0,Montana,M,Teal,Spring,3.3,No,Debit Card,No,32,Monthly,0,45-54,Mid-High,Loyal (31+),1,30,0,0,Low (<3.5)
3841,41,Female,Hat,Accessories,46.0,Florida,S,Blue,Spring,3.9,Yes,Credit Card,No,24,Bi-Weekly,0,35-44,Mid-Low,Regular (16-30),1,14,0,1,Medium (3.5-4.4)
3842,20,Male,Handbag,Accessories,69.0,Alabama,S,Teal,Spring,2.9,Yes,PayPal,No,39,Fortnightly,0,18-24,Mid-High,Loyal (31+),1,14,0,1,Low (<3.5)
3843,31,Male,Belt,Accessories,69.0,Georgia,M,Teal,Spring,3.7,Yes,Credit Card,Yes,13,Every 3 Months,0,25-34,Mid-High,Occasional (6-15),1,90,1,1,Medium (3.5-4.4)
3844,22,Male,Backpack,Accessories,64.0,Vermont,M,Gray,Summer,3.0,Yes,Venmo,No,48,Monthly,0,18-24,Mid-High,Loyal (31+),1,30,0,1,Low (<3.5)
3845,59,Male,Coat,Outerwear,97.0,Utah,S,White,Summer,3.2,No,PayPal,Yes,37,Monthly,0,55-64,High,Loyal (31+),1,30,1,0,Low (<3.5)
3846,22,Male,Boots,Footwear,83.0,Alabama,M,White,Summer,4.2,No,Credit Card,Yes,32,Every 3 Months,0,18-24,High,Loyal (31+),1,90,1,0,Medium (3.5-4.4)
3847,53,Male,Jewelry,Accessories,40.0,Florida,M,Black,Summer,3.1,No,PayPal,No,14,Bi-Weekly,0,45-54,Mid-Low,Occasional (6-15),1,14,0,0,Low (<3.5)
3848,68,Male,Sunglasses,Accessories,100.0,Maine,M,Pink,Summer,3.5,Yes,PayPal,No,18,Quarterly,0,65+,High,Regular (16-30),1,90,0,1,Medium (3.5-4.4)
3849,34,Male,Shirt,Clothing,97.0,Ohio,XL,Olive,Spring,2.7,No,Credit Card,Yes,48,Fortnightly,0,25-34,High,Loyal (31+),1,14,1,0,Low (<3.5)
3850,54,Female,Pants,Clothing,23.0,Ohio,XL,Blue,Fall,4.2,No,Cash,Yes,37,Quarterly,0,45-54,Low,Loyal (31+),1,90,1,0,Medium (3.5-4.4)
3851,64,Male,Shirt,Clothing,44.0,Nevada,L,Olive,Summer,3.8,Yes,Venmo,No,6,Monthly,0,55-64,Mid-Low,Occasional (6-15),0,30,0,1,Medium (3.5-4.4)
3852,40,Male,Dress,Clothing,69.0,Alabama,S,Gray,Fall,4.5,Yes,Cash,No,41,Monthly,0,35-44,Mid-High,Loyal (31+),1,30,0,1,High (4.5+)
3853,41,Male,Shirt,Clothing,91.0,Texas,L,Pink,Spring,3.8,Yes,Cash,No,6,Bi-Weekly,0,35-44,High,Occasional (6-15),0,14,0,1,Medium (3.5-4.4)
3854,28,Male,Sweater,Clothing,78.0,Vermont,M,Black,Winter,5.0,Yes,Bank Transfer,Yes,21,Weekly,0,25-34,Mid-High,Regular (16-30),1,7,1,1,High (4.5+)
3855,40,Male,Handbag,Accessories,66.0,Illinois,M,White,Fall,3.1,No,PayPal,Yes,21,Annually,0,35-44,Mid-High,Regular (16-30),1,365,1,0,Low (<3.5)
3856,64,Male,Jeans,Clothing,44.0,Montana,XL,Pink,Summer,4.4,Yes,Cash,Yes,19,Bi-Weekly,0,55-64,Mid-Low,Regular (16-30),1,14,1,1,Medium (3.5-4.4)
3857,53,Male,Belt,Accessories,27.0,Montana,M,Blue,Summer,3.6,No,Venmo,No,25,Every 3 Months,0,45-54,Low,Regular (16-30),1,90,0,0,Medium (3.5-4.4)
3858,28,Male,Skirt,Clothing,92.0,Texas,XL,Teal,Summer,3.4,No,Credit Card,No,8,Annually,0,25-34,High,Occasional (6-15),0,365,0,0,Low (<3.5)
3859,45,Male,Hat,Accessories,63.0,Alabama,L,Teal,Winter,4.3,No,Bank Transfer,No,34,Monthly,0,45-54,Mid-High,Loyal (31+),1,30,0,0,Medium (3.5-4.4)
3860,55,Female,T-shirt,Clothing,57.0,Nevada,M,Black,Fall,4.9,Yes,Venmo,No,34,Every 3 Months,0,55-64,Mid-Low,Loyal (31+),1,90,0,1,High (4.5+)
3861,22,Female,Sneakers,Footwear,99.0,Vermont,S,Red,Summer,4.4,No,Debit Card,Yes,43,Monthly,0,18-24,High,Loyal (31+),1,30,1,0,Medium (3.5-4.4)
3862,58,Male,Sweater,Clothing,33.0,California,L,Olive,Fall,3.3,No,PayPal,Yes,23,Weekly,0,55-64,Low,Regular (16-30),1,7,1,0,Low (<3.5)
3863,28,Male,Gloves,Accessories,40.0,Idaho,M,White,Spring,3.8,No,Debit Card,Yes,27,Annually,0,25-34,Mid-Low,Regular (16-30),1,365,1,0,Medium (3.5-4.4)
3864,33,Male,Jeans,Clothing,89.0,Illinois,S,Pink,Winter,3.0,Yes,Bank Transfer,No,7,Every 3 Months,0,25-34,High,Occasional (6-15),0,90,0,1,Low (<3.5)
3865,40,Female,Hoodie,Outerwear,43.0,Nevada,S,Black,Fall,4.1,Yes,Venmo,No,18,Monthly,0,35-44,Mid-Low,Regular (16-30),1,30,0,1,Medium (3.5-4.4)
3866,44,Male,Pants,Clothing,96.0,Oregon,XL,Black,Summer,3.5,No,PayPal,No,29,Every 3 Months,0,35-44,High,Regular (16-30),1,90,0,0,Medium (3.5-4.4)
3867,66,Female,Sneakers,Footwear,89.0,Idaho,M,Gray,Fall,3.1,Yes,Debit Card,Yes,21,Quarterly,0,65+,High,Regular (16-30),1,90,1,1,Low (<3.5)
3868,29,Female,Sweater,Clothing,28.0,California,XL,White,Spring,2.6,Yes,Bank Transfer,No,50,Every 3 Months,0,25-34,Low,Loyal (31+),1,90,0,1,Low (<3.5)
3869,31,Male,Hat,Accessories,57.0,California,L,Olive,Summer,4.8,No,Debit Card,Yes,14,Weekly,0,25-34,Mid-Low,Occasional (6-15),1,7,1,0,High (4.5+)
3870,38,Male,Shoes,Footwear,80.0,Maine,M,Red,Winter,2.7,No,Venmo,Yes,3,Every 3 Months,0,35-44,Mid-High,New (0-5),0,90,1,0,Low (<3.5)
3871,63,Male,Jeans,Clothing,59.0,Montana,M,Blue,Winter,3.3,No,Cash,Yes,44,Fortnightly,0,55-64,Mid-Low,Loyal (31+),1,14,1,0,Low (<3.5)
3872,69,Male,Blouse,Clothing,37.0,Florida,L,Pink,Spring,3.0,Yes,PayPal,Yes,26,Annually,0,65+,Low,Regular (16-30),1,365,1,1,Low (<3.5)
3873,42,Male,Shorts,Clothing,23.0,Texas,M,White,Fall,3.7,Yes,Debit Card,Yes,4,Annually,0,35-44,Low,New (0-5),0,365,1,1,Medium (3.5-4.4)
3874,54,Female,Socks,Clothing,20.0,California,S,Red,Fall,3.0,Yes,Cash,Yes,47,Weekly,0,45-54,Low,Loyal (31+),1,7,1,1,Low (<3.5)
3875,66,Male,Hoodie,Outerwear,34.0,Ohio,M,White,Fall,4.3,No,PayPal,No,11,Quarterly,0,65+,Low,Occasional (6-15),1,90,0,0,Medium (3.5-4.4)
3876,62,Male,Skirt,Clothing,41.0,Alabama,L,White,Summer,3.1,No,Cash,No,48,Bi-Weekly,0,55-64,Mid-Low,Loyal (31+),1,14,0,0,Low (<3.5)
3877,54,Male,Socks,Clothing,44.0,Ohio,L,White,Fall,3.0,No,Credit Card,No,18,Fortnightly,0,45-54,Mid-Low,Regular (16-30),1,14,0,0,Low (<3.5)
3878,46,Female,Coat,Outerwear,89.0,Idaho,M,Blue,Summer,3.0,No,Venmo,No,18,Annually,0,45-54,High,Regular (16-30),1,365,0,0,Low (<3.5)
3879,70,Male,Blouse,Clothing,61.0,Florida,M,Red,Winter,3.2,No,Venmo,No,11,Bi-Weekly,0,65+,Mid-High,Occasional (6-15),1,14,0,0,Low (<3.5)
3880,30,Male,Dress,Clothing,31.0,Maine,M,Red,Winter,4.1,Yes,Cash,No,9,Monthly,0,25-34,Low,Occasional (6-15),0,30,0,1,Medium (3.5-4.4)
3881,37,Male,Belt,Accessories,26.0,Montana,L,White,Winter,3.0,No,Debit Card,Yes,41,Bi-Weekly,0,35-44,Low,Loyal (31+),1,14,1,0,Low (<3.5)
3882,55,Male,Scarf,Accessories,30.0,Ohio,S,Black,Summer,4.2,No,Venmo,No,22,Quarterly,0,55-64,Low,Regular (16-30),1,90,0,0,Medium (3.5-4.4)
3883,19,Female,Gloves,Accessories,45.0,Florida,XL,Black,Fall,3.6,No,Cash,Yes,28,Fortnightly,0,18-24,Mid-Low,Regular (16-30),1,14,1,0,Medium (3.5-4.4)
3884,44,Female,Sneakers,Footwear,79.0,Montana,L,Olive,Spring,3.0,No,Debit Card,No,16,Bi-Weekly,0,35-44,Mid-High,Regular (16-30),1,14,0,0,Low (<3.5)
3885,63,Female,Coat,Outerwear,24.0,Oregon,M,Teal,Winter,3.1,No,Credit Card,No,22,Quarterly,0,55-64,Low,Regular (16-30),1,90,0,0,Low (<3.5)
3886,27,Female,Jeans,Clothing,52.0,Ohio,L,Black,Winter,3.8,No,Venmo,Yes,25,Fortnightly,0,25-34,Mid-Low,Regular (16-30),1,14,1,0,Medium (3.5-4.4)
3887,60,Male,Coat,Outerwear,56.0,Alabama,L,Black,Winter,3.4,Yes,Credit Card,Yes,16,Every 3 Months,0,55-64,Mid-Low,Regular (16-30),1,90,1,1,Low (<3.5)
3888,39,Male,Hat,Accessories,32.0,Nevada,L,Pink,Spring,3.8,No,Venmo,No,30,Annually,0,35-44,Low,Regular (16-30),1,365,0,0,Medium (3.5-4.4)
3889,63,Male,Jacket,Outerwear,24.0,Florida,S,Olive,Summer,4.5,No,Credit Card,No,24,Quarterly,0,55-64,Low,Regular (16-30),1,90,0,0,High (4.5+)
3890,51,Male,Shirt,Clothing,38.0,Florida,XL,Olive,Summer,2.6,No,Bank Transfer,No,39,Bi-Weekly,0,45-54,Low,Loyal (31+),1,14,0,0,Low (<3.5)
3891,26,Male,Dress,Clothing,32.0,Maine,M,White,Winter,3.5,No,Credit Card,Yes,39,Fortnightly,0,25-34,Low,Loyal (31+),1,14,1,0,Medium (3.5-4.4)
3892,56,Female,Gloves,Accessories,84.0,Montana,L,Pink,Fall,3.5,No,Cash,Yes,32,Monthly,0,55-64,High,Loyal (31+),1,30,1,0,Medium (3.5-4.4)
3893,20,Male,Boots,Footwear,94.0,Maine,M,Gray,Fall,3.1,No,Venmo,No,6,Monthly,0,18-24,High,Occasional (6-15),0,30,0,0,Low (<3.5)
3894,30,Male,Slippers,Footwear,70.0,Montana,M,White,Summer,3.6,No,Cash,Yes,45,Fortnightly,0,25-34,Mid-High,Loyal (31+),1,14,1,0,Medium (3.5-4.4)
3895,65,Male,Hoodie,Outerwear,81.0,Florida,XL,Black,Spring,3.9,No,PayPal,Yes,35,Bi-Weekly,0,65+,High,Loyal (31+),1,14,1,0,Medium (3.5-4.4)
3896,64,Female,Sunglasses,Accessories,81.0,Minnesota,M,Gray,Fall,4.0,No,PayPal,Yes,37,Annually,0,55-64,High,Loyal (31+),1,365,1,0,Medium (3.5-4.4)
3897,20,Female,T-shirt,Clothing,91.0,California,S,Pink,Fall,4.2,No,Bank Transfer,No,33,Fortnightly,0,18-24,High,Loyal (31+),1,14,0,0,Medium (3.5-4.4)
3898,38,Male,Dress,Clothing,27.0,Oregon,L,Pink,Summer,2.7,No,Credit Card,Yes,26,Fortnightly,0,35-44,Low,Regular (16-30),1,14,1,0,Low (<3.5)
3899,22,Female,Shorts,Clothing,100.0,Ohio,M,Gray,Fall,3.7,No,Debit Card,Yes,29,Bi-Weekly,0,18-24,High,Regular (16-30),1,14,1,0,Medium (3.5-4.4)
3900,32,Female,T-shirt,Clothing,57.0,Florida,L,Gray,Summer,4.4,No,PayPal,Yes,6,Annually,0,25-34,Mid-Low,Occasional (6-15),0,365,1,0,Medium (3.5-4.4)
